area_code,area_name,element_code,element_name,unit,year,value,flag,flag_description
24,Angola,5312,Area harvested,ha,1961,350000.0,A,Official value
24,Angola,5412,Yield,kg/ha,1961,481.7,A,Official value
24,Angola,5510,Production,t,1961,168600.0,A,Official value
24,Angola,5312,Area harvested,ha,1962,500000.0,A,Official value
24,Angola,5412,Yield,kg/ha,1962,370.0,A,Official value
24,Angola,5510,Production,t,1962,185000.0,A,Official value
24,Angola,5510,Production,t,1963,168300.0,A,Official value
24,Angola,5510,Production,t,1964,198200.0,A,Official value
24,Angola,5510,Production,t,1965,205000.0,A,Official value
24,Angola,5510,Production,t,1966,225700.0,A,Official value
24,Angola,5510,Production,t,1967,235200.0,A,Official value
24,Angola,5510,Production,t,1968,198000.0,A,Official value
24,Angola,5510,Production,t,1969,215000.0,A,Official value
24,Angola,5510,Production,t,1970,204000.0,A,Official value
24,Angola,5510,Production,t,1971,228000.0,A,Official value
24,Angola,5510,Production,t,1972,225000.0,A,Official value
24,Angola,5510,Production,t,1973,210000.0,A,Official value
24,Angola,5510,Production,t,1974,224772.0,A,Official value
24,Angola,5510,Production,t,1986,14800.0,A,Official value
24,Angola,5510,Production,t,1987,8700.0,A,Official value
24,Angola,5510,Production,t,1988,11000.0,A,Official value
24,Angola,5510,Production,t,1989,10000.0,A,Official value
24,Angola,5510,Production,t,1990,5000.0,A,Official value
24,Angola,5510,Production,t,1991,5000.0,A,Official value
24,Angola,5510,Production,t,1992,5000.0,A,Official value
24,Angola,5510,Production,t,1993,4620.0,A,Official value
24,Angola,5312,Area harvested,ha,2007,21894.0,A,Official value
24,Angola,5412,Yield,kg/ha,2007,526.3,A,Official value
24,Angola,5510,Production,t,2007,11523.0,A,Official value
24,Angola,5510,Production,t,2008,4000.0,A,Official value
24,Angola,5312,Area harvested,ha,2009,45189.0,A,Official value
24,Angola,5412,Yield,kg/ha,2009,265.2,A,Official value
24,Angola,5510,Production,t,2009,11982.0,A,Official value
24,Angola,5312,Area harvested,ha,2010,29052.0,A,Official value
24,Angola,5412,Yield,kg/ha,2010,342.5,A,Official value
24,Angola,5510,Production,t,2010,9951.0,A,Official value
24,Angola,5510,Production,t,2011,10192.0,A,Official value
24,Angola,5312,Area harvested,ha,2013,40707.0,A,Official value
24,Angola,5412,Yield,kg/ha,2013,308.3,A,Official value
24,Angola,5510,Production,t,2013,12550.0,A,Official value
24,Angola,5312,Area harvested,ha,2014,52200.0,A,Official value
24,Angola,5412,Yield,kg/ha,2014,287.5,A,Official value
24,Angola,5510,Production,t,2014,15009.0,A,Official value
24,Angola,5312,Area harvested,ha,2015,52200.0,A,Official value
24,Angola,5412,Yield,kg/ha,2015,287.4,A,Official value
24,Angola,5510,Production,t,2015,15000.0,A,Official value
24,Angola,5510,Production,t,2021,10304.0,A,Official value
24,Angola,5510,Production,t,2022,5206.0,A,Official value
24,Angola,5510,Production,t,2023,6229.0,A,Official value
24,Angola,5510,Production,t,2024,7584.0,A,Official value
84,Belize,5510,Production,t,1998,93.0,A,Official value
84,Belize,5312,Area harvested,ha,1999,40.0,A,Official value
84,Belize,5412,Yield,kg/ha,1999,1750.0,A,Official value
84,Belize,5510,Production,t,1999,70.0,A,Official value
84,Belize,5510,Production,t,2001,229.0,A,Official value
84,Belize,5510,Production,t,2002,227.0,A,Official value
84,Belize,5510,Production,t,2003,229.0,A,Official value
84,Belize,5510,Production,t,2004,231.0,A,Official value
84,Belize,5510,Production,t,2005,54.0,A,Official value
84,Belize,5312,Area harvested,ha,2006,40.0,A,Official value
84,Belize,5412,Yield,kg/ha,2006,2375.0,A,Official value
84,Belize,5510,Production,t,2006,95.0,A,Official value
84,Belize,5312,Area harvested,ha,2007,45.0,A,Official value
84,Belize,5412,Yield,kg/ha,2007,1000.0,A,Official value
84,Belize,5510,Production,t,2007,45.0,A,Official value
204,Benin,5312,Area harvested,ha,1962,5000.0,A,Official value
204,Benin,5312,Area harvested,ha,1963,5000.0,A,Official value
204,Benin,5312,Area harvested,ha,1964,5000.0,A,Official value
204,Benin,5312,Area harvested,ha,1969,5000.0,A,Official value
204,Benin,5312,Area harvested,ha,1970,5000.0,A,Official value
204,Benin,5312,Area harvested,ha,1971,5000.0,A,Official value
68,Bolivia (Plurinational State of),5312,Area harvested,ha,1961,6000.0,A,Official value
68,Bolivia (Plurinational State of),5312,Area harvested,ha,1962,6000.0,A,Official value
68,Bolivia (Plurinational State of),5312,Area harvested,ha,1963,6377.0,A,Official value
68,Bolivia (Plurinational State of),5412,Yield,kg/ha,1963,690.0,A,Official value
68,Bolivia (Plurinational State of),5510,Production,t,1963,4400.0,A,Official value
68,Bolivia (Plurinational State of),5312,Area harvested,ha,1964,10724.0,A,Official value
68,Bolivia (Plurinational State of),5412,Yield,kg/ha,1964,690.0,A,Official value
68,Bolivia (Plurinational State of),5510,Production,t,1964,7400.0,A,Official value
68,Bolivia (Plurinational State of),5312,Area harvested,ha,1965,6811.0,A,Official value
68,Bolivia (Plurinational State of),5412,Yield,kg/ha,1965,690.1,A,Official value
68,Bolivia (Plurinational State of),5510,Production,t,1965,4700.0,A,Official value
68,Bolivia (Plurinational State of),5312,Area harvested,ha,1966,11590.0,A,Official value
68,Bolivia (Plurinational State of),5412,Yield,kg/ha,1966,664.4,A,Official value
68,Bolivia (Plurinational State of),5510,Production,t,1966,7700.0,A,Official value
68,Bolivia (Plurinational State of),5312,Area harvested,ha,1967,10415.0,A,Official value
68,Bolivia (Plurinational State of),5412,Yield,kg/ha,1967,787.3,A,Official value
68,Bolivia (Plurinational State of),5510,Production,t,1967,8200.0,A,Official value
68,Bolivia (Plurinational State of),5312,Area harvested,ha,1968,12010.0,A,Official value
68,Bolivia (Plurinational State of),5412,Yield,kg/ha,1968,791.0,A,Official value
68,Bolivia (Plurinational State of),5510,Production,t,1968,9500.0,A,Official value
68,Bolivia (Plurinational State of),5312,Area harvested,ha,1969,12150.0,A,Official value
68,Bolivia (Plurinational State of),5412,Yield,kg/ha,1969,831.3,A,Official value
68,Bolivia (Plurinational State of),5510,Production,t,1969,10100.0,A,Official value
68,Bolivia (Plurinational State of),5312,Area harvested,ha,1970,13400.0,A,Official value
68,Bolivia (Plurinational State of),5412,Yield,kg/ha,1970,835.8,A,Official value
68,Bolivia (Plurinational State of),5510,Production,t,1970,11200.0,A,Official value
68,Bolivia (Plurinational State of),5312,Area harvested,ha,1971,14740.0,A,Official value
68,Bolivia (Plurinational State of),5412,Yield,kg/ha,1971,841.2,A,Official value
68,Bolivia (Plurinational State of),5510,Production,t,1971,12400.0,A,Official value
68,Bolivia (Plurinational State of),5312,Area harvested,ha,1972,15410.0,A,Official value
68,Bolivia (Plurinational State of),5412,Yield,kg/ha,1972,843.6,A,Official value
68,Bolivia (Plurinational State of),5510,Production,t,1972,13000.0,A,Official value
68,Bolivia (Plurinational State of),5312,Area harvested,ha,1973,16100.0,A,Official value
68,Bolivia (Plurinational State of),5412,Yield,kg/ha,1973,832.3,A,Official value
68,Bolivia (Plurinational State of),5510,Production,t,1973,13400.0,A,Official value
68,Bolivia (Plurinational State of),5312,Area harvested,ha,1974,16700.0,A,Official value
68,Bolivia (Plurinational State of),5412,Yield,kg/ha,1974,830.5,A,Official value
68,Bolivia (Plurinational State of),5510,Production,t,1974,13870.0,A,Official value
68,Bolivia (Plurinational State of),5312,Area harvested,ha,1975,17300.0,A,Official value
68,Bolivia (Plurinational State of),5412,Yield,kg/ha,1975,861.3,A,Official value
68,Bolivia (Plurinational State of),5510,Production,t,1975,14900.0,A,Official value
68,Bolivia (Plurinational State of),5312,Area harvested,ha,1976,20600.0,A,Official value
68,Bolivia (Plurinational State of),5412,Yield,kg/ha,1976,711.8,A,Official value
68,Bolivia (Plurinational State of),5510,Production,t,1976,14664.0,A,Official value
68,Bolivia (Plurinational State of),5312,Area harvested,ha,1977,18750.0,A,Official value
68,Bolivia (Plurinational State of),5412,Yield,kg/ha,1977,713.2,A,Official value
68,Bolivia (Plurinational State of),5510,Production,t,1977,13372.0,A,Official value
68,Bolivia (Plurinational State of),5312,Area harvested,ha,1978,19510.0,A,Official value
68,Bolivia (Plurinational State of),5412,Yield,kg/ha,1978,688.1,A,Official value
68,Bolivia (Plurinational State of),5510,Production,t,1978,13424.0,A,Official value
68,Bolivia (Plurinational State of),5312,Area harvested,ha,1979,22295.0,A,Official value
68,Bolivia (Plurinational State of),5412,Yield,kg/ha,1979,704.2,A,Official value
68,Bolivia (Plurinational State of),5510,Production,t,1979,15700.0,A,Official value
68,Bolivia (Plurinational State of),5312,Area harvested,ha,1980,22865.0,A,Official value
68,Bolivia (Plurinational State of),5412,Yield,kg/ha,1980,898.3,A,Official value
68,Bolivia (Plurinational State of),5510,Production,t,1980,20540.0,A,Official value
68,Bolivia (Plurinational State of),5312,Area harvested,ha,1981,23500.0,A,Official value
68,Bolivia (Plurinational State of),5412,Yield,kg/ha,1981,907.4,A,Official value
68,Bolivia (Plurinational State of),5510,Production,t,1981,21325.0,A,Official value
68,Bolivia (Plurinational State of),5312,Area harvested,ha,1982,23545.0,A,Official value
68,Bolivia (Plurinational State of),5412,Yield,kg/ha,1982,899.5,A,Official value
68,Bolivia (Plurinational State of),5510,Production,t,1982,21179.0,A,Official value
68,Bolivia (Plurinational State of),5312,Area harvested,ha,1983,23520.0,A,Official value
68,Bolivia (Plurinational State of),5412,Yield,kg/ha,1983,898.9,A,Official value
68,Bolivia (Plurinational State of),5510,Production,t,1983,21141.0,A,Official value
68,Bolivia (Plurinational State of),5312,Area harvested,ha,1984,25364.0,A,Official value
68,Bolivia (Plurinational State of),5412,Yield,kg/ha,1984,850.3,A,Official value
68,Bolivia (Plurinational State of),5510,Production,t,1984,21566.0,A,Official value
68,Bolivia (Plurinational State of),5312,Area harvested,ha,1985,27730.0,A,Official value
68,Bolivia (Plurinational State of),5412,Yield,kg/ha,1985,842.4,A,Official value
68,Bolivia (Plurinational State of),5510,Production,t,1985,23361.0,A,Official value
68,Bolivia (Plurinational State of),5312,Area harvested,ha,1986,28636.0,A,Official value
68,Bolivia (Plurinational State of),5412,Yield,kg/ha,1986,843.4,A,Official value
68,Bolivia (Plurinational State of),5510,Production,t,1986,24153.0,A,Official value
68,Bolivia (Plurinational State of),5312,Area harvested,ha,1987,28000.0,A,Official value
68,Bolivia (Plurinational State of),5412,Yield,kg/ha,1987,900.0,A,Official value
68,Bolivia (Plurinational State of),5510,Production,t,1987,25200.0,A,Official value
68,Bolivia (Plurinational State of),5312,Area harvested,ha,1988,28929.0,A,Official value
68,Bolivia (Plurinational State of),5412,Yield,kg/ha,1988,879.7,A,Official value
68,Bolivia (Plurinational State of),5510,Production,t,1988,25450.0,A,Official value
68,Bolivia (Plurinational State of),5312,Area harvested,ha,1989,30248.0,A,Official value
68,Bolivia (Plurinational State of),5412,Yield,kg/ha,1989,884.0,A,Official value
68,Bolivia (Plurinational State of),5510,Production,t,1989,26740.0,A,Official value
68,Bolivia (Plurinational State of),5312,Area harvested,ha,1990,27547.0,A,Official value
68,Bolivia (Plurinational State of),5412,Yield,kg/ha,1990,885.0,A,Official value
68,Bolivia (Plurinational State of),5510,Production,t,1990,24378.0,A,Official value
68,Bolivia (Plurinational State of),5312,Area harvested,ha,1991,22092.0,A,Official value
68,Bolivia (Plurinational State of),5412,Yield,kg/ha,1991,636.9,A,Official value
68,Bolivia (Plurinational State of),5510,Production,t,1991,14071.0,A,Official value
68,Bolivia (Plurinational State of),5312,Area harvested,ha,1992,22136.0,A,Official value
68,Bolivia (Plurinational State of),5412,Yield,kg/ha,1992,685.7,A,Official value
68,Bolivia (Plurinational State of),5510,Production,t,1992,15179.0,A,Official value
68,Bolivia (Plurinational State of),5312,Area harvested,ha,1993,23113.0,A,Official value
68,Bolivia (Plurinational State of),5412,Yield,kg/ha,1993,569.1,A,Official value
68,Bolivia (Plurinational State of),5510,Production,t,1993,13153.0,A,Official value
68,Bolivia (Plurinational State of),5312,Area harvested,ha,1994,23447.0,A,Official value
68,Bolivia (Plurinational State of),5412,Yield,kg/ha,1994,819.6,A,Official value
68,Bolivia (Plurinational State of),5510,Production,t,1994,19216.0,A,Official value
68,Bolivia (Plurinational State of),5312,Area harvested,ha,1995,23527.0,A,Official value
68,Bolivia (Plurinational State of),5412,Yield,kg/ha,1995,863.8,A,Official value
68,Bolivia (Plurinational State of),5510,Production,t,1995,20323.0,A,Official value
68,Bolivia (Plurinational State of),5312,Area harvested,ha,1996,23594.0,A,Official value
68,Bolivia (Plurinational State of),5412,Yield,kg/ha,1996,933.1,A,Official value
68,Bolivia (Plurinational State of),5510,Production,t,1996,22015.0,A,Official value
68,Bolivia (Plurinational State of),5312,Area harvested,ha,1997,23684.0,A,Official value
68,Bolivia (Plurinational State of),5412,Yield,kg/ha,1997,954.6,A,Official value
68,Bolivia (Plurinational State of),5510,Production,t,1997,22608.0,A,Official value
68,Bolivia (Plurinational State of),5312,Area harvested,ha,1998,23601.0,A,Official value
68,Bolivia (Plurinational State of),5412,Yield,kg/ha,1998,954.7,A,Official value
68,Bolivia (Plurinational State of),5510,Production,t,1998,22532.0,A,Official value
68,Bolivia (Plurinational State of),5312,Area harvested,ha,1999,24273.0,A,Official value
68,Bolivia (Plurinational State of),5412,Yield,kg/ha,1999,1109.5,A,Official value
68,Bolivia (Plurinational State of),5510,Production,t,1999,26931.0,A,Official value
68,Bolivia (Plurinational State of),5312,Area harvested,ha,2000,24404.0,A,Official value
68,Bolivia (Plurinational State of),5412,Yield,kg/ha,2000,1134.9,A,Official value
68,Bolivia (Plurinational State of),5510,Production,t,2000,27696.0,A,Official value
68,Bolivia (Plurinational State of),5312,Area harvested,ha,2001,24691.0,A,Official value
68,Bolivia (Plurinational State of),5412,Yield,kg/ha,2001,975.5,A,Official value
68,Bolivia (Plurinational State of),5510,Production,t,2001,24086.0,A,Official value
68,Bolivia (Plurinational State of),5312,Area harvested,ha,2002,24845.0,A,Official value
68,Bolivia (Plurinational State of),5412,Yield,kg/ha,2002,986.6,A,Official value
68,Bolivia (Plurinational State of),5510,Production,t,2002,24513.0,A,Official value
68,Bolivia (Plurinational State of),5312,Area harvested,ha,2003,25020.0,A,Official value
68,Bolivia (Plurinational State of),5412,Yield,kg/ha,2003,987.2,A,Official value
68,Bolivia (Plurinational State of),5510,Production,t,2003,24700.0,A,Official value
68,Bolivia (Plurinational State of),5312,Area harvested,ha,2004,25129.0,A,Official value
68,Bolivia (Plurinational State of),5412,Yield,kg/ha,2004,976.8,A,Official value
68,Bolivia (Plurinational State of),5510,Production,t,2004,24546.0,A,Official value
68,Bolivia (Plurinational State of),5312,Area harvested,ha,2005,25518.0,A,Official value
68,Bolivia (Plurinational State of),5412,Yield,kg/ha,2005,978.8,A,Official value
68,Bolivia (Plurinational State of),5510,Production,t,2005,24976.0,A,Official value
68,Bolivia (Plurinational State of),5312,Area harvested,ha,2006,25555.0,A,Official value
68,Bolivia (Plurinational State of),5412,Yield,kg/ha,2006,988.9,A,Official value
68,Bolivia (Plurinational State of),5510,Production,t,2006,25272.0,A,Official value
68,Bolivia (Plurinational State of),5312,Area harvested,ha,2007,25676.0,A,Official value
68,Bolivia (Plurinational State of),5412,Yield,kg/ha,2007,1052.0,A,Official value
68,Bolivia (Plurinational State of),5510,Production,t,2007,27012.0,A,Official value
68,Bolivia (Plurinational State of),5312,Area harvested,ha,2008,25756.0,A,Official value
68,Bolivia (Plurinational State of),5412,Yield,kg/ha,2008,1060.1,A,Official value
68,Bolivia (Plurinational State of),5510,Production,t,2008,27305.0,A,Official value
68,Bolivia (Plurinational State of),5312,Area harvested,ha,2009,26373.0,A,Official value
68,Bolivia (Plurinational State of),5412,Yield,kg/ha,2009,1071.9,A,Official value
68,Bolivia (Plurinational State of),5510,Production,t,2009,28270.0,A,Official value
68,Bolivia (Plurinational State of),5312,Area harvested,ha,2010,29349.0,A,Official value
68,Bolivia (Plurinational State of),5412,Yield,kg/ha,2010,931.1,A,Official value
68,Bolivia (Plurinational State of),5510,Production,t,2010,27327.02,A,Official value
68,Bolivia (Plurinational State of),5312,Area harvested,ha,2011,29603.0,A,Official value
68,Bolivia (Plurinational State of),5412,Yield,kg/ha,2011,932.2,A,Official value
68,Bolivia (Plurinational State of),5510,Production,t,2011,27596.4,A,Official value
68,Bolivia (Plurinational State of),5312,Area harvested,ha,2012,31245.0,A,Official value
68,Bolivia (Plurinational State of),5412,Yield,kg/ha,2012,900.5,A,Official value
68,Bolivia (Plurinational State of),5510,Production,t,2012,28136.86,A,Official value
68,Bolivia (Plurinational State of),5312,Area harvested,ha,2013,30291.0,A,Official value
68,Bolivia (Plurinational State of),5412,Yield,kg/ha,2013,972.4,A,Official value
68,Bolivia (Plurinational State of),5510,Production,t,2013,29455.13,A,Official value
68,Bolivia (Plurinational State of),5312,Area harvested,ha,2014,22860.0,A,Official value
68,Bolivia (Plurinational State of),5412,Yield,kg/ha,2014,896.6,A,Official value
68,Bolivia (Plurinational State of),5510,Production,t,2014,20496.0,A,Official value
68,Bolivia (Plurinational State of),5312,Area harvested,ha,2015,23032.0,A,Official value
68,Bolivia (Plurinational State of),5412,Yield,kg/ha,2015,909.8,A,Official value
68,Bolivia (Plurinational State of),5510,Production,t,2015,20954.0,A,Official value
68,Bolivia (Plurinational State of),5312,Area harvested,ha,2016,23306.0,A,Official value
68,Bolivia (Plurinational State of),5412,Yield,kg/ha,2016,919.4,A,Official value
68,Bolivia (Plurinational State of),5510,Production,t,2016,21427.0,A,Official value
68,Bolivia (Plurinational State of),5312,Area harvested,ha,2017,23573.0,A,Official value
68,Bolivia (Plurinational State of),5412,Yield,kg/ha,2017,898.5,A,Official value
68,Bolivia (Plurinational State of),5510,Production,t,2017,21181.0,A,Official value
68,Bolivia (Plurinational State of),5312,Area harvested,ha,2018,24596.0,A,Official value
68,Bolivia (Plurinational State of),5412,Yield,kg/ha,2018,899.4,A,Official value
68,Bolivia (Plurinational State of),5510,Production,t,2018,22120.99,A,Official value
68,Bolivia (Plurinational State of),5312,Area harvested,ha,2019,25500.0,A,Official value
68,Bolivia (Plurinational State of),5412,Yield,kg/ha,2019,974.2,A,Official value
68,Bolivia (Plurinational State of),5510,Production,t,2019,24841.0,A,Official value
68,Bolivia (Plurinational State of),5312,Area harvested,ha,2020,25551.0,A,Official value
68,Bolivia (Plurinational State of),5412,Yield,kg/ha,2020,915.9,A,Official value
68,Bolivia (Plurinational State of),5510,Production,t,2020,23401.0,A,Official value
68,Bolivia (Plurinational State of),5312,Area harvested,ha,2021,25548.0,A,Official value
68,Bolivia (Plurinational State of),5412,Yield,kg/ha,2021,917.9,A,Official value
68,Bolivia (Plurinational State of),5510,Production,t,2021,23451.98,A,Official value
68,Bolivia (Plurinational State of),5312,Area harvested,ha,2022,25954.0,A,Official value
68,Bolivia (Plurinational State of),5412,Yield,kg/ha,2022,895.4,A,Official value
68,Bolivia (Plurinational State of),5510,Production,t,2022,23238.78,A,Official value
68,Bolivia (Plurinational State of),5312,Area harvested,ha,2023,25496.0,A,Official value
68,Bolivia (Plurinational State of),5412,Yield,kg/ha,2023,924.8,A,Official value
68,Bolivia (Plurinational State of),5510,Production,t,2023,23579.45,A,Official value
68,Bolivia (Plurinational State of),5312,Area harvested,ha,2024,25119.0,A,Official value
68,Bolivia (Plurinational State of),5412,Yield,kg/ha,2024,918.2,A,Official value
68,Bolivia (Plurinational State of),5510,Production,t,2024,23063.65,A,Official value
76,Brazil,5312,Area harvested,ha,1961,4383820.0,A,Official value
76,Brazil,5412,Yield,kg/ha,1961,508.4,A,Official value
76,Brazil,5510,Production,t,1961,2228704.0,A,Official value
76,Brazil,5312,Area harvested,ha,1962,4462657.0,A,Official value
76,Brazil,5412,Yield,kg/ha,1962,490.8,A,Official value
76,Brazil,5510,Production,t,1962,2190303.0,A,Official value
76,Brazil,5312,Area harvested,ha,1963,4286129.0,A,Official value
76,Brazil,5412,Yield,kg/ha,1963,385.1,A,Official value
76,Brazil,5510,Production,t,1963,1650527.0,A,Official value
76,Brazil,5312,Area harvested,ha,1964,3696281.0,A,Official value
76,Brazil,5412,Yield,kg/ha,1964,281.9,A,Official value
76,Brazil,5510,Production,t,1964,1042013.0,A,Official value
76,Brazil,5312,Area harvested,ha,1965,3511079.0,A,Official value
76,Brazil,5412,Yield,kg/ha,1965,653.4,A,Official value
76,Brazil,5510,Production,t,1965,2294047.0,A,Official value
76,Brazil,5312,Area harvested,ha,1966,3057470.0,A,Official value
76,Brazil,5412,Yield,kg/ha,1966,393.4,A,Official value
76,Brazil,5510,Production,t,1966,1202868.0,A,Official value
76,Brazil,5312,Area harvested,ha,1967,2791650.0,A,Official value
76,Brazil,5412,Yield,kg/ha,1967,540.0,A,Official value
76,Brazil,5510,Production,t,1967,1507500.0,A,Official value
76,Brazil,5312,Area harvested,ha,1968,2622885.0,A,Official value
76,Brazil,5412,Yield,kg/ha,1968,403.3,A,Official value
76,Brazil,5510,Production,t,1968,1057700.0,A,Official value
76,Brazil,5312,Area harvested,ha,1969,2570899.0,A,Official value
76,Brazil,5412,Yield,kg/ha,1969,499.2,A,Official value
76,Brazil,5510,Production,t,1969,1283500.0,A,Official value
76,Brazil,5312,Area harvested,ha,1970,2402993.0,A,Official value
76,Brazil,5412,Yield,kg/ha,1970,314.1,A,Official value
76,Brazil,5510,Production,t,1970,754800.0,A,Official value
76,Brazil,5312,Area harvested,ha,1971,2390345.0,A,Official value
76,Brazil,5412,Yield,kg/ha,1971,649.1,A,Official value
76,Brazil,5510,Production,t,1971,1551462.0,A,Official value
76,Brazil,5312,Area harvested,ha,1972,2265695.0,A,Official value
76,Brazil,5412,Yield,kg/ha,1972,660.2,A,Official value
76,Brazil,5510,Production,t,1972,1495705.0,A,Official value
76,Brazil,5312,Area harvested,ha,1973,2079745.0,A,Official value
76,Brazil,5412,Yield,kg/ha,1973,419.7,A,Official value
76,Brazil,5510,Production,t,1973,872897.0,A,Official value
76,Brazil,5312,Area harvested,ha,1974,2155017.0,A,Official value
76,Brazil,5412,Yield,kg/ha,1974,749.6,A,Official value
76,Brazil,5510,Production,t,1974,1615309.0,A,Official value
76,Brazil,5312,Area harvested,ha,1975,2216921.0,A,Official value
76,Brazil,5412,Yield,kg/ha,1975,573.9,A,Official value
76,Brazil,5510,Production,t,1975,1272298.0,A,Official value
76,Brazil,5312,Area harvested,ha,1976,1121015.0,A,Official value
76,Brazil,5412,Yield,kg/ha,1976,335.4,A,Official value
76,Brazil,5510,Production,t,1976,375985.0,A,Official value
76,Brazil,5312,Area harvested,ha,1977,1941473.0,A,Official value
76,Brazil,5412,Yield,kg/ha,1977,502.4,A,Official value
76,Brazil,5510,Production,t,1977,975385.0,A,Official value
76,Brazil,5312,Area harvested,ha,1978,2183673.0,A,Official value
76,Brazil,5412,Yield,kg/ha,1978,580.5,A,Official value
76,Brazil,5510,Production,t,1978,1267661.0,A,Official value
76,Brazil,5312,Area harvested,ha,1979,2406239.0,A,Official value
76,Brazil,5412,Yield,kg/ha,1979,553.9,A,Official value
76,Brazil,5510,Production,t,1979,1332772.0,A,Official value
76,Brazil,5312,Area harvested,ha,1980,2433604.0,A,Official value
76,Brazil,5412,Yield,kg/ha,1980,436.1,A,Official value
76,Brazil,5510,Production,t,1980,1061195.0,A,Official value
76,Brazil,5312,Area harvested,ha,1981,2617836.0,A,Official value
76,Brazil,5412,Yield,kg/ha,1981,776.3,A,Official value
76,Brazil,5510,Production,t,1981,2032210.0,A,Official value
76,Brazil,5312,Area harvested,ha,1982,1895486.0,A,Official value
76,Brazil,5412,Yield,kg/ha,1982,505.4,A,Official value
76,Brazil,5510,Production,t,1982,957931.0,A,Official value
76,Brazil,5312,Area harvested,ha,1983,2346007.0,A,Official value
76,Brazil,5412,Yield,kg/ha,1983,712.5,A,Official value
76,Brazil,5510,Production,t,1983,1671588.0,A,Official value
76,Brazil,5312,Area harvested,ha,1984,2505435.0,A,Official value
76,Brazil,5412,Yield,kg/ha,1984,566.9,A,Official value
76,Brazil,5510,Production,t,1984,1420281.0,A,Official value
76,Brazil,5312,Area harvested,ha,1985,2533762.0,A,Official value
76,Brazil,5412,Yield,kg/ha,1985,754.1,A,Official value
76,Brazil,5510,Production,t,1985,1910646.0,A,Official value
76,Brazil,5312,Area harvested,ha,1986,2591461.0,A,Official value
76,Brazil,5412,Yield,kg/ha,1986,401.9,A,Official value
76,Brazil,5510,Production,t,1986,1041406.0,A,Official value
76,Brazil,5312,Area harvested,ha,1987,2875641.0,A,Official value
76,Brazil,5412,Yield,kg/ha,1987,766.0,A,Official value
76,Brazil,5510,Production,t,1987,2202708.0,A,Official value
76,Brazil,5312,Area harvested,ha,1988,2951493.0,A,Official value
76,Brazil,5412,Yield,kg/ha,1988,456.7,A,Official value
76,Brazil,5510,Production,t,1988,1348014.0,A,Official value
76,Brazil,5312,Area harvested,ha,1989,3041387.0,A,Official value
76,Brazil,5412,Yield,kg/ha,1989,503.8,A,Official value
76,Brazil,5510,Production,t,1989,1532335.0,A,Official value
76,Brazil,5312,Area harvested,ha,1990,2908960.0,A,Official value
76,Brazil,5412,Yield,kg/ha,1990,503.6,A,Official value
76,Brazil,5510,Production,t,1990,1464856.0,A,Official value
76,Brazil,5312,Area harvested,ha,1991,2763440.0,A,Official value
76,Brazil,5412,Yield,kg/ha,1991,550.2,A,Official value
76,Brazil,5510,Production,t,1991,1520382.0,A,Official value
76,Brazil,5312,Area harvested,ha,1992,2500320.0,A,Official value
76,Brazil,5412,Yield,kg/ha,1992,517.7,A,Official value
76,Brazil,5510,Production,t,1992,1294373.0,A,Official value
76,Brazil,5312,Area harvested,ha,1993,2259330.0,A,Official value
76,Brazil,5412,Yield,kg/ha,1993,566.0,A,Official value
76,Brazil,5510,Production,t,1993,1278759.0,A,Official value
76,Brazil,5312,Area harvested,ha,1994,2097650.0,A,Official value
76,Brazil,5412,Yield,kg/ha,1994,623.2,A,Official value
76,Brazil,5510,Production,t,1994,1307289.0,A,Official value
76,Brazil,5312,Area harvested,ha,1995,1869980.0,A,Official value
76,Brazil,5412,Yield,kg/ha,1995,497.4,A,Official value
76,Brazil,5510,Production,t,1995,930135.0,A,Official value
76,Brazil,5312,Area harvested,ha,1996,1920250.0,A,Official value
76,Brazil,5412,Yield,kg/ha,1996,713.0,A,Official value
76,Brazil,5510,Production,t,1996,1369196.0,A,Official value
76,Brazil,5312,Area harvested,ha,1997,1988190.0,A,Official value
76,Brazil,5412,Yield,kg/ha,1997,617.9,A,Official value
76,Brazil,5510,Production,t,1997,1228513.0,A,Official value
76,Brazil,5312,Area harvested,ha,1998,2070410.0,A,Official value
76,Brazil,5412,Yield,kg/ha,1998,816.0,A,Official value
76,Brazil,5510,Production,t,1998,1689366.0,A,Official value
76,Brazil,5312,Area harvested,ha,1999,2222925.0,A,Official value
76,Brazil,5412,Yield,kg/ha,1999,734.1,A,Official value
76,Brazil,5510,Production,t,1999,1631852.0,A,Official value
76,Brazil,5312,Area harvested,ha,2000,2267968.0,A,Official value
76,Brazil,5412,Yield,kg/ha,2000,839.3,A,Official value
76,Brazil,5510,Production,t,2000,1903562.0,A,Official value
76,Brazil,5312,Area harvested,ha,2001,2336031.0,A,Official value
76,Brazil,5412,Yield,kg/ha,2001,778.9,A,Official value
76,Brazil,5510,Production,t,2001,1819569.0,A,Official value
76,Brazil,5312,Area harvested,ha,2002,2370891.0,A,Official value
76,Brazil,5412,Yield,kg/ha,2002,1101.1,A,Official value
76,Brazil,5510,Production,t,2002,2610524.0,A,Official value
76,Brazil,5312,Area harvested,ha,2003,2395501.0,A,Official value
76,Brazil,5412,Yield,kg/ha,2003,829.5,A,Official value
76,Brazil,5510,Production,t,2003,1987074.0,A,Official value
76,Brazil,5312,Area harvested,ha,2004,2368040.0,A,Official value
76,Brazil,5412,Yield,kg/ha,2004,1041.2,A,Official value
76,Brazil,5510,Production,t,2004,2465710.0,A,Official value
76,Brazil,5312,Area harvested,ha,2005,2325920.0,A,Official value
76,Brazil,5412,Yield,kg/ha,2005,920.1,A,Official value
76,Brazil,5510,Production,t,2005,2140169.0,A,Official value
76,Brazil,5312,Area harvested,ha,2006,2312157.0,A,Official value
76,Brazil,5412,Yield,kg/ha,2006,1113.0,A,Official value
76,Brazil,5510,Production,t,2006,2573368.0,A,Official value
76,Brazil,5312,Area harvested,ha,2007,2264129.0,A,Official value
76,Brazil,5412,Yield,kg/ha,2007,993.3,A,Official value
76,Brazil,5510,Production,t,2007,2249011.0,A,Official value
76,Brazil,5312,Area harvested,ha,2008,2222224.0,A,Official value
76,Brazil,5412,Yield,kg/ha,2008,1258.6,A,Official value
76,Brazil,5510,Production,t,2008,2796927.0,A,Official value
76,Brazil,5312,Area harvested,ha,2009,2135508.0,A,Official value
76,Brazil,5412,Yield,kg/ha,2009,1142.6,A,Official value
76,Brazil,5510,Production,t,2009,2440056.0,A,Official value
76,Brazil,5312,Area harvested,ha,2010,2159785.0,A,Official value
76,Brazil,5412,Yield,kg/ha,2010,1346.1,A,Official value
76,Brazil,5510,Production,t,2010,2907265.0,A,Official value
76,Brazil,5312,Area harvested,ha,2011,2148775.0,A,Official value
76,Brazil,5412,Yield,kg/ha,2011,1256.8,A,Official value
76,Brazil,5510,Production,t,2011,2700540.0,A,Official value
76,Brazil,5312,Area harvested,ha,2012,2120080.0,A,Official value
76,Brazil,5412,Yield,kg/ha,2012,1432.7,A,Official value
76,Brazil,5510,Production,t,2012,3037534.0,A,Official value
76,Brazil,5312,Area harvested,ha,2013,2085522.0,A,Official value
76,Brazil,5412,Yield,kg/ha,2013,1421.5,A,Official value
76,Brazil,5510,Production,t,2013,2964538.0,A,Official value
76,Brazil,5312,Area harvested,ha,2014,1997827.0,A,Official value
76,Brazil,5412,Yield,kg/ha,2014,1403.6,A,Official value
76,Brazil,5510,Production,t,2014,2804070.0,A,Official value
76,Brazil,5312,Area harvested,ha,2015,1977714.0,A,Official value
76,Brazil,5412,Yield,kg/ha,2015,1338.7,A,Official value
76,Brazil,5510,Production,t,2015,2647504.0,A,Official value
76,Brazil,5312,Area harvested,ha,2016,1996604.0,A,Official value
76,Brazil,5412,Yield,kg/ha,2016,1514.8,A,Official value
76,Brazil,5510,Production,t,2016,3024466.0,A,Official value
76,Brazil,5312,Area harvested,ha,2017,1802417.0,A,Official value
76,Brazil,5412,Yield,kg/ha,2017,1489.4,A,Official value
76,Brazil,5510,Production,t,2017,2684508.0,A,Official value
76,Brazil,5312,Area harvested,ha,2018,1863966.0,A,Official value
76,Brazil,5412,Yield,kg/ha,2018,1906.0,A,Official value
76,Brazil,5510,Production,t,2018,3552729.0,A,Official value
76,Brazil,5312,Area harvested,ha,2019,1825283.0,A,Official value
76,Brazil,5412,Yield,kg/ha,2019,1650.0,A,Official value
76,Brazil,5510,Production,t,2019,3011745.0,A,Official value
76,Brazil,5312,Area harvested,ha,2020,1898429.0,A,Official value
76,Brazil,5412,Yield,kg/ha,2020,1952.0,A,Official value
76,Brazil,5510,Production,t,2020,3705719.0,A,Official value
76,Brazil,5312,Area harvested,ha,2021,1832508.0,A,Official value
76,Brazil,5412,Yield,kg/ha,2021,1629.2,A,Official value
76,Brazil,5510,Production,t,2021,2985581.0,A,Official value
76,Brazil,5312,Area harvested,ha,2022,1867392.0,A,Official value
76,Brazil,5412,Yield,kg/ha,2022,1702.6,A,Official value
76,Brazil,5510,Production,t,2022,3179341.0,A,Official value
76,Brazil,5312,Area harvested,ha,2023,1905239.0,A,Official value
76,Brazil,5412,Yield,kg/ha,2023,1757.5,A,Official value
76,Brazil,5510,Production,t,2023,3348510.0,A,Official value
76,Brazil,5312,Area harvested,ha,2024,1943977.0,A,Official value
76,Brazil,5412,Yield,kg/ha,2024,1742.7,A,Official value
76,Brazil,5510,Production,t,2024,3387724.0,A,Official value
108,Burundi,5510,Production,t,1961,14000.0,A,Official value
108,Burundi,5510,Production,t,1962,13001.0,A,Official value
108,Burundi,5510,Production,t,1963,5777.0,A,Official value
108,Burundi,5312,Area harvested,ha,1964,24625.0,A,Official value
108,Burundi,5412,Yield,kg/ha,1964,720.3,A,Official value
108,Burundi,5510,Production,t,1964,17737.0,A,Official value
108,Burundi,5312,Area harvested,ha,1965,27071.0,A,Official value
108,Burundi,5412,Yield,kg/ha,1965,474.0,A,Official value
108,Burundi,5510,Production,t,1965,12831.0,A,Official value
108,Burundi,5510,Production,t,1966,14071.0,A,Official value
108,Burundi,5510,Production,t,1967,18682.0,A,Official value
108,Burundi,5510,Production,t,1968,16539.0,A,Official value
108,Burundi,5510,Production,t,1969,14551.0,A,Official value
108,Burundi,5312,Area harvested,ha,1970,29944.0,A,Official value
108,Burundi,5412,Yield,kg/ha,1970,737.5,A,Official value
108,Burundi,5510,Production,t,1970,22084.0,A,Official value
108,Burundi,5312,Area harvested,ha,1971,31183.0,A,Official value
108,Burundi,5412,Yield,kg/ha,1971,803.4,A,Official value
108,Burundi,5510,Production,t,1971,25051.0,A,Official value
108,Burundi,5312,Area harvested,ha,1972,31183.0,A,Official value
108,Burundi,5412,Yield,kg/ha,1972,622.2,A,Official value
108,Burundi,5510,Production,t,1972,19403.0,A,Official value
108,Burundi,5510,Production,t,1973,21395.0,A,Official value
108,Burundi,5510,Production,t,1974,28140.0,A,Official value
108,Burundi,5510,Production,t,1975,16924.0,A,Official value
108,Burundi,5510,Production,t,1976,21428.0,A,Official value
108,Burundi,5510,Production,t,1977,17030.0,A,Official value
108,Burundi,5510,Production,t,1978,22783.0,A,Official value
108,Burundi,5510,Production,t,1979,27728.0,A,Official value
108,Burundi,5510,Production,t,1980,18894.0,A,Official value
108,Burundi,5510,Production,t,1981,43824.0,A,Official value
108,Burundi,5510,Production,t,1982,20221.0,A,Official value
108,Burundi,5510,Production,t,1983,35954.0,A,Official value
108,Burundi,5510,Production,t,1984,27005.0,A,Official value
108,Burundi,5510,Production,t,1985,32493.0,A,Official value
108,Burundi,5510,Production,t,1986,31290.0,A,Official value
108,Burundi,5510,Production,t,1987,37338.0,A,Official value
108,Burundi,5510,Production,t,1988,35247.0,A,Official value
108,Burundi,5510,Production,t,1989,31400.0,A,Official value
108,Burundi,5510,Production,t,1990,32694.0,A,Official value
108,Burundi,5510,Production,t,1991,34204.0,A,Official value
108,Burundi,5510,Production,t,1992,37215.0,A,Official value
108,Burundi,5510,Production,t,1993,22991.0,A,Official value
108,Burundi,5510,Production,t,1994,41293.0,A,Official value
108,Burundi,5510,Production,t,1995,25516.0,A,Official value
108,Burundi,5510,Production,t,1996,26875.0,A,Official value
108,Burundi,5510,Production,t,1997,19991.0,A,Official value
108,Burundi,5510,Production,t,1998,16937.0,A,Official value
108,Burundi,5312,Area harvested,ha,1999,32000.0,A,Official value
108,Burundi,5412,Yield,kg/ha,1999,910.3,A,Official value
108,Burundi,5510,Production,t,1999,29130.0,A,Official value
108,Burundi,5510,Production,t,2000,67439.0,A,Official value
108,Burundi,5510,Production,t,2001,70980.0,A,Official value
108,Burundi,5510,Production,t,2002,182182.0,A,Official value
108,Burundi,5510,Production,t,2003,35682.0,A,Official value
108,Burundi,5510,Production,t,2004,204509.0,A,Official value
108,Burundi,5510,Production,t,2005,34828.0,A,Official value
108,Burundi,5510,Production,t,2006,149460.0,A,Official value
108,Burundi,5510,Production,t,2007,31964.0,A,Official value
108,Burundi,5510,Production,t,2008,100475.0,A,Official value
108,Burundi,5510,Production,t,2009,20517.0,A,Official value
108,Burundi,5510,Production,t,2010,89960.0,A,Official value
108,Burundi,5510,Production,t,2011,41960.0,A,Official value
108,Burundi,5510,Production,t,2012,26340.0,A,Official value
108,Burundi,5510,Production,t,2013,22625.0,A,Official value
108,Burundi,5510,Production,t,2014,10405.0,A,Official value
108,Burundi,5510,Production,t,2015,18367.0,A,Official value
108,Burundi,5510,Production,t,2016,13624.46,A,Official value
108,Burundi,5510,Production,t,2017,16340.0,A,Official value
108,Burundi,5510,Production,t,2018,14216.0,A,Official value
108,Burundi,5510,Production,t,2019,14059.0,A,Official value
108,Burundi,5510,Production,t,2020,7111.0,A,Official value
132,Cabo Verde,5510,Production,t,1961,52.0,A,Official value
132,Cabo Verde,5510,Production,t,1962,22.0,A,Official value
132,Cabo Verde,5510,Production,t,1963,40.0,A,Official value
132,Cabo Verde,5510,Production,t,1964,39.0,A,Official value
132,Cabo Verde,5510,Production,t,1965,45.0,A,Official value
132,Cabo Verde,5510,Production,t,1969,94.0,A,Official value
132,Cabo Verde,5510,Production,t,1970,114.0,A,Official value
132,Cabo Verde,5510,Production,t,1971,185.0,A,Official value
132,Cabo Verde,5510,Production,t,1972,76.0,A,Official value
132,Cabo Verde,5510,Production,t,1973,8.0,A,Official value
132,Cabo Verde,5510,Production,t,1976,168.0,A,Official value
132,Cabo Verde,5510,Production,t,1977,53.0,A,Official value
132,Cabo Verde,5510,Production,t,1978,100.0,A,Official value
132,Cabo Verde,5510,Production,t,1979,150.0,A,Official value
132,Cabo Verde,5510,Production,t,1980,50.0,A,Official value
132,Cabo Verde,5510,Production,t,1981,100.0,A,Official value
132,Cabo Verde,5510,Production,t,1985,30.0,A,Official value
132,Cabo Verde,5510,Production,t,1986,44.0,A,Official value
132,Cabo Verde,5510,Production,t,1987,34.0,A,Official value
132,Cabo Verde,5312,Area harvested,ha,1988,180.0,A,Official value
132,Cabo Verde,5412,Yield,kg/ha,1988,277.8,A,Official value
132,Cabo Verde,5510,Production,t,1988,50.0,A,Official value
132,Cabo Verde,5312,Area harvested,ha,1989,180.0,A,Official value
132,Cabo Verde,5412,Yield,kg/ha,1989,555.6,A,Official value
132,Cabo Verde,5510,Production,t,1989,100.0,A,Official value
132,Cabo Verde,5312,Area harvested,ha,1990,180.0,A,Official value
132,Cabo Verde,5412,Yield,kg/ha,1990,277.8,A,Official value
132,Cabo Verde,5510,Production,t,1990,50.0,A,Official value
132,Cabo Verde,5312,Area harvested,ha,1991,180.0,A,Official value
132,Cabo Verde,5412,Yield,kg/ha,1991,55.6,A,Official value
132,Cabo Verde,5510,Production,t,1991,10.0,A,Official value
132,Cabo Verde,5510,Production,t,2011,62.0,A,Official value
132,Cabo Verde,5510,Production,t,2012,88.0,A,Official value
132,Cabo Verde,5510,Production,t,2013,62.0,A,Official value
132,Cabo Verde,5510,Production,t,2014,52.0,A,Official value
132,Cabo Verde,5510,Production,t,2015,52.34,A,Official value
132,Cabo Verde,5510,Production,t,2016,68.09,A,Official value
132,Cabo Verde,5510,Production,t,2017,46.89,A,Official value
132,Cabo Verde,5510,Production,t,2018,46.0,A,Official value
132,Cabo Verde,5510,Production,t,2019,40.0,A,Official value
132,Cabo Verde,5510,Production,t,2020,48.0,A,Official value
132,Cabo Verde,5510,Production,t,2021,40.73,A,Official value
132,Cabo Verde,5510,Production,t,2022,47.0,A,Official value
132,Cabo Verde,5510,Production,t,2023,17.17,A,Official value
132,Cabo Verde,5510,Production,t,2024,14.0,A,Official value
116,Cambodia,5312,Area harvested,ha,1963,320.0,A,Official value
116,Cambodia,5412,Yield,kg/ha,1963,1250.0,A,Official value
116,Cambodia,5510,Production,t,1963,400.0,A,Official value
116,Cambodia,5312,Area harvested,ha,1964,400.0,A,Official value
116,Cambodia,5412,Yield,kg/ha,1964,875.0,A,Official value
116,Cambodia,5510,Production,t,1964,350.0,A,Official value
116,Cambodia,5312,Area harvested,ha,1965,440.0,A,Official value
116,Cambodia,5412,Yield,kg/ha,1965,909.1,A,Official value
116,Cambodia,5510,Production,t,1965,400.0,A,Official value
116,Cambodia,5312,Area harvested,ha,1966,450.0,A,Official value
116,Cambodia,5412,Yield,kg/ha,1966,1066.7,A,Official value
116,Cambodia,5510,Production,t,1966,480.0,A,Official value
116,Cambodia,5312,Area harvested,ha,1967,400.0,A,Official value
116,Cambodia,5412,Yield,kg/ha,1967,1082.5,A,Official value
116,Cambodia,5510,Production,t,1967,433.0,A,Official value
116,Cambodia,5312,Area harvested,ha,1968,298.0,A,Official value
116,Cambodia,5412,Yield,kg/ha,1968,1174.5,A,Official value
116,Cambodia,5510,Production,t,1968,350.0,A,Official value
116,Cambodia,5312,Area harvested,ha,1969,290.0,A,Official value
116,Cambodia,5412,Yield,kg/ha,1969,1586.2,A,Official value
116,Cambodia,5510,Production,t,1969,460.0,A,Official value
116,Cambodia,5312,Area harvested,ha,1970,440.0,A,Official value
116,Cambodia,5412,Yield,kg/ha,1970,1363.6,A,Official value
116,Cambodia,5510,Production,t,1970,600.0,A,Official value
116,Cambodia,5312,Area harvested,ha,1971,440.0,A,Official value
116,Cambodia,5412,Yield,kg/ha,1971,1363.6,A,Official value
116,Cambodia,5510,Production,t,1971,600.0,A,Official value
116,Cambodia,5312,Area harvested,ha,1972,435.0,A,Official value
116,Cambodia,5412,Yield,kg/ha,1972,1080.5,A,Official value
116,Cambodia,5510,Production,t,1972,470.0,A,Official value
116,Cambodia,5312,Area harvested,ha,1973,364.0,A,Official value
116,Cambodia,5412,Yield,kg/ha,1973,340.7,A,Official value
116,Cambodia,5510,Production,t,1973,124.0,A,Official value
116,Cambodia,5312,Area harvested,ha,1996,300.0,A,Official value
116,Cambodia,5412,Yield,kg/ha,1996,833.3,A,Official value
116,Cambodia,5510,Production,t,1996,250.0,A,Official value
116,Cambodia,5312,Area harvested,ha,1999,365.0,A,Official value
116,Cambodia,5412,Yield,kg/ha,1999,821.9,A,Official value
116,Cambodia,5510,Production,t,1999,300.0,A,Official value
116,Cambodia,5312,Area harvested,ha,2000,365.0,A,Official value
116,Cambodia,5412,Yield,kg/ha,2000,821.9,A,Official value
116,Cambodia,5510,Production,t,2000,300.0,A,Official value
116,Cambodia,5312,Area harvested,ha,2001,365.0,A,Official value
116,Cambodia,5412,Yield,kg/ha,2001,821.9,A,Official value
116,Cambodia,5510,Production,t,2001,300.0,A,Official value
120,Cameroon,5510,Production,t,1961,44700.0,A,Official value
120,Cameroon,5510,Production,t,1962,45000.0,A,Official value
120,Cameroon,5510,Production,t,1963,53600.0,A,Official value
120,Cameroon,5510,Production,t,1964,59100.0,A,Official value
120,Cameroon,5510,Production,t,1965,74100.0,A,Official value
120,Cameroon,5312,Area harvested,ha,1966,160000.0,A,Official value
120,Cameroon,5412,Yield,kg/ha,1966,395.6,A,Official value
120,Cameroon,5510,Production,t,1966,63300.0,A,Official value
120,Cameroon,5312,Area harvested,ha,1967,205000.0,A,Official value
120,Cameroon,5412,Yield,kg/ha,1967,388.3,A,Official value
120,Cameroon,5510,Production,t,1967,79600.0,A,Official value
120,Cameroon,5312,Area harvested,ha,1968,215000.0,A,Official value
120,Cameroon,5412,Yield,kg/ha,1968,380.0,A,Official value
120,Cameroon,5510,Production,t,1968,81700.0,A,Official value
120,Cameroon,5312,Area harvested,ha,1969,215000.0,A,Official value
120,Cameroon,5412,Yield,kg/ha,1969,380.5,A,Official value
120,Cameroon,5510,Production,t,1969,81815.0,A,Official value
120,Cameroon,5312,Area harvested,ha,1970,220000.0,A,Official value
120,Cameroon,5412,Yield,kg/ha,1970,422.7,A,Official value
120,Cameroon,5510,Production,t,1970,92993.0,A,Official value
120,Cameroon,5312,Area harvested,ha,1971,287812.0,A,Official value
120,Cameroon,5412,Yield,kg/ha,1971,329.3,A,Official value
120,Cameroon,5510,Production,t,1971,94790.0,A,Official value
120,Cameroon,5312,Area harvested,ha,1972,282000.0,A,Official value
120,Cameroon,5412,Yield,kg/ha,1972,341.0,A,Official value
120,Cameroon,5510,Production,t,1972,96165.0,A,Official value
120,Cameroon,5312,Area harvested,ha,1973,285461.0,A,Official value
120,Cameroon,5412,Yield,kg/ha,1973,329.0,A,Official value
120,Cameroon,5510,Production,t,1973,93913.0,A,Official value
120,Cameroon,5312,Area harvested,ha,1974,318918.0,A,Official value
120,Cameroon,5412,Yield,kg/ha,1974,327.5,A,Official value
120,Cameroon,5510,Production,t,1974,104442.0,A,Official value
120,Cameroon,5510,Production,t,1975,92488.0,A,Official value
120,Cameroon,5312,Area harvested,ha,1976,346713.0,A,Official value
120,Cameroon,5412,Yield,kg/ha,1976,229.6,A,Official value
120,Cameroon,5510,Production,t,1976,79599.0,A,Official value
120,Cameroon,5312,Area harvested,ha,1977,378316.0,A,Official value
120,Cameroon,5412,Yield,kg/ha,1977,228.5,A,Official value
120,Cameroon,5510,Production,t,1977,86448.0,A,Official value
120,Cameroon,5312,Area harvested,ha,1978,354359.0,A,Official value
120,Cameroon,5412,Yield,kg/ha,1978,304.8,A,Official value
120,Cameroon,5510,Production,t,1978,107993.0,A,Official value
120,Cameroon,5312,Area harvested,ha,1979,358209.0,A,Official value
120,Cameroon,5412,Yield,kg/ha,1979,282.4,A,Official value
120,Cameroon,5510,Production,t,1979,101166.0,A,Official value
120,Cameroon,5312,Area harvested,ha,1980,372266.0,A,Official value
120,Cameroon,5412,Yield,kg/ha,1980,301.4,A,Official value
120,Cameroon,5510,Production,t,1980,112207.0,A,Official value
120,Cameroon,5312,Area harvested,ha,1981,365849.0,A,Official value
120,Cameroon,5412,Yield,kg/ha,1981,298.7,A,Official value
120,Cameroon,5510,Production,t,1981,109286.0,A,Official value
120,Cameroon,5312,Area harvested,ha,1982,374580.0,A,Official value
120,Cameroon,5412,Yield,kg/ha,1982,342.3,A,Official value
120,Cameroon,5510,Production,t,1982,128237.0,A,Official value
120,Cameroon,5312,Area harvested,ha,1983,334270.0,A,Official value
120,Cameroon,5412,Yield,kg/ha,1983,190.6,A,Official value
120,Cameroon,5510,Production,t,1983,63700.0,A,Official value
120,Cameroon,5312,Area harvested,ha,1984,337700.0,A,Official value
120,Cameroon,5412,Yield,kg/ha,1984,408.4,A,Official value
120,Cameroon,5510,Production,t,1984,137900.0,A,Official value
120,Cameroon,5312,Area harvested,ha,1985,341040.0,A,Official value
120,Cameroon,5412,Yield,kg/ha,1985,293.3,A,Official value
120,Cameroon,5510,Production,t,1985,100020.0,A,Official value
120,Cameroon,5312,Area harvested,ha,1986,350000.0,A,Official value
120,Cameroon,5412,Yield,kg/ha,1986,377.1,A,Official value
120,Cameroon,5510,Production,t,1986,132000.0,A,Official value
120,Cameroon,5510,Production,t,1987,82560.0,A,Official value
120,Cameroon,5510,Production,t,1988,119400.0,A,Official value
120,Cameroon,5510,Production,t,1989,115700.0,A,Official value
120,Cameroon,5510,Production,t,1990,100980.0,A,Official value
120,Cameroon,5510,Production,t,1991,115080.0,A,Official value
120,Cameroon,5510,Production,t,1992,76200.0,A,Official value
120,Cameroon,5510,Production,t,1993,68417.0,A,Official value
120,Cameroon,5510,Production,t,1994,73743.0,A,Official value
120,Cameroon,5510,Production,t,1995,74000.0,A,Official value
120,Cameroon,5510,Production,t,1996,104121.0,A,Official value
120,Cameroon,5510,Production,t,1997,63600.0,A,Official value
120,Cameroon,5510,Production,t,1998,112532.0,A,Official value
120,Cameroon,5510,Production,t,1999,98000.0,A,Official value
120,Cameroon,5510,Production,t,2000,86200.0,A,Official value
120,Cameroon,5510,Production,t,2001,70500.0,A,Official value
120,Cameroon,5312,Area harvested,ha,2005,183000.0,A,Official value
120,Cameroon,5412,Yield,kg/ha,2005,327.9,A,Official value
120,Cameroon,5510,Production,t,2005,60000.0,A,Official value
120,Cameroon,5510,Production,t,2007,47792.0,A,Official value
120,Cameroon,5510,Production,t,2008,50687.0,A,Official value
120,Cameroon,5510,Production,t,2010,66584.0,A,Official value
120,Cameroon,5510,Production,t,2011,26322.0,A,Official value
120,Cameroon,5510,Production,t,2012,38127.0,A,Official value
120,Cameroon,5510,Production,t,2013,41800.0,A,Official value
120,Cameroon,5312,Area harvested,ha,2016,83285.0,A,Official value
120,Cameroon,5412,Yield,kg/ha,2016,461.2,A,Official value
120,Cameroon,5510,Production,t,2016,38411.7,A,Official value
120,Cameroon,5312,Area harvested,ha,2017,91308.0,A,Official value
120,Cameroon,5412,Yield,kg/ha,2017,459.1,A,Official value
120,Cameroon,5510,Production,t,2017,41916.8,A,Official value
120,Cameroon,5312,Area harvested,ha,2018,81386.0,A,Official value
120,Cameroon,5412,Yield,kg/ha,2018,506.0,A,Official value
120,Cameroon,5510,Production,t,2018,41184.5,A,Official value
120,Cameroon,5312,Area harvested,ha,2019,77929.0,A,Official value
120,Cameroon,5412,Yield,kg/ha,2019,524.9,A,Official value
120,Cameroon,5510,Production,t,2019,40907.3,A,Official value
120,Cameroon,5312,Area harvested,ha,2020,69827.0,A,Official value
120,Cameroon,5412,Yield,kg/ha,2020,520.7,A,Official value
120,Cameroon,5510,Production,t,2020,36359.9,A,Official value
140,Central African Republic,5312,Area harvested,ha,1961,33000.0,A,Official value
140,Central African Republic,5412,Yield,kg/ha,1961,248.5,A,Official value
140,Central African Republic,5510,Production,t,1961,8200.0,A,Official value
140,Central African Republic,5312,Area harvested,ha,1962,33000.0,A,Official value
140,Central African Republic,5412,Yield,kg/ha,1962,175.8,A,Official value
140,Central African Republic,5510,Production,t,1962,5800.0,A,Official value
140,Central African Republic,5312,Area harvested,ha,1963,30000.0,A,Official value
140,Central African Republic,5412,Yield,kg/ha,1963,420.0,A,Official value
140,Central African Republic,5510,Production,t,1963,12600.0,A,Official value
140,Central African Republic,5312,Area harvested,ha,1964,28000.0,A,Official value
140,Central African Republic,5412,Yield,kg/ha,1964,271.4,A,Official value
140,Central African Republic,5510,Production,t,1964,7600.0,A,Official value
140,Central African Republic,5312,Area harvested,ha,1965,27000.0,A,Official value
140,Central African Republic,5412,Yield,kg/ha,1965,422.2,A,Official value
140,Central African Republic,5510,Production,t,1965,11400.0,A,Official value
140,Central African Republic,5312,Area harvested,ha,1966,26433.0,A,Official value
140,Central African Republic,5412,Yield,kg/ha,1966,345.3,A,Official value
140,Central African Republic,5510,Production,t,1966,9127.0,A,Official value
140,Central African Republic,5312,Area harvested,ha,1967,26956.0,A,Official value
140,Central African Republic,5412,Yield,kg/ha,1967,304.5,A,Official value
140,Central African Republic,5510,Production,t,1967,8207.0,A,Official value
140,Central African Republic,5312,Area harvested,ha,1968,26933.0,A,Official value
140,Central African Republic,5412,Yield,kg/ha,1968,327.7,A,Official value
140,Central African Republic,5510,Production,t,1968,8826.0,A,Official value
140,Central African Republic,5510,Production,t,1969,12163.0,A,Official value
140,Central African Republic,5510,Production,t,1970,10665.0,A,Official value
140,Central African Republic,5312,Area harvested,ha,1971,28200.0,A,Official value
140,Central African Republic,5412,Yield,kg/ha,1971,215.1,A,Official value
140,Central African Republic,5510,Production,t,1971,6065.0,A,Official value
140,Central African Republic,5312,Area harvested,ha,1972,32600.0,A,Official value
140,Central African Republic,5412,Yield,kg/ha,1972,256.4,A,Official value
140,Central African Republic,5510,Production,t,1972,8359.0,A,Official value
140,Central African Republic,5312,Area harvested,ha,1973,34000.0,A,Official value
140,Central African Republic,5412,Yield,kg/ha,1973,294.1,A,Official value
140,Central African Republic,5510,Production,t,1973,10001.0,A,Official value
140,Central African Republic,5312,Area harvested,ha,1974,37600.0,A,Official value
140,Central African Republic,5412,Yield,kg/ha,1974,351.1,A,Official value
140,Central African Republic,5510,Production,t,1974,13200.0,A,Official value
140,Central African Republic,5312,Area harvested,ha,1975,38000.0,A,Official value
140,Central African Republic,5412,Yield,kg/ha,1975,376.3,A,Official value
140,Central African Republic,5510,Production,t,1975,14300.0,A,Official value
140,Central African Republic,5312,Area harvested,ha,1976,38900.0,A,Official value
140,Central African Republic,5412,Yield,kg/ha,1976,357.3,A,Official value
140,Central African Republic,5510,Production,t,1976,13900.0,A,Official value
140,Central African Republic,5510,Production,t,1977,14800.0,A,Official value
140,Central African Republic,5312,Area harvested,ha,1978,43110.0,A,Official value
140,Central African Republic,5412,Yield,kg/ha,1978,352.2,A,Official value
140,Central African Republic,5510,Production,t,1978,15183.0,A,Official value
140,Central African Republic,5312,Area harvested,ha,1979,46236.0,A,Official value
140,Central African Republic,5412,Yield,kg/ha,1979,347.6,A,Official value
140,Central African Republic,5510,Production,t,1979,16073.0,A,Official value
140,Central African Republic,5312,Area harvested,ha,1980,46967.0,A,Official value
140,Central African Republic,5412,Yield,kg/ha,1980,357.9,A,Official value
140,Central African Republic,5510,Production,t,1980,16808.0,A,Official value
140,Central African Republic,5312,Area harvested,ha,1982,46100.0,A,Official value
140,Central African Republic,5412,Yield,kg/ha,1982,368.8,A,Official value
140,Central African Republic,5510,Production,t,1982,17000.0,A,Official value
140,Central African Republic,5510,Production,t,1984,18400.0,A,Official value
140,Central African Republic,5312,Area harvested,ha,1985,21721.0,A,Official value
140,Central African Republic,5412,Yield,kg/ha,1985,612.3,A,Official value
140,Central African Republic,5510,Production,t,1985,13300.0,A,Official value
140,Central African Republic,5312,Area harvested,ha,1986,25434.0,A,Official value
140,Central African Republic,5412,Yield,kg/ha,1986,790.3,A,Official value
140,Central African Republic,5510,Production,t,1986,20100.0,A,Official value
140,Central African Republic,5312,Area harvested,ha,1987,29085.0,A,Official value
140,Central African Republic,5412,Yield,kg/ha,1987,733.9,A,Official value
140,Central African Republic,5510,Production,t,1987,21346.0,A,Official value
140,Central African Republic,5312,Area harvested,ha,1988,28534.0,A,Official value
140,Central African Republic,5412,Yield,kg/ha,1988,858.0,A,Official value
140,Central African Republic,5510,Production,t,1988,24482.0,A,Official value
140,Central African Republic,5312,Area harvested,ha,1989,34972.0,A,Official value
140,Central African Republic,5412,Yield,kg/ha,1989,595.0,A,Official value
140,Central African Republic,5510,Production,t,1989,20808.0,A,Official value
140,Central African Republic,5312,Area harvested,ha,1990,24097.0,A,Official value
140,Central African Republic,5412,Yield,kg/ha,1990,594.0,A,Official value
140,Central African Republic,5510,Production,t,1990,14314.0,A,Official value
140,Central African Republic,5312,Area harvested,ha,1991,25412.0,A,Official value
140,Central African Republic,5412,Yield,kg/ha,1991,693.6,A,Official value
140,Central African Republic,5510,Production,t,1991,17625.0,A,Official value
140,Central African Republic,5510,Production,t,1992,9036.0,A,Official value
140,Central African Republic,5312,Area harvested,ha,1993,22174.0,A,Official value
140,Central African Republic,5412,Yield,kg/ha,1993,411.5,A,Official value
140,Central African Republic,5510,Production,t,1993,9124.0,A,Official value
140,Central African Republic,5312,Area harvested,ha,1994,17647.0,A,Official value
140,Central African Republic,5412,Yield,kg/ha,1994,821.7,A,Official value
140,Central African Republic,5510,Production,t,1994,14500.0,A,Official value
140,Central African Republic,5312,Area harvested,ha,1995,19117.0,A,Official value
140,Central African Republic,5412,Yield,kg/ha,1995,470.8,A,Official value
140,Central African Republic,5510,Production,t,1995,9000.0,A,Official value
140,Central African Republic,5510,Production,t,1996,18000.0,A,Official value
140,Central African Republic,5510,Production,t,1997,15000.0,A,Official value
140,Central African Republic,5510,Production,t,1998,12037.0,A,Official value
140,Central African Republic,5510,Production,t,1999,11260.0,A,Official value
140,Central African Republic,5510,Production,t,2000,12900.0,A,Official value
140,Central African Republic,5510,Production,t,2002,13000.0,A,Official value
140,Central African Republic,5510,Production,t,2009,3544.0,A,Official value
140,Central African Republic,5510,Production,t,2010,5270.0,A,Official value
140,Central African Republic,5312,Area harvested,ha,2014,45052.0,A,Official value
140,Central African Republic,5412,Yield,kg/ha,2014,239.7,A,Official value
140,Central African Republic,5510,Production,t,2014,10799.0,A,Official value
140,Central African Republic,5312,Area harvested,ha,2015,44800.0,A,Official value
140,Central African Republic,5412,Yield,kg/ha,2015,202.0,A,Official value
140,Central African Republic,5510,Production,t,2015,9050.0,A,Official value
140,Central African Republic,5312,Area harvested,ha,2016,44000.0,A,Official value
140,Central African Republic,5412,Yield,kg/ha,2016,230.0,A,Official value
140,Central African Republic,5510,Production,t,2016,10120.0,A,Official value
140,Central African Republic,5312,Area harvested,ha,2020,717420.0,A,Official value
140,Central African Republic,5412,Yield,kg/ha,2020,403.2,A,Official value
140,Central African Republic,5510,Production,t,2020,289283.3,A,Official value
140,Central African Republic,5312,Area harvested,ha,2021,738942.0,A,Official value
140,Central African Republic,5412,Yield,kg/ha,2021,403.2,A,Official value
140,Central African Republic,5510,Production,t,2021,297961.8,A,Official value
140,Central African Republic,5312,Area harvested,ha,2022,761111.0,A,Official value
140,Central African Republic,5412,Yield,kg/ha,2022,403.2,A,Official value
140,Central African Republic,5510,Production,t,2022,306900.66,A,Official value
140,Central African Republic,5312,Area harvested,ha,2023,783944.0,A,Official value
140,Central African Republic,5412,Yield,kg/ha,2023,403.2,A,Official value
140,Central African Republic,5510,Production,t,2023,316108.0,A,Official value
159,China,5312,Area harvested,ha,1988,18000.0,A,Official value
159,China,5312,Area harvested,ha,1989,15000.0,A,Official value
159,China,5312,Area harvested,ha,1994,6260.0,A,Official value
159,China,5412,Yield,kg/ha,1994,519.2,A,Official value
159,China,5510,Production,t,1994,3250.0,A,Official value
159,China,5312,Area harvested,ha,1995,6000.0,A,Official value
159,China,5412,Yield,kg/ha,1995,532.7,A,Official value
159,China,5510,Production,t,1995,3196.0,A,Official value
159,China,5312,Area harvested,ha,1996,5500.0,A,Official value
159,China,5412,Yield,kg/ha,1996,549.6,A,Official value
159,China,5510,Production,t,1996,3023.0,A,Official value
159,China,5312,Area harvested,ha,1997,7400.0,A,Official value
159,China,5412,Yield,kg/ha,1997,482.8,A,Official value
159,China,5510,Production,t,1997,3573.0,A,Official value
159,China,5312,Area harvested,ha,1998,4400.0,A,Official value
159,China,5412,Yield,kg/ha,1998,1417.5,A,Official value
159,China,5510,Production,t,1998,6237.0,A,Official value
159,China,5312,Area harvested,ha,1999,7000.0,A,Official value
159,China,5412,Yield,kg/ha,1999,1249.0,A,Official value
159,China,5510,Production,t,1999,8743.0,A,Official value
159,China,5312,Area harvested,ha,2000,9600.0,A,Official value
159,China,5412,Yield,kg/ha,2000,1205.0,A,Official value
159,China,5510,Production,t,2000,11568.0,A,Official value
159,China,5312,Area harvested,ha,2001,14600.0,A,Official value
159,China,5412,Yield,kg/ha,2001,1178.2,A,Official value
159,China,5510,Production,t,2001,17202.0,A,Official value
159,China,5312,Area harvested,ha,2002,15600.0,A,Official value
159,China,5412,Yield,kg/ha,2002,1247.2,A,Official value
159,China,5510,Production,t,2002,19456.0,A,Official value
159,China,5312,Area harvested,ha,2003,16000.0,A,Official value
159,China,5412,Yield,kg/ha,2003,1446.5,A,Official value
159,China,5510,Production,t,2003,23144.0,A,Official value
159,China,5312,Area harvested,ha,2004,12000.0,A,Official value
159,China,5412,Yield,kg/ha,2004,1804.9,A,Official value
159,China,5510,Production,t,2004,21659.0,A,Official value
159,China,5312,Area harvested,ha,2005,15500.0,A,Official value
159,China,5412,Yield,kg/ha,2005,1414.1,A,Official value
159,China,5510,Production,t,2005,21919.0,A,Official value
159,China,5312,Area harvested,ha,2006,14400.0,A,Official value
159,China,5412,Yield,kg/ha,2006,1781.6,A,Official value
159,China,5510,Production,t,2006,25655.0,A,Official value
159,China,5312,Area harvested,ha,2007,15110.0,A,Official value
159,China,5312,Area harvested,ha,2008,16280.0,A,Official value
159,China,5412,Yield,kg/ha,2008,2044.1,A,Official value
159,China,5510,Production,t,2008,33278.0,A,Official value
159,China,5312,Area harvested,ha,2009,22530.0,A,Official value
159,China,5412,Yield,kg/ha,2009,3124.9,A,Official value
159,China,5510,Production,t,2009,70405.0,A,Official value
159,China,5312,Area harvested,ha,2010,25007.0,A,Official value
159,China,5412,Yield,kg/ha,2010,1983.3,A,Official value
159,China,5510,Production,t,2010,49596.0,A,Official value
159,China,5312,Area harvested,ha,2011,29550.0,A,Official value
159,China,5412,Yield,kg/ha,2011,2212.7,A,Official value
159,China,5510,Production,t,2011,65384.0,A,Official value
159,China,5312,Area harvested,ha,2012,37800.0,A,Official value
159,China,5412,Yield,kg/ha,2012,2435.6,A,Official value
159,China,5510,Production,t,2012,92064.0,A,Official value
159,China,5312,Area harvested,ha,2013,49600.0,A,Official value
159,China,5412,Yield,kg/ha,2013,2355.4,A,Official value
159,China,5510,Production,t,2013,116826.0,A,Official value
156,"China, mainland",5312,Area harvested,ha,1988,18000.0,A,Official value
156,"China, mainland",5312,Area harvested,ha,1989,15000.0,A,Official value
156,"China, mainland",5312,Area harvested,ha,1994,6260.0,A,Official value
156,"China, mainland",5412,Yield,kg/ha,1994,519.2,A,Official value
156,"China, mainland",5510,Production,t,1994,3250.0,A,Official value
156,"China, mainland",5312,Area harvested,ha,1995,6000.0,A,Official value
156,"China, mainland",5412,Yield,kg/ha,1995,532.7,A,Official value
156,"China, mainland",5510,Production,t,1995,3196.0,A,Official value
156,"China, mainland",5312,Area harvested,ha,1996,5500.0,A,Official value
156,"China, mainland",5412,Yield,kg/ha,1996,549.6,A,Official value
156,"China, mainland",5510,Production,t,1996,3023.0,A,Official value
156,"China, mainland",5312,Area harvested,ha,1997,7400.0,A,Official value
156,"China, mainland",5412,Yield,kg/ha,1997,482.8,A,Official value
156,"China, mainland",5510,Production,t,1997,3573.0,A,Official value
156,"China, mainland",5312,Area harvested,ha,1998,4400.0,A,Official value
156,"China, mainland",5412,Yield,kg/ha,1998,1417.5,A,Official value
156,"China, mainland",5510,Production,t,1998,6237.0,A,Official value
156,"China, mainland",5312,Area harvested,ha,1999,7000.0,A,Official value
156,"China, mainland",5412,Yield,kg/ha,1999,1249.0,A,Official value
156,"China, mainland",5510,Production,t,1999,8743.0,A,Official value
156,"China, mainland",5312,Area harvested,ha,2000,9600.0,A,Official value
156,"China, mainland",5412,Yield,kg/ha,2000,1205.0,A,Official value
156,"China, mainland",5510,Production,t,2000,11568.0,A,Official value
156,"China, mainland",5312,Area harvested,ha,2001,14600.0,A,Official value
156,"China, mainland",5412,Yield,kg/ha,2001,1178.2,A,Official value
156,"China, mainland",5510,Production,t,2001,17202.0,A,Official value
156,"China, mainland",5312,Area harvested,ha,2002,15600.0,A,Official value
156,"China, mainland",5412,Yield,kg/ha,2002,1247.2,A,Official value
156,"China, mainland",5510,Production,t,2002,19456.0,A,Official value
156,"China, mainland",5312,Area harvested,ha,2003,16000.0,A,Official value
156,"China, mainland",5412,Yield,kg/ha,2003,1446.5,A,Official value
156,"China, mainland",5510,Production,t,2003,23144.0,A,Official value
156,"China, mainland",5312,Area harvested,ha,2004,12000.0,A,Official value
156,"China, mainland",5412,Yield,kg/ha,2004,1804.9,A,Official value
156,"China, mainland",5510,Production,t,2004,21659.0,A,Official value
156,"China, mainland",5312,Area harvested,ha,2005,15500.0,A,Official value
156,"China, mainland",5412,Yield,kg/ha,2005,1414.1,A,Official value
156,"China, mainland",5510,Production,t,2005,21919.0,A,Official value
156,"China, mainland",5312,Area harvested,ha,2006,14400.0,A,Official value
156,"China, mainland",5412,Yield,kg/ha,2006,1781.6,A,Official value
156,"China, mainland",5510,Production,t,2006,25655.0,A,Official value
156,"China, mainland",5312,Area harvested,ha,2007,15110.0,A,Official value
156,"China, mainland",5312,Area harvested,ha,2008,16280.0,A,Official value
156,"China, mainland",5412,Yield,kg/ha,2008,2044.1,A,Official value
156,"China, mainland",5510,Production,t,2008,33278.0,A,Official value
156,"China, mainland",5312,Area harvested,ha,2009,22530.0,A,Official value
156,"China, mainland",5412,Yield,kg/ha,2009,3124.9,A,Official value
156,"China, mainland",5510,Production,t,2009,70405.0,A,Official value
156,"China, mainland",5312,Area harvested,ha,2010,25007.0,A,Official value
156,"China, mainland",5412,Yield,kg/ha,2010,1983.3,A,Official value
156,"China, mainland",5510,Production,t,2010,49596.0,A,Official value
156,"China, mainland",5312,Area harvested,ha,2011,29550.0,A,Official value
156,"China, mainland",5412,Yield,kg/ha,2011,2212.7,A,Official value
156,"China, mainland",5510,Production,t,2011,65384.0,A,Official value
156,"China, mainland",5312,Area harvested,ha,2012,37800.0,A,Official value
156,"China, mainland",5412,Yield,kg/ha,2012,2435.6,A,Official value
156,"China, mainland",5510,Production,t,2012,92064.0,A,Official value
156,"China, mainland",5312,Area harvested,ha,2013,49600.0,A,Official value
156,"China, mainland",5412,Yield,kg/ha,2013,2355.4,A,Official value
156,"China, mainland",5510,Production,t,2013,116826.0,A,Official value
158,"China, Taiwan Province of",5312,Area harvested,ha,1961,115.0,A,Official value
158,"China, Taiwan Province of",5412,Yield,kg/ha,1961,973.9,A,Official value
158,"China, Taiwan Province of",5510,Production,t,1961,112.0,A,Official value
158,"China, Taiwan Province of",5312,Area harvested,ha,1962,55.0,A,Official value
158,"China, Taiwan Province of",5412,Yield,kg/ha,1962,1018.2,A,Official value
158,"China, Taiwan Province of",5510,Production,t,1962,56.0,A,Official value
158,"China, Taiwan Province of",5312,Area harvested,ha,1963,43.0,A,Official value
158,"China, Taiwan Province of",5412,Yield,kg/ha,1963,976.7,A,Official value
158,"China, Taiwan Province of",5510,Production,t,1963,42.0,A,Official value
158,"China, Taiwan Province of",5312,Area harvested,ha,1964,57.0,A,Official value
158,"China, Taiwan Province of",5412,Yield,kg/ha,1964,807.0,A,Official value
158,"China, Taiwan Province of",5510,Production,t,1964,46.0,A,Official value
158,"China, Taiwan Province of",5312,Area harvested,ha,1965,80.0,A,Official value
158,"China, Taiwan Province of",5412,Yield,kg/ha,1965,962.5,A,Official value
158,"China, Taiwan Province of",5510,Production,t,1965,77.0,A,Official value
158,"China, Taiwan Province of",5312,Area harvested,ha,1966,78.0,A,Official value
158,"China, Taiwan Province of",5412,Yield,kg/ha,1966,461.5,A,Official value
158,"China, Taiwan Province of",5510,Production,t,1966,36.0,A,Official value
158,"China, Taiwan Province of",5312,Area harvested,ha,1967,79.0,A,Official value
158,"China, Taiwan Province of",5412,Yield,kg/ha,1967,835.4,A,Official value
158,"China, Taiwan Province of",5510,Production,t,1967,66.0,A,Official value
158,"China, Taiwan Province of",5312,Area harvested,ha,1968,80.0,A,Official value
158,"China, Taiwan Province of",5412,Yield,kg/ha,1968,500.0,A,Official value
158,"China, Taiwan Province of",5510,Production,t,1968,40.0,A,Official value
158,"China, Taiwan Province of",5312,Area harvested,ha,1969,74.0,A,Official value
158,"China, Taiwan Province of",5412,Yield,kg/ha,1969,648.6,A,Official value
158,"China, Taiwan Province of",5510,Production,t,1969,48.0,A,Official value
158,"China, Taiwan Province of",5312,Area harvested,ha,1970,77.0,A,Official value
158,"China, Taiwan Province of",5412,Yield,kg/ha,1970,467.5,A,Official value
158,"China, Taiwan Province of",5510,Production,t,1970,36.0,A,Official value
158,"China, Taiwan Province of",5312,Area harvested,ha,1971,85.0,A,Official value
158,"China, Taiwan Province of",5412,Yield,kg/ha,1971,400.0,A,Official value
158,"China, Taiwan Province of",5510,Production,t,1971,34.0,A,Official value
158,"China, Taiwan Province of",5312,Area harvested,ha,1972,84.0,A,Official value
158,"China, Taiwan Province of",5412,Yield,kg/ha,1972,345.2,A,Official value
158,"China, Taiwan Province of",5510,Production,t,1972,29.0,A,Official value
158,"China, Taiwan Province of",5312,Area harvested,ha,1973,92.0,A,Official value
158,"China, Taiwan Province of",5412,Yield,kg/ha,1973,184.8,A,Official value
158,"China, Taiwan Province of",5510,Production,t,1973,17.0,A,Official value
158,"China, Taiwan Province of",5312,Area harvested,ha,1974,99.0,A,Official value
158,"China, Taiwan Province of",5412,Yield,kg/ha,1974,686.9,A,Official value
158,"China, Taiwan Province of",5510,Production,t,1974,68.0,A,Official value
158,"China, Taiwan Province of",5312,Area harvested,ha,1975,77.0,A,Official value
158,"China, Taiwan Province of",5412,Yield,kg/ha,1975,857.1,A,Official value
158,"China, Taiwan Province of",5510,Production,t,1975,66.0,A,Official value
158,"China, Taiwan Province of",5510,Production,t,1976,9.0,A,Official value
158,"China, Taiwan Province of",5510,Production,t,1977,52.0,A,Official value
158,"China, Taiwan Province of",5510,Production,t,1978,47.0,A,Official value
158,"China, Taiwan Province of",5510,Production,t,1979,36.0,A,Official value
158,"China, Taiwan Province of",5510,Production,t,1980,51.0,A,Official value
158,"China, Taiwan Province of",5510,Production,t,1981,52.0,A,Official value
158,"China, Taiwan Province of",5510,Production,t,1982,54.0,A,Official value
158,"China, Taiwan Province of",5510,Production,t,1983,0.0,A,Official value
158,"China, Taiwan Province of",5312,Area harvested,ha,1984,0.0,A,Official value
158,"China, Taiwan Province of",5510,Production,t,1984,0.0,A,Official value
158,"China, Taiwan Province of",5312,Area harvested,ha,1985,0.0,A,Official value
158,"China, Taiwan Province of",5510,Production,t,1985,0.0,A,Official value
158,"China, Taiwan Province of",5312,Area harvested,ha,1986,0.0,A,Official value
158,"China, Taiwan Province of",5510,Production,t,1986,0.0,A,Official value
158,"China, Taiwan Province of",5312,Area harvested,ha,1987,0.0,A,Official value
158,"China, Taiwan Province of",5510,Production,t,1987,0.0,A,Official value
158,"China, Taiwan Province of",5312,Area harvested,ha,1988,0.0,A,Official value
158,"China, Taiwan Province of",5510,Production,t,1988,0.0,A,Official value
158,"China, Taiwan Province of",5312,Area harvested,ha,1989,0.0,A,Official value
158,"China, Taiwan Province of",5510,Production,t,1989,0.0,A,Official value
158,"China, Taiwan Province of",5312,Area harvested,ha,1990,0.0,A,Official value
158,"China, Taiwan Province of",5510,Production,t,1990,0.0,A,Official value
158,"China, Taiwan Province of",5312,Area harvested,ha,1991,0.0,A,Official value
158,"China, Taiwan Province of",5510,Production,t,1991,0.0,A,Official value
158,"China, Taiwan Province of",5312,Area harvested,ha,1992,0.0,A,Official value
158,"China, Taiwan Province of",5510,Production,t,1992,0.0,A,Official value
158,"China, Taiwan Province of",5312,Area harvested,ha,1993,0.0,A,Official value
158,"China, Taiwan Province of",5510,Production,t,1993,0.0,A,Official value
158,"China, Taiwan Province of",5312,Area harvested,ha,1994,0.0,A,Official value
158,"China, Taiwan Province of",5510,Production,t,1994,0.0,A,Official value
158,"China, Taiwan Province of",5312,Area harvested,ha,1995,0.0,A,Official value
158,"China, Taiwan Province of",5510,Production,t,1995,0.0,A,Official value
158,"China, Taiwan Province of",5312,Area harvested,ha,1996,0.0,A,Official value
158,"China, Taiwan Province of",5510,Production,t,1996,0.0,A,Official value
158,"China, Taiwan Province of",5312,Area harvested,ha,2015,960.0,A,Official value
158,"China, Taiwan Province of",5412,Yield,kg/ha,2015,788.5,A,Official value
158,"China, Taiwan Province of",5510,Production,t,2015,757.0,A,Official value
158,"China, Taiwan Province of",5312,Area harvested,ha,2016,1097.0,A,Official value
158,"China, Taiwan Province of",5412,Yield,kg/ha,2016,766.6,A,Official value
158,"China, Taiwan Province of",5510,Production,t,2016,841.0,A,Official value
158,"China, Taiwan Province of",5312,Area harvested,ha,2017,1117.0,A,Official value
158,"China, Taiwan Province of",5412,Yield,kg/ha,2017,847.8,A,Official value
158,"China, Taiwan Province of",5510,Production,t,2017,947.0,A,Official value
158,"China, Taiwan Province of",5312,Area harvested,ha,2018,1152.0,A,Official value
158,"China, Taiwan Province of",5412,Yield,kg/ha,2018,884.5,A,Official value
158,"China, Taiwan Province of",5510,Production,t,2018,1019.0,A,Official value
158,"China, Taiwan Province of",5312,Area harvested,ha,2019,1099.0,A,Official value
158,"China, Taiwan Province of",5412,Yield,kg/ha,2019,920.8,A,Official value
158,"China, Taiwan Province of",5510,Production,t,2019,1012.0,A,Official value
158,"China, Taiwan Province of",5312,Area harvested,ha,2020,1112.0,A,Official value
158,"China, Taiwan Province of",5412,Yield,kg/ha,2020,872.3,A,Official value
158,"China, Taiwan Province of",5510,Production,t,2020,970.0,A,Official value
158,"China, Taiwan Province of",5312,Area harvested,ha,2021,1142.0,A,Official value
158,"China, Taiwan Province of",5412,Yield,kg/ha,2021,793.3,A,Official value
158,"China, Taiwan Province of",5510,Production,t,2021,906.0,A,Official value
158,"China, Taiwan Province of",5312,Area harvested,ha,2022,1143.0,A,Official value
158,"China, Taiwan Province of",5412,Yield,kg/ha,2022,857.4,A,Official value
158,"China, Taiwan Province of",5510,Production,t,2022,980.0,A,Official value
158,"China, Taiwan Province of",5312,Area harvested,ha,2023,1166.0,A,Official value
158,"China, Taiwan Province of",5412,Yield,kg/ha,2023,819.9,A,Official value
158,"China, Taiwan Province of",5510,Production,t,2023,956.0,A,Official value
170,Colombia,5312,Area harvested,ha,1961,832000.0,A,Official value
170,Colombia,5412,Yield,kg/ha,1961,540.9,A,Official value
170,Colombia,5510,Production,t,1961,450000.0,A,Official value
170,Colombia,5312,Area harvested,ha,1962,824000.0,A,Official value
170,Colombia,5412,Yield,kg/ha,1962,585.1,A,Official value
170,Colombia,5510,Production,t,1962,482100.0,A,Official value
170,Colombia,5312,Area harvested,ha,1963,810000.0,A,Official value
170,Colombia,5412,Yield,kg/ha,1963,555.6,A,Official value
170,Colombia,5510,Production,t,1963,450000.0,A,Official value
170,Colombia,5312,Area harvested,ha,1964,813000.0,A,Official value
170,Colombia,5412,Yield,kg/ha,1964,575.6,A,Official value
170,Colombia,5510,Production,t,1964,468000.0,A,Official value
170,Colombia,5312,Area harvested,ha,1965,812000.0,A,Official value
170,Colombia,5412,Yield,kg/ha,1965,605.9,A,Official value
170,Colombia,5510,Production,t,1965,492000.0,A,Official value
170,Colombia,5312,Area harvested,ha,1966,811000.0,A,Official value
170,Colombia,5412,Yield,kg/ha,1966,606.7,A,Official value
170,Colombia,5510,Production,t,1966,492000.0,A,Official value
170,Colombia,5312,Area harvested,ha,1967,811000.0,A,Official value
170,Colombia,5412,Yield,kg/ha,1967,562.3,A,Official value
170,Colombia,5510,Production,t,1967,456000.0,A,Official value
170,Colombia,5312,Area harvested,ha,1968,816000.0,A,Official value
170,Colombia,5412,Yield,kg/ha,1968,588.2,A,Official value
170,Colombia,5510,Production,t,1968,480000.0,A,Official value
170,Colombia,5312,Area harvested,ha,1969,810000.0,A,Official value
170,Colombia,5412,Yield,kg/ha,1969,585.2,A,Official value
170,Colombia,5510,Production,t,1969,474000.0,A,Official value
170,Colombia,5510,Production,t,1970,507000.0,A,Official value
170,Colombia,5510,Production,t,1971,468000.0,A,Official value
170,Colombia,5510,Production,t,1972,432000.0,A,Official value
170,Colombia,5510,Production,t,1973,528000.0,A,Official value
170,Colombia,5510,Production,t,1974,470000.0,A,Official value
170,Colombia,5510,Production,t,1975,513200.0,A,Official value
170,Colombia,5510,Production,t,1976,483000.0,A,Official value
170,Colombia,5510,Production,t,1977,639420.0,A,Official value
170,Colombia,5510,Production,t,1978,683220.0,A,Official value
170,Colombia,5510,Production,t,1979,713340.0,A,Official value
170,Colombia,5510,Production,t,1980,724380.0,A,Official value
170,Colombia,5510,Production,t,1981,782200.0,A,Official value
170,Colombia,5510,Production,t,1982,773600.0,A,Official value
170,Colombia,5510,Production,t,1983,768600.0,A,Official value
170,Colombia,5510,Production,t,1984,807800.0,A,Official value
170,Colombia,5510,Production,t,1985,643100.0,A,Official value
170,Colombia,5510,Production,t,1986,713500.0,A,Official value
170,Colombia,5510,Production,t,1987,651600.0,A,Official value
170,Colombia,5510,Production,t,1988,708700.0,A,Official value
170,Colombia,5510,Production,t,1989,664000.0,A,Official value
170,Colombia,5510,Production,t,1990,845000.0,A,Official value
170,Colombia,5312,Area harvested,ha,1991,966000.0,A,Official value
170,Colombia,5412,Yield,kg/ha,1991,1004.9,A,Official value
170,Colombia,5510,Production,t,1991,970740.0,A,Official value
170,Colombia,5312,Area harvested,ha,1992,984000.0,A,Official value
170,Colombia,5312,Area harvested,ha,1993,1000000.0,A,Official value
170,Colombia,5412,Yield,kg/ha,1993,818.2,A,Official value
170,Colombia,5510,Production,t,1993,818220.0,A,Official value
170,Colombia,5312,Area harvested,ha,1994,1006000.0,A,Official value
170,Colombia,5412,Yield,kg/ha,1994,717.6,A,Official value
170,Colombia,5510,Production,t,1994,721860.0,A,Official value
170,Colombia,5312,Area harvested,ha,1995,852500.0,A,Official value
170,Colombia,5412,Yield,kg/ha,1995,964.0,A,Official value
170,Colombia,5510,Production,t,1995,821820.0,A,Official value
170,Colombia,5312,Area harvested,ha,1996,847000.0,A,Official value
170,Colombia,5412,Yield,kg/ha,1996,792.7,A,Official value
170,Colombia,5510,Production,t,1996,671401.0,A,Official value
170,Colombia,5312,Area harvested,ha,1997,830000.0,A,Official value
170,Colombia,5412,Yield,kg/ha,1997,773.8,A,Official value
170,Colombia,5510,Production,t,1997,642239.0,A,Official value
170,Colombia,5312,Area harvested,ha,1998,812000.0,A,Official value
170,Colombia,5412,Yield,kg/ha,1998,944.6,A,Official value
170,Colombia,5510,Production,t,1998,766980.0,A,Official value
170,Colombia,5312,Area harvested,ha,1999,783000.0,A,Official value
170,Colombia,5412,Yield,kg/ha,1999,698.2,A,Official value
170,Colombia,5510,Production,t,1999,546720.0,A,Official value
170,Colombia,5312,Area harvested,ha,2000,675342.0,A,Official value
170,Colombia,5412,Yield,kg/ha,2000,943.4,A,Official value
170,Colombia,5510,Production,t,2000,637140.0,A,Official value
170,Colombia,5312,Area harvested,ha,2001,704846.0,A,Official value
170,Colombia,5412,Yield,kg/ha,2001,930.9,A,Official value
170,Colombia,5510,Production,t,2001,656160.0,A,Official value
170,Colombia,5312,Area harvested,ha,2002,710510.0,A,Official value
170,Colombia,5412,Yield,kg/ha,2002,980.8,A,Official value
170,Colombia,5510,Production,t,2002,696840.0,A,Official value
170,Colombia,5312,Area harvested,ha,2003,721362.0,A,Official value
170,Colombia,5412,Yield,kg/ha,2003,962.2,A,Official value
170,Colombia,5510,Production,t,2003,694080.0,A,Official value
170,Colombia,5312,Area harvested,ha,2004,771219.0,A,Official value
170,Colombia,5412,Yield,kg/ha,2004,874.5,A,Official value
170,Colombia,5510,Production,t,2004,674400.0,A,Official value
170,Colombia,5312,Area harvested,ha,2005,806884.0,A,Official value
170,Colombia,5412,Yield,kg/ha,2005,826.8,A,Official value
170,Colombia,5510,Production,t,2005,667140.0,A,Official value
170,Colombia,5312,Area harvested,ha,2006,785535.0,A,Official value
170,Colombia,5412,Yield,kg/ha,2006,922.6,A,Official value
170,Colombia,5510,Production,t,2006,724740.0,A,Official value
170,Colombia,5312,Area harvested,ha,2007,797660.0,A,Official value
170,Colombia,5412,Yield,kg/ha,2007,949.1,A,Official value
170,Colombia,5510,Production,t,2007,757080.0,A,Official value
170,Colombia,5312,Area harvested,ha,2008,732656.0,A,Official value
170,Colombia,5412,Yield,kg/ha,2008,940.0,A,Official value
170,Colombia,5510,Production,t,2008,688680.0,A,Official value
170,Colombia,5312,Area harvested,ha,2009,765345.0,A,Official value
170,Colombia,5412,Yield,kg/ha,2009,612.4,A,Official value
170,Colombia,5510,Production,t,2009,468720.0,A,Official value
170,Colombia,5312,Area harvested,ha,2010,778052.0,A,Official value
170,Colombia,5412,Yield,kg/ha,2010,688.1,A,Official value
170,Colombia,5510,Production,t,2010,535380.0,A,Official value
170,Colombia,5312,Area harvested,ha,2011,723921.0,A,Official value
170,Colombia,5412,Yield,kg/ha,2011,647.2,A,Official value
170,Colombia,5510,Production,t,2011,468540.0,A,Official value
170,Colombia,5312,Area harvested,ha,2012,696023.0,A,Official value
170,Colombia,5412,Yield,kg/ha,2012,663.8,A,Official value
170,Colombia,5510,Production,t,2012,462000.0,A,Official value
170,Colombia,5312,Area harvested,ha,2013,771725.0,A,Official value
170,Colombia,5412,Yield,kg/ha,2013,846.4,A,Official value
170,Colombia,5510,Production,t,2013,653160.0,A,Official value
170,Colombia,5312,Area harvested,ha,2014,795563.0,A,Official value
170,Colombia,5412,Yield,kg/ha,2014,915.6,A,Official value
170,Colombia,5510,Production,t,2014,728400.0,A,Official value
170,Colombia,5312,Area harvested,ha,2015,801118.0,A,Official value
170,Colombia,5412,Yield,kg/ha,2015,1033.2,A,Official value
170,Colombia,5510,Production,t,2015,827750.0,A,Official value
170,Colombia,5312,Area harvested,ha,2016,778362.0,A,Official value
170,Colombia,5412,Yield,kg/ha,2016,1051.2,A,Official value
170,Colombia,5510,Production,t,2016,818243.0,A,Official value
170,Colombia,5312,Area harvested,ha,2017,903950.0,A,Official value
170,Colombia,5412,Yield,kg/ha,2017,942.1,A,Official value
170,Colombia,5510,Production,t,2017,851640.0,A,Official value
170,Colombia,5312,Area harvested,ha,2018,877140.0,A,Official value
170,Colombia,5412,Yield,kg/ha,2018,927.4,A,Official value
170,Colombia,5510,Production,t,2018,813420.0,A,Official value
170,Colombia,5312,Area harvested,ha,2019,853698.0,A,Official value
170,Colombia,5412,Yield,kg/ha,2019,1036.8,A,Official value
170,Colombia,5510,Production,t,2019,885120.0,A,Official value
170,Colombia,5312,Area harvested,ha,2020,844744.0,A,Official value
170,Colombia,5412,Yield,kg/ha,2020,986.6,A,Official value
170,Colombia,5510,Production,t,2020,833400.0,A,Official value
170,Colombia,5312,Area harvested,ha,2021,840112.0,A,Official value
170,Colombia,5412,Yield,kg/ha,2021,667.0,A,Official value
170,Colombia,5510,Production,t,2021,560340.0,A,Official value
170,Colombia,5312,Area harvested,ha,2022,842399.0,A,Official value
170,Colombia,5412,Yield,kg/ha,2022,789.4,A,Official value
170,Colombia,5510,Production,t,2022,665015.95,A,Official value
170,Colombia,5312,Area harvested,ha,2023,841354.0,A,Official value
170,Colombia,5412,Yield,kg/ha,2023,809.2,A,Official value
170,Colombia,5510,Production,t,2023,680857.67,A,Official value
170,Colombia,5312,Area harvested,ha,2024,837685.0,A,Official value
170,Colombia,5412,Yield,kg/ha,2024,1002.6,A,Official value
170,Colombia,5510,Production,t,2024,839846.69,A,Official value
178,Congo,5312,Area harvested,ha,1961,4000.0,A,Official value
178,Congo,5412,Yield,kg/ha,1961,225.0,A,Official value
178,Congo,5510,Production,t,1961,900.0,A,Official value
178,Congo,5312,Area harvested,ha,1962,4000.0,A,Official value
178,Congo,5412,Yield,kg/ha,1962,325.0,A,Official value
178,Congo,5510,Production,t,1962,1300.0,A,Official value
178,Congo,5510,Production,t,1963,1500.0,A,Official value
178,Congo,5510,Production,t,1964,1500.0,A,Official value
178,Congo,5510,Production,t,1965,2700.0,A,Official value
178,Congo,5510,Production,t,1966,910.0,A,Official value
178,Congo,5510,Production,t,1967,920.0,A,Official value
178,Congo,5510,Production,t,1968,890.0,A,Official value
178,Congo,5510,Production,t,1969,1111.0,A,Official value
178,Congo,5510,Production,t,1970,1102.0,A,Official value
178,Congo,5312,Area harvested,ha,1971,5500.0,A,Official value
178,Congo,5412,Yield,kg/ha,1971,233.8,A,Official value
178,Congo,5510,Production,t,1971,1286.0,A,Official value
178,Congo,5510,Production,t,1972,1021.0,A,Official value
178,Congo,5510,Production,t,1973,1035.0,A,Official value
178,Congo,5510,Production,t,1974,1292.0,A,Official value
178,Congo,5510,Production,t,1975,1050.0,A,Official value
178,Congo,5312,Area harvested,ha,1976,3800.0,A,Official value
178,Congo,5412,Yield,kg/ha,1976,568.4,A,Official value
178,Congo,5510,Production,t,1976,2160.0,A,Official value
178,Congo,5312,Area harvested,ha,1977,4117.0,A,Official value
178,Congo,5412,Yield,kg/ha,1977,1273.7,A,Official value
178,Congo,5510,Production,t,1977,5244.0,A,Official value
178,Congo,5312,Area harvested,ha,1978,5134.0,A,Official value
178,Congo,5412,Yield,kg/ha,1978,943.3,A,Official value
178,Congo,5510,Production,t,1978,4843.0,A,Official value
178,Congo,5312,Area harvested,ha,1986,3750.0,A,Official value
178,Congo,5412,Yield,kg/ha,1986,385.1,A,Official value
178,Congo,5510,Production,t,1986,1444.0,A,Official value
178,Congo,5312,Area harvested,ha,1987,3835.0,A,Official value
178,Congo,5412,Yield,kg/ha,1987,268.1,A,Official value
178,Congo,5510,Production,t,1987,1028.0,A,Official value
178,Congo,5312,Area harvested,ha,1988,4010.0,A,Official value
178,Congo,5412,Yield,kg/ha,1988,456.4,A,Official value
178,Congo,5510,Production,t,1988,1830.0,A,Official value
178,Congo,5312,Area harvested,ha,1989,4150.0,A,Official value
178,Congo,5412,Yield,kg/ha,1989,444.1,A,Official value
178,Congo,5510,Production,t,1989,1843.0,A,Official value
178,Congo,5312,Area harvested,ha,1990,3230.0,A,Official value
178,Congo,5412,Yield,kg/ha,1990,419.2,A,Official value
178,Congo,5510,Production,t,1990,1354.0,A,Official value
178,Congo,5312,Area harvested,ha,1991,3510.0,A,Official value
178,Congo,5412,Yield,kg/ha,1991,399.1,A,Official value
178,Congo,5510,Production,t,1991,1401.0,A,Official value
178,Congo,5312,Area harvested,ha,1992,3491.0,A,Official value
178,Congo,5412,Yield,kg/ha,1992,415.4,A,Official value
178,Congo,5510,Production,t,1992,1450.0,A,Official value
178,Congo,5510,Production,t,1993,1501.0,A,Official value
178,Congo,5510,Production,t,1994,1553.0,A,Official value
178,Congo,5510,Production,t,1995,1606.0,A,Official value
178,Congo,5510,Production,t,1997,1338.0,A,Official value
178,Congo,5510,Production,t,1998,850.0,A,Official value
178,Congo,5312,Area harvested,ha,1999,4996.0,A,Official value
178,Congo,5412,Yield,kg/ha,1999,298.2,A,Official value
178,Congo,5510,Production,t,1999,1490.0,A,Official value
178,Congo,5312,Area harvested,ha,2000,5166.0,A,Official value
178,Congo,5412,Yield,kg/ha,2000,300.0,A,Official value
178,Congo,5510,Production,t,2000,1550.0,A,Official value
178,Congo,5312,Area harvested,ha,2001,5373.0,A,Official value
178,Congo,5412,Yield,kg/ha,2001,300.0,A,Official value
178,Congo,5510,Production,t,2001,1612.0,A,Official value
178,Congo,5312,Area harvested,ha,2002,5623.0,A,Official value
178,Congo,5412,Yield,kg/ha,2002,300.0,A,Official value
178,Congo,5510,Production,t,2002,1687.0,A,Official value
178,Congo,5510,Production,t,2008,2400.0,A,Official value
184,Cook Islands,5312,Area harvested,ha,1961,0.0,A,Official value
184,Cook Islands,5510,Production,t,1961,3.0,A,Official value
184,Cook Islands,5312,Area harvested,ha,1962,0.0,A,Official value
184,Cook Islands,5312,Area harvested,ha,1963,0.0,A,Official value
184,Cook Islands,5312,Area harvested,ha,1964,57.0,A,Official value
184,Cook Islands,5412,Yield,kg/ha,1964,193.0,A,Official value
184,Cook Islands,5510,Production,t,1964,11.0,A,Official value
184,Cook Islands,5312,Area harvested,ha,1965,81.0,A,Official value
184,Cook Islands,5312,Area harvested,ha,1966,101.0,A,Official value
184,Cook Islands,5312,Area harvested,ha,1967,40.0,A,Official value
184,Cook Islands,5312,Area harvested,ha,1969,101.0,A,Official value
184,Cook Islands,5312,Area harvested,ha,1970,101.0,A,Official value
184,Cook Islands,5312,Area harvested,ha,1971,101.0,A,Official value
184,Cook Islands,5312,Area harvested,ha,1974,101.0,A,Official value
184,Cook Islands,5312,Area harvested,ha,1975,101.0,A,Official value
184,Cook Islands,5312,Area harvested,ha,1976,10.0,A,Official value
184,Cook Islands,5412,Yield,kg/ha,1976,200.0,A,Official value
184,Cook Islands,5510,Production,t,1976,2.0,A,Official value
184,Cook Islands,5312,Area harvested,ha,1977,10.0,A,Official value
184,Cook Islands,5412,Yield,kg/ha,1977,300.0,A,Official value
184,Cook Islands,5510,Production,t,1977,3.0,A,Official value
184,Cook Islands,5312,Area harvested,ha,1978,10.0,A,Official value
184,Cook Islands,5412,Yield,kg/ha,1978,200.0,A,Official value
184,Cook Islands,5510,Production,t,1978,2.0,A,Official value
184,Cook Islands,5312,Area harvested,ha,1979,10.0,A,Official value
184,Cook Islands,5312,Area harvested,ha,1988,12.0,A,Official value
184,Cook Islands,5412,Yield,kg/ha,1988,83.3,A,Official value
184,Cook Islands,5510,Production,t,1988,1.0,A,Official value
184,Cook Islands,5312,Area harvested,ha,1989,5.0,A,Official value
184,Cook Islands,5412,Yield,kg/ha,1989,200.0,A,Official value
184,Cook Islands,5510,Production,t,1989,1.0,A,Official value
184,Cook Islands,5312,Area harvested,ha,1990,8.0,A,Official value
184,Cook Islands,5412,Yield,kg/ha,1990,250.0,A,Official value
184,Cook Islands,5510,Production,t,1990,2.0,A,Official value
184,Cook Islands,5312,Area harvested,ha,1991,8.0,A,Official value
184,Cook Islands,5412,Yield,kg/ha,1991,250.0,A,Official value
184,Cook Islands,5510,Production,t,1991,2.0,A,Official value
184,Cook Islands,5312,Area harvested,ha,1992,10.0,A,Official value
184,Cook Islands,5412,Yield,kg/ha,1992,500.0,A,Official value
184,Cook Islands,5510,Production,t,1992,5.0,A,Official value
184,Cook Islands,5312,Area harvested,ha,1993,10.0,A,Official value
184,Cook Islands,5412,Yield,kg/ha,1993,400.0,A,Official value
184,Cook Islands,5510,Production,t,1993,4.0,A,Official value
184,Cook Islands,5312,Area harvested,ha,1994,12.0,A,Official value
184,Cook Islands,5412,Yield,kg/ha,1994,666.7,A,Official value
184,Cook Islands,5510,Production,t,1994,8.0,A,Official value
184,Cook Islands,5312,Area harvested,ha,1995,20.0,A,Official value
184,Cook Islands,5412,Yield,kg/ha,1995,750.0,A,Official value
184,Cook Islands,5510,Production,t,1995,15.0,A,Official value
184,Cook Islands,5312,Area harvested,ha,1996,15.0,A,Official value
184,Cook Islands,5412,Yield,kg/ha,1996,1333.3,A,Official value
184,Cook Islands,5510,Production,t,1996,20.0,A,Official value
184,Cook Islands,5510,Production,t,1999,5.0,A,Official value
184,Cook Islands,5312,Area harvested,ha,2003,5.0,A,Official value
184,Cook Islands,5412,Yield,kg/ha,2003,600.0,A,Official value
184,Cook Islands,5510,Production,t,2003,3.0,A,Official value
184,Cook Islands,5510,Production,t,2004,0.0,A,Official value
188,Costa Rica,5312,Area harvested,ha,1961,73000.0,A,Official value
188,Costa Rica,5412,Yield,kg/ha,1961,846.2,A,Official value
188,Costa Rica,5510,Production,t,1961,61769.0,A,Official value
188,Costa Rica,5312,Area harvested,ha,1962,74800.0,A,Official value
188,Costa Rica,5412,Yield,kg/ha,1962,728.9,A,Official value
188,Costa Rica,5510,Production,t,1962,54523.0,A,Official value
188,Costa Rica,5312,Area harvested,ha,1963,83900.0,A,Official value
188,Costa Rica,5412,Yield,kg/ha,1963,742.5,A,Official value
188,Costa Rica,5510,Production,t,1963,62295.0,A,Official value
188,Costa Rica,5312,Area harvested,ha,1964,84100.0,A,Official value
188,Costa Rica,5412,Yield,kg/ha,1964,561.5,A,Official value
188,Costa Rica,5510,Production,t,1964,47219.0,A,Official value
188,Costa Rica,5312,Area harvested,ha,1965,86000.0,A,Official value
188,Costa Rica,5412,Yield,kg/ha,1965,678.9,A,Official value
188,Costa Rica,5510,Production,t,1965,58384.0,A,Official value
188,Costa Rica,5312,Area harvested,ha,1966,88000.0,A,Official value
188,Costa Rica,5412,Yield,kg/ha,1966,776.6,A,Official value
188,Costa Rica,5510,Production,t,1966,68344.0,A,Official value
188,Costa Rica,5312,Area harvested,ha,1967,90000.0,A,Official value
188,Costa Rica,5412,Yield,kg/ha,1967,844.6,A,Official value
188,Costa Rica,5510,Production,t,1967,76014.0,A,Official value
188,Costa Rica,5312,Area harvested,ha,1968,92000.0,A,Official value
188,Costa Rica,5412,Yield,kg/ha,1968,754.0,A,Official value
188,Costa Rica,5510,Production,t,1968,69372.0,A,Official value
188,Costa Rica,5312,Area harvested,ha,1969,94000.0,A,Official value
188,Costa Rica,5412,Yield,kg/ha,1969,899.5,A,Official value
188,Costa Rica,5510,Production,t,1969,84549.0,A,Official value
188,Costa Rica,5510,Production,t,1970,73192.0,A,Official value
188,Costa Rica,5510,Production,t,1971,89350.0,A,Official value
188,Costa Rica,5510,Production,t,1972,78787.0,A,Official value
188,Costa Rica,5312,Area harvested,ha,1973,83407.0,A,Official value
188,Costa Rica,5412,Yield,kg/ha,1973,1147.6,A,Official value
188,Costa Rica,5510,Production,t,1973,95721.0,A,Official value
188,Costa Rica,5312,Area harvested,ha,1974,83406.0,A,Official value
188,Costa Rica,5412,Yield,kg/ha,1974,1010.6,A,Official value
188,Costa Rica,5510,Production,t,1974,84287.0,A,Official value
188,Costa Rica,5312,Area harvested,ha,1975,84759.0,A,Official value
188,Costa Rica,5412,Yield,kg/ha,1975,946.8,A,Official value
188,Costa Rica,5510,Production,t,1975,80248.0,A,Official value
188,Costa Rica,5312,Area harvested,ha,1976,81750.0,A,Official value
188,Costa Rica,5412,Yield,kg/ha,1976,1000.4,A,Official value
188,Costa Rica,5510,Production,t,1976,81784.0,A,Official value
188,Costa Rica,5312,Area harvested,ha,1977,81000.0,A,Official value
188,Costa Rica,5412,Yield,kg/ha,1977,1076.3,A,Official value
188,Costa Rica,5510,Production,t,1977,87183.0,A,Official value
188,Costa Rica,5312,Area harvested,ha,1978,81000.0,A,Official value
188,Costa Rica,5412,Yield,kg/ha,1978,1216.7,A,Official value
188,Costa Rica,5510,Production,t,1978,98549.0,A,Official value
188,Costa Rica,5312,Area harvested,ha,1979,81750.0,A,Official value
188,Costa Rica,5412,Yield,kg/ha,1979,1205.8,A,Official value
188,Costa Rica,5510,Production,t,1979,98575.0,A,Official value
188,Costa Rica,5312,Area harvested,ha,1980,81750.0,A,Official value
188,Costa Rica,5412,Yield,kg/ha,1980,1301.4,A,Official value
188,Costa Rica,5510,Production,t,1980,106389.0,A,Official value
188,Costa Rica,5312,Area harvested,ha,1981,85000.0,A,Official value
188,Costa Rica,5412,Yield,kg/ha,1981,1330.6,A,Official value
188,Costa Rica,5510,Production,t,1981,113102.0,A,Official value
188,Costa Rica,5312,Area harvested,ha,1982,85000.0,A,Official value
188,Costa Rica,5412,Yield,kg/ha,1982,1354.0,A,Official value
188,Costa Rica,5510,Production,t,1982,115087.0,A,Official value
188,Costa Rica,5312,Area harvested,ha,1983,87000.0,A,Official value
188,Costa Rica,5412,Yield,kg/ha,1983,1425.4,A,Official value
188,Costa Rica,5510,Production,t,1983,124008.0,A,Official value
188,Costa Rica,5312,Area harvested,ha,1984,90000.0,A,Official value
188,Costa Rica,5412,Yield,kg/ha,1984,1520.6,A,Official value
188,Costa Rica,5510,Production,t,1984,136857.0,A,Official value
188,Costa Rica,5312,Area harvested,ha,1985,90000.0,A,Official value
188,Costa Rica,5412,Yield,kg/ha,1985,1377.8,A,Official value
188,Costa Rica,5510,Production,t,1985,124000.0,A,Official value
188,Costa Rica,5312,Area harvested,ha,1986,111000.0,A,Official value
188,Costa Rica,5412,Yield,kg/ha,1986,1155.2,A,Official value
188,Costa Rica,5510,Production,t,1986,128227.0,A,Official value
188,Costa Rica,5510,Production,t,1987,138000.0,A,Official value
188,Costa Rica,5510,Production,t,1988,144900.0,A,Official value
188,Costa Rica,5312,Area harvested,ha,1989,105000.0,A,Official value
188,Costa Rica,5412,Yield,kg/ha,1989,1495.2,A,Official value
188,Costa Rica,5510,Production,t,1989,157000.0,A,Official value
188,Costa Rica,5312,Area harvested,ha,1990,115000.0,A,Official value
188,Costa Rica,5412,Yield,kg/ha,1990,1313.9,A,Official value
188,Costa Rica,5510,Production,t,1990,151100.0,A,Official value
188,Costa Rica,5312,Area harvested,ha,1991,105000.0,A,Official value
188,Costa Rica,5412,Yield,kg/ha,1991,1504.8,A,Official value
188,Costa Rica,5510,Production,t,1991,158000.0,A,Official value
188,Costa Rica,5312,Area harvested,ha,1992,106000.0,A,Official value
188,Costa Rica,5412,Yield,kg/ha,1992,1584.9,A,Official value
188,Costa Rica,5510,Production,t,1992,168000.0,A,Official value
188,Costa Rica,5312,Area harvested,ha,1993,105000.0,A,Official value
188,Costa Rica,5412,Yield,kg/ha,1993,1494.5,A,Official value
188,Costa Rica,5510,Production,t,1993,156927.0,A,Official value
188,Costa Rica,5312,Area harvested,ha,1994,108966.0,A,Official value
188,Costa Rica,5412,Yield,kg/ha,1994,1358.2,A,Official value
188,Costa Rica,5510,Production,t,1994,147998.0,A,Official value
188,Costa Rica,5312,Area harvested,ha,1995,108000.0,A,Official value
188,Costa Rica,5412,Yield,kg/ha,1995,1389.5,A,Official value
188,Costa Rica,5510,Production,t,1995,150061.0,A,Official value
188,Costa Rica,5312,Area harvested,ha,1996,108000.0,A,Official value
188,Costa Rica,5412,Yield,kg/ha,1996,1427.1,A,Official value
188,Costa Rica,5510,Production,t,1996,154131.0,A,Official value
188,Costa Rica,5312,Area harvested,ha,1997,108000.0,A,Official value
188,Costa Rica,5412,Yield,kg/ha,1997,1222.4,A,Official value
188,Costa Rica,5510,Production,t,1997,132015.0,A,Official value
188,Costa Rica,5312,Area harvested,ha,1998,106000.0,A,Official value
188,Costa Rica,5412,Yield,kg/ha,1998,1437.6,A,Official value
188,Costa Rica,5510,Production,t,1998,152385.0,A,Official value
188,Costa Rica,5312,Area harvested,ha,1999,106000.0,A,Official value
188,Costa Rica,5412,Yield,kg/ha,1999,1395.0,A,Official value
188,Costa Rica,5510,Production,t,1999,147868.0,A,Official value
188,Costa Rica,5312,Area harvested,ha,2000,106000.0,A,Official value
188,Costa Rica,5412,Yield,kg/ha,2000,1522.6,A,Official value
188,Costa Rica,5510,Production,t,2000,161395.0,A,Official value
188,Costa Rica,5312,Area harvested,ha,2001,113130.0,A,Official value
188,Costa Rica,5412,Yield,kg/ha,2001,1328.5,A,Official value
188,Costa Rica,5510,Production,t,2001,150289.0,A,Official value
188,Costa Rica,5312,Area harvested,ha,2002,113387.0,A,Official value
188,Costa Rica,5412,Yield,kg/ha,2002,1242.4,A,Official value
188,Costa Rica,5510,Production,t,2002,140874.0,A,Official value
188,Costa Rica,5312,Area harvested,ha,2003,113387.0,A,Official value
188,Costa Rica,5412,Yield,kg/ha,2003,1166.4,A,Official value
188,Costa Rica,5510,Production,t,2003,132259.0,A,Official value
188,Costa Rica,5312,Area harvested,ha,2004,98681.0,A,Official value
188,Costa Rica,5312,Area harvested,ha,2005,98681.0,A,Official value
188,Costa Rica,5412,Yield,kg/ha,2005,1273.5,A,Official value
188,Costa Rica,5510,Production,t,2005,125669.0,A,Official value
188,Costa Rica,5312,Area harvested,ha,2006,98681.0,A,Official value
188,Costa Rica,5412,Yield,kg/ha,2006,1023.9,A,Official value
188,Costa Rica,5510,Production,t,2006,101038.0,A,Official value
188,Costa Rica,5312,Area harvested,ha,2007,98681.0,A,Official value
188,Costa Rica,5412,Yield,kg/ha,2007,1226.8,A,Official value
188,Costa Rica,5510,Production,t,2007,121058.0,A,Official value
188,Costa Rica,5312,Area harvested,ha,2008,98681.0,A,Official value
188,Costa Rica,5412,Yield,kg/ha,2008,1134.6,A,Official value
188,Costa Rica,5510,Production,t,2008,111959.0,A,Official value
188,Costa Rica,5312,Area harvested,ha,2009,98681.0,A,Official value
188,Costa Rica,5412,Yield,kg/ha,2009,926.2,A,Official value
188,Costa Rica,5510,Production,t,2009,91403.0,A,Official value
188,Costa Rica,5312,Area harvested,ha,2010,98681.0,A,Official value
188,Costa Rica,5412,Yield,kg/ha,2010,928.4,A,Official value
188,Costa Rica,5510,Production,t,2010,91620.0,A,Official value
188,Costa Rica,5312,Area harvested,ha,2011,98681.0,A,Official value
188,Costa Rica,5412,Yield,kg/ha,2011,963.1,A,Official value
188,Costa Rica,5510,Production,t,2011,95038.0,A,Official value
188,Costa Rica,5312,Area harvested,ha,2012,93774.0,A,Official value
188,Costa Rica,5412,Yield,kg/ha,2012,1257.0,A,Official value
188,Costa Rica,5510,Production,t,2012,117873.0,A,Official value
188,Costa Rica,5312,Area harvested,ha,2013,93774.0,A,Official value
188,Costa Rica,5412,Yield,kg/ha,2013,761.2,A,Official value
188,Costa Rica,5510,Production,t,2013,71381.0,A,Official value
188,Costa Rica,5312,Area harvested,ha,2014,84133.0,A,Official value
188,Costa Rica,5412,Yield,kg/ha,2014,1149.8,A,Official value
188,Costa Rica,5510,Production,t,2014,96735.0,A,Official value
188,Costa Rica,5312,Area harvested,ha,2015,84133.0,A,Official value
188,Costa Rica,5412,Yield,kg/ha,2015,996.6,A,Official value
188,Costa Rica,5510,Production,t,2015,83846.0,A,Official value
188,Costa Rica,5312,Area harvested,ha,2016,84133.0,A,Official value
188,Costa Rica,5412,Yield,kg/ha,2016,1114.0,A,Official value
188,Costa Rica,5510,Production,t,2016,93720.0,A,Official value
188,Costa Rica,5312,Area harvested,ha,2017,93697.0,A,Official value
188,Costa Rica,5412,Yield,kg/ha,2017,965.0,A,Official value
188,Costa Rica,5510,Production,t,2017,90419.0,A,Official value
188,Costa Rica,5312,Area harvested,ha,2018,93697.0,A,Official value
188,Costa Rica,5412,Yield,kg/ha,2018,982.1,A,Official value
188,Costa Rica,5510,Production,t,2018,92016.0,A,Official value
188,Costa Rica,5312,Area harvested,ha,2019,93697.0,A,Official value
188,Costa Rica,5412,Yield,kg/ha,2019,815.2,A,Official value
188,Costa Rica,5510,Production,t,2019,76385.0,A,Official value
188,Costa Rica,5312,Area harvested,ha,2020,93697.0,A,Official value
188,Costa Rica,5412,Yield,kg/ha,2020,926.3,A,Official value
188,Costa Rica,5510,Production,t,2020,86791.0,A,Official value
188,Costa Rica,5312,Area harvested,ha,2021,93697.0,A,Official value
188,Costa Rica,5412,Yield,kg/ha,2021,1017.3,A,Official value
188,Costa Rica,5510,Production,t,2021,95322.0,A,Official value
188,Costa Rica,5312,Area harvested,ha,2022,82539.0,A,Official value
188,Costa Rica,5412,Yield,kg/ha,2022,904.1,A,Official value
188,Costa Rica,5510,Production,t,2022,74620.26,A,Official value
188,Costa Rica,5312,Area harvested,ha,2023,82539.0,A,Official value
188,Costa Rica,5412,Yield,kg/ha,2023,972.5,A,Official value
188,Costa Rica,5510,Production,t,2023,80270.33,A,Official value
188,Costa Rica,5312,Area harvested,ha,2024,82539.0,A,Official value
188,Costa Rica,5412,Yield,kg/ha,2024,753.0,A,Official value
188,Costa Rica,5510,Production,t,2024,62153.98,A,Official value
384,Côte d'Ivoire,5312,Area harvested,ha,1961,396000.0,A,Official value
384,Côte d'Ivoire,5412,Yield,kg/ha,1961,468.4,A,Official value
384,Côte d'Ivoire,5510,Production,t,1961,185500.0,A,Official value
384,Côte d'Ivoire,5312,Area harvested,ha,1962,460000.0,A,Official value
384,Côte d'Ivoire,5412,Yield,kg/ha,1962,211.0,A,Official value
384,Côte d'Ivoire,5510,Production,t,1962,97071.0,A,Official value
384,Côte d'Ivoire,5312,Area harvested,ha,1963,516000.0,A,Official value
384,Côte d'Ivoire,5412,Yield,kg/ha,1963,377.2,A,Official value
384,Côte d'Ivoire,5510,Production,t,1963,194639.0,A,Official value
384,Côte d'Ivoire,5312,Area harvested,ha,1964,560000.0,A,Official value
384,Côte d'Ivoire,5412,Yield,kg/ha,1964,465.5,A,Official value
384,Côte d'Ivoire,5510,Production,t,1964,260698.0,A,Official value
384,Côte d'Ivoire,5312,Area harvested,ha,1965,587000.0,A,Official value
384,Côte d'Ivoire,5412,Yield,kg/ha,1965,344.3,A,Official value
384,Côte d'Ivoire,5510,Production,t,1965,202105.0,A,Official value
384,Côte d'Ivoire,5312,Area harvested,ha,1966,615000.0,A,Official value
384,Côte d'Ivoire,5412,Yield,kg/ha,1966,443.2,A,Official value
384,Côte d'Ivoire,5510,Production,t,1966,272566.0,A,Official value
384,Côte d'Ivoire,5312,Area harvested,ha,1967,632000.0,A,Official value
384,Côte d'Ivoire,5412,Yield,kg/ha,1967,206.9,A,Official value
384,Côte d'Ivoire,5510,Production,t,1967,130759.0,A,Official value
384,Côte d'Ivoire,5312,Area harvested,ha,1968,649000.0,A,Official value
384,Côte d'Ivoire,5412,Yield,kg/ha,1968,443.4,A,Official value
384,Côte d'Ivoire,5510,Production,t,1968,287760.0,A,Official value
384,Côte d'Ivoire,5312,Area harvested,ha,1969,652000.0,A,Official value
384,Côte d'Ivoire,5412,Yield,kg/ha,1969,322.3,A,Official value
384,Côte d'Ivoire,5510,Production,t,1969,210124.0,A,Official value
384,Côte d'Ivoire,5312,Area harvested,ha,1970,652000.0,A,Official value
384,Côte d'Ivoire,5412,Yield,kg/ha,1970,428.8,A,Official value
384,Côte d'Ivoire,5510,Production,t,1970,279610.0,A,Official value
384,Côte d'Ivoire,5312,Area harvested,ha,1971,674000.0,A,Official value
384,Côte d'Ivoire,5412,Yield,kg/ha,1971,355.6,A,Official value
384,Côte d'Ivoire,5510,Production,t,1971,239706.0,A,Official value
384,Côte d'Ivoire,5312,Area harvested,ha,1972,695000.0,A,Official value
384,Côte d'Ivoire,5412,Yield,kg/ha,1972,386.8,A,Official value
384,Côte d'Ivoire,5510,Production,t,1972,268836.0,A,Official value
384,Côte d'Ivoire,5312,Area harvested,ha,1973,741000.0,A,Official value
384,Côte d'Ivoire,5412,Yield,kg/ha,1973,407.3,A,Official value
384,Côte d'Ivoire,5510,Production,t,1973,301804.0,A,Official value
384,Côte d'Ivoire,5312,Area harvested,ha,1974,847000.0,A,Official value
384,Côte d'Ivoire,5412,Yield,kg/ha,1974,231.3,A,Official value
384,Côte d'Ivoire,5510,Production,t,1974,195935.0,A,Official value
384,Côte d'Ivoire,5312,Area harvested,ha,1975,863000.0,A,Official value
384,Côte d'Ivoire,5412,Yield,kg/ha,1975,313.3,A,Official value
384,Côte d'Ivoire,5510,Production,t,1975,270400.0,A,Official value
384,Côte d'Ivoire,5312,Area harvested,ha,1976,901500.0,A,Official value
384,Côte d'Ivoire,5412,Yield,kg/ha,1976,342.1,A,Official value
384,Côte d'Ivoire,5510,Production,t,1976,308400.0,A,Official value
384,Côte d'Ivoire,5312,Area harvested,ha,1977,921000.0,A,Official value
384,Côte d'Ivoire,5412,Yield,kg/ha,1977,316.3,A,Official value
384,Côte d'Ivoire,5510,Production,t,1977,291339.0,A,Official value
384,Côte d'Ivoire,5312,Area harvested,ha,1978,956200.0,A,Official value
384,Côte d'Ivoire,5412,Yield,kg/ha,1978,204.5,A,Official value
384,Côte d'Ivoire,5510,Production,t,1978,195565.0,A,Official value
384,Côte d'Ivoire,5312,Area harvested,ha,1979,1007000.0,A,Official value
384,Côte d'Ivoire,5412,Yield,kg/ha,1979,275.1,A,Official value
384,Côte d'Ivoire,5510,Production,t,1979,277048.0,A,Official value
384,Côte d'Ivoire,5312,Area harvested,ha,1980,1032700.0,A,Official value
384,Côte d'Ivoire,5412,Yield,kg/ha,1980,241.7,A,Official value
384,Côte d'Ivoire,5510,Production,t,1980,249608.0,A,Official value
384,Côte d'Ivoire,5312,Area harvested,ha,1981,1072700.0,A,Official value
384,Côte d'Ivoire,5412,Yield,kg/ha,1981,342.0,A,Official value
384,Côte d'Ivoire,5510,Production,t,1981,366839.0,A,Official value
384,Côte d'Ivoire,5312,Area harvested,ha,1982,1110500.0,A,Official value
384,Côte d'Ivoire,5412,Yield,kg/ha,1982,223.1,A,Official value
384,Côte d'Ivoire,5510,Production,t,1982,247708.0,A,Official value
384,Côte d'Ivoire,5312,Area harvested,ha,1983,1153400.0,A,Official value
384,Côte d'Ivoire,5412,Yield,kg/ha,1983,234.6,A,Official value
384,Côte d'Ivoire,5510,Production,t,1983,270581.0,A,Official value
384,Côte d'Ivoire,5312,Area harvested,ha,1984,1078600.0,A,Official value
384,Côte d'Ivoire,5412,Yield,kg/ha,1984,79.0,A,Official value
384,Côte d'Ivoire,5510,Production,t,1984,85203.0,A,Official value
384,Côte d'Ivoire,5312,Area harvested,ha,1985,1073400.0,A,Official value
384,Côte d'Ivoire,5412,Yield,kg/ha,1985,258.1,A,Official value
384,Côte d'Ivoire,5510,Production,t,1985,277082.0,A,Official value
384,Côte d'Ivoire,5312,Area harvested,ha,1986,1102200.0,A,Official value
384,Côte d'Ivoire,5412,Yield,kg/ha,1986,240.6,A,Official value
384,Côte d'Ivoire,5510,Production,t,1986,265199.0,A,Official value
384,Côte d'Ivoire,5312,Area harvested,ha,1987,1113400.0,A,Official value
384,Côte d'Ivoire,5412,Yield,kg/ha,1987,242.6,A,Official value
384,Côte d'Ivoire,5510,Production,t,1987,270130.0,A,Official value
384,Côte d'Ivoire,5312,Area harvested,ha,1988,1135200.0,A,Official value
384,Côte d'Ivoire,5412,Yield,kg/ha,1988,164.5,A,Official value
384,Côte d'Ivoire,5510,Production,t,1988,186705.0,A,Official value
384,Côte d'Ivoire,5312,Area harvested,ha,1989,1040000.0,A,Official value
384,Côte d'Ivoire,5412,Yield,kg/ha,1989,212.8,A,Official value
384,Côte d'Ivoire,5510,Production,t,1989,221350.0,A,Official value
384,Côte d'Ivoire,5312,Area harvested,ha,1990,1323900.0,A,Official value
384,Côte d'Ivoire,5412,Yield,kg/ha,1990,215.4,A,Official value
384,Côte d'Ivoire,5510,Production,t,1990,285164.0,A,Official value
384,Côte d'Ivoire,5510,Production,t,1991,198909.0,A,Official value
384,Côte d'Ivoire,5510,Production,t,1992,257000.0,A,Official value
384,Côte d'Ivoire,5312,Area harvested,ha,1993,800000.0,A,Official value
384,Côte d'Ivoire,5412,Yield,kg/ha,1993,173.7,A,Official value
384,Côte d'Ivoire,5510,Production,t,1993,138937.0,A,Official value
384,Côte d'Ivoire,5510,Production,t,1994,145576.0,A,Official value
384,Côte d'Ivoire,5510,Production,t,1995,194968.0,A,Official value
384,Côte d'Ivoire,5312,Area harvested,ha,1996,791708.0,A,Official value
384,Côte d'Ivoire,5412,Yield,kg/ha,1996,211.9,A,Official value
384,Côte d'Ivoire,5510,Production,t,1996,167786.0,A,Official value
384,Côte d'Ivoire,5312,Area harvested,ha,1997,819329.0,A,Official value
384,Côte d'Ivoire,5412,Yield,kg/ha,1997,340.8,A,Official value
384,Côte d'Ivoire,5510,Production,t,1997,279219.0,A,Official value
384,Côte d'Ivoire,5312,Area harvested,ha,1998,883279.0,A,Official value
384,Côte d'Ivoire,5412,Yield,kg/ha,1998,352.1,A,Official value
384,Côte d'Ivoire,5510,Production,t,1998,311000.0,A,Official value
384,Côte d'Ivoire,5312,Area harvested,ha,1999,819329.0,A,Official value
384,Côte d'Ivoire,5412,Yield,kg/ha,1999,375.1,A,Official value
384,Côte d'Ivoire,5510,Production,t,1999,307331.0,A,Official value
384,Côte d'Ivoire,5312,Area harvested,ha,2000,829319.0,A,Official value
384,Côte d'Ivoire,5412,Yield,kg/ha,2000,458.2,A,Official value
384,Côte d'Ivoire,5510,Production,t,2000,380000.0,A,Official value
384,Côte d'Ivoire,5312,Area harvested,ha,2001,602075.0,A,Official value
384,Côte d'Ivoire,5412,Yield,kg/ha,2001,500.1,A,Official value
384,Côte d'Ivoire,5510,Production,t,2001,301127.0,A,Official value
384,Côte d'Ivoire,5312,Area harvested,ha,2002,455090.0,A,Official value
384,Côte d'Ivoire,5412,Yield,kg/ha,2002,399.9,A,Official value
384,Côte d'Ivoire,5510,Production,t,2002,182001.0,A,Official value
384,Côte d'Ivoire,5312,Area harvested,ha,2003,410472.0,A,Official value
384,Côte d'Ivoire,5412,Yield,kg/ha,2003,341.1,A,Official value
384,Côte d'Ivoire,5510,Production,t,2003,140027.0,A,Official value
384,Côte d'Ivoire,5510,Production,t,2004,154081.0,A,Official value
384,Côte d'Ivoire,5312,Area harvested,ha,2005,718750.0,A,Official value
384,Côte d'Ivoire,5412,Yield,kg/ha,2005,320.0,A,Official value
384,Côte d'Ivoire,5510,Production,t,2005,230000.0,A,Official value
384,Côte d'Ivoire,5312,Area harvested,ha,2006,747500.0,A,Official value
384,Côte d'Ivoire,5412,Yield,kg/ha,2006,250.2,A,Official value
384,Côte d'Ivoire,5510,Production,t,2006,187000.0,A,Official value
384,Côte d'Ivoire,5312,Area harvested,ha,2007,777400.0,A,Official value
384,Côte d'Ivoire,5412,Yield,kg/ha,2007,219.8,A,Official value
384,Côte d'Ivoire,5510,Production,t,2007,170849.0,A,Official value
384,Côte d'Ivoire,5510,Production,t,2008,173118.0,A,Official value
384,Côte d'Ivoire,5312,Area harvested,ha,2009,623354.0,A,Official value
384,Côte d'Ivoire,5412,Yield,kg/ha,2009,229.3,A,Official value
384,Côte d'Ivoire,5510,Production,t,2009,142945.0,A,Official value
384,Côte d'Ivoire,5510,Production,t,2010,94372.0,A,Official value
384,Côte d'Ivoire,5510,Production,t,2011,32291.0,A,Official value
384,Côte d'Ivoire,5510,Production,t,2012,121426.0,A,Official value
384,Côte d'Ivoire,5510,Production,t,2013,103743.0,A,Official value
384,Côte d'Ivoire,5510,Production,t,2015,127000.0,A,Official value
384,Côte d'Ivoire,5510,Production,t,2016,106000.0,A,Official value
384,Côte d'Ivoire,5510,Production,t,2017,33600.0,A,Official value
384,Côte d'Ivoire,5510,Production,t,2018,123900.0,A,Official value
384,Côte d'Ivoire,5510,Production,t,2019,95204.0,A,Official value
384,Côte d'Ivoire,5510,Production,t,2020,82366.0,A,Official value
384,Côte d'Ivoire,5510,Production,t,2021,61312.0,A,Official value
384,Côte d'Ivoire,5510,Production,t,2022,89878.0,A,Official value
384,Côte d'Ivoire,5510,Production,t,2023,46975.0,A,Official value
384,Côte d'Ivoire,5510,Production,t,2024,72133.0,A,Official value
192,Cuba,5510,Production,t,1961,37000.0,A,Official value
192,Cuba,5510,Production,t,1962,52206.0,A,Official value
192,Cuba,5510,Production,t,1963,34691.0,A,Official value
192,Cuba,5510,Production,t,1964,32028.0,A,Official value
192,Cuba,5510,Production,t,1965,23880.0,A,Official value
192,Cuba,5510,Production,t,1966,33407.0,A,Official value
192,Cuba,5510,Production,t,1967,34246.0,A,Official value
192,Cuba,5510,Production,t,1968,29246.0,A,Official value
192,Cuba,5510,Production,t,1969,31649.0,A,Official value
192,Cuba,5510,Production,t,1970,19742.0,A,Official value
192,Cuba,5510,Production,t,1971,25987.0,A,Official value
192,Cuba,5510,Production,t,1972,25391.0,A,Official value
192,Cuba,5510,Production,t,1973,21028.0,A,Official value
192,Cuba,5510,Production,t,1974,28795.0,A,Official value
192,Cuba,5510,Production,t,1975,20112.0,A,Official value
192,Cuba,5510,Production,t,1976,27151.0,A,Official value
192,Cuba,5510,Production,t,1977,16826.0,A,Official value
192,Cuba,5510,Production,t,1978,14807.0,A,Official value
192,Cuba,5312,Area harvested,ha,1979,135462.0,A,Official value
192,Cuba,5412,Yield,kg/ha,1979,167.4,A,Official value
192,Cuba,5510,Production,t,1979,22674.0,A,Official value
192,Cuba,5312,Area harvested,ha,1980,132912.0,A,Official value
192,Cuba,5412,Yield,kg/ha,1980,142.7,A,Official value
192,Cuba,5510,Production,t,1980,18973.0,A,Official value
192,Cuba,5312,Area harvested,ha,1981,122007.0,A,Official value
192,Cuba,5412,Yield,kg/ha,1981,177.2,A,Official value
192,Cuba,5510,Production,t,1981,21616.0,A,Official value
192,Cuba,5312,Area harvested,ha,1982,127505.0,A,Official value
192,Cuba,5412,Yield,kg/ha,1982,225.0,A,Official value
192,Cuba,5510,Production,t,1982,28684.0,A,Official value
192,Cuba,5312,Area harvested,ha,1983,127936.0,A,Official value
192,Cuba,5412,Yield,kg/ha,1983,143.9,A,Official value
192,Cuba,5510,Production,t,1983,18410.0,A,Official value
192,Cuba,5312,Area harvested,ha,1984,131906.0,A,Official value
192,Cuba,5412,Yield,kg/ha,1984,167.2,A,Official value
192,Cuba,5510,Production,t,1984,22051.0,A,Official value
192,Cuba,5312,Area harvested,ha,1985,132355.0,A,Official value
192,Cuba,5412,Yield,kg/ha,1985,179.7,A,Official value
192,Cuba,5510,Production,t,1985,23783.0,A,Official value
192,Cuba,5312,Area harvested,ha,1986,128719.0,A,Official value
192,Cuba,5412,Yield,kg/ha,1986,190.4,A,Official value
192,Cuba,5510,Production,t,1986,24509.0,A,Official value
192,Cuba,5312,Area harvested,ha,1987,107371.0,A,Official value
192,Cuba,5412,Yield,kg/ha,1987,243.7,A,Official value
192,Cuba,5510,Production,t,1987,26165.0,A,Official value
192,Cuba,5312,Area harvested,ha,1988,108656.0,A,Official value
192,Cuba,5412,Yield,kg/ha,1988,265.1,A,Official value
192,Cuba,5510,Production,t,1988,28801.0,A,Official value
192,Cuba,5312,Area harvested,ha,1989,99547.0,A,Official value
192,Cuba,5412,Yield,kg/ha,1989,290.5,A,Official value
192,Cuba,5510,Production,t,1989,28920.0,A,Official value
192,Cuba,5510,Production,t,2021,9100.0,A,Official value
192,Cuba,5510,Production,t,2022,6252.0,A,Official value
180,Democratic Republic of the Congo,5312,Area harvested,ha,1968,157500.0,A,Official value
180,Democratic Republic of the Congo,5412,Yield,kg/ha,1968,401.9,A,Official value
180,Democratic Republic of the Congo,5510,Production,t,1968,63300.0,A,Official value
180,Democratic Republic of the Congo,5312,Area harvested,ha,1969,170000.0,A,Official value
180,Democratic Republic of the Congo,5412,Yield,kg/ha,1969,400.0,A,Official value
180,Democratic Republic of the Congo,5510,Production,t,1969,68000.0,A,Official value
180,Democratic Republic of the Congo,5312,Area harvested,ha,1970,199100.0,A,Official value
180,Democratic Republic of the Congo,5412,Yield,kg/ha,1970,349.6,A,Official value
180,Democratic Republic of the Congo,5510,Production,t,1970,69600.0,A,Official value
180,Democratic Republic of the Congo,5312,Area harvested,ha,1971,204800.0,A,Official value
180,Democratic Republic of the Congo,5412,Yield,kg/ha,1971,364.3,A,Official value
180,Democratic Republic of the Congo,5510,Production,t,1971,74600.0,A,Official value
180,Democratic Republic of the Congo,5312,Area harvested,ha,1972,207800.0,A,Official value
180,Democratic Republic of the Congo,5412,Yield,kg/ha,1972,381.1,A,Official value
180,Democratic Republic of the Congo,5510,Production,t,1972,79200.0,A,Official value
180,Democratic Republic of the Congo,5312,Area harvested,ha,1973,211400.0,A,Official value
180,Democratic Republic of the Congo,5412,Yield,kg/ha,1973,367.5,A,Official value
180,Democratic Republic of the Congo,5510,Production,t,1973,77700.0,A,Official value
180,Democratic Republic of the Congo,5312,Area harvested,ha,1974,214100.0,A,Official value
180,Democratic Republic of the Congo,5412,Yield,kg/ha,1974,360.1,A,Official value
180,Democratic Republic of the Congo,5510,Production,t,1974,77100.0,A,Official value
180,Democratic Republic of the Congo,5312,Area harvested,ha,1975,219700.0,A,Official value
180,Democratic Republic of the Congo,5412,Yield,kg/ha,1975,375.5,A,Official value
180,Democratic Republic of the Congo,5510,Production,t,1975,82500.0,A,Official value
180,Democratic Republic of the Congo,5312,Area harvested,ha,1976,224500.0,A,Official value
180,Democratic Republic of the Congo,5412,Yield,kg/ha,1976,405.8,A,Official value
180,Democratic Republic of the Congo,5510,Production,t,1976,91100.0,A,Official value
180,Democratic Republic of the Congo,5312,Area harvested,ha,1977,227800.0,A,Official value
180,Democratic Republic of the Congo,5412,Yield,kg/ha,1977,388.5,A,Official value
180,Democratic Republic of the Congo,5510,Production,t,1977,88500.0,A,Official value
180,Democratic Republic of the Congo,5312,Area harvested,ha,1978,232600.0,A,Official value
180,Democratic Republic of the Congo,5412,Yield,kg/ha,1978,368.0,A,Official value
180,Democratic Republic of the Congo,5510,Production,t,1978,85600.0,A,Official value
180,Democratic Republic of the Congo,5312,Area harvested,ha,1979,234400.0,A,Official value
180,Democratic Republic of the Congo,5412,Yield,kg/ha,1979,369.9,A,Official value
180,Democratic Republic of the Congo,5510,Production,t,1979,86700.0,A,Official value
180,Democratic Republic of the Congo,5312,Area harvested,ha,1980,240700.0,A,Official value
180,Democratic Republic of the Congo,5412,Yield,kg/ha,1980,369.8,A,Official value
180,Democratic Republic of the Congo,5510,Production,t,1980,89000.0,A,Official value
180,Democratic Republic of the Congo,5312,Area harvested,ha,1981,247700.0,A,Official value
180,Democratic Republic of the Congo,5412,Yield,kg/ha,1981,377.1,A,Official value
180,Democratic Republic of the Congo,5510,Production,t,1981,93400.0,A,Official value
180,Democratic Republic of the Congo,5312,Area harvested,ha,1982,254900.0,A,Official value
180,Democratic Republic of the Congo,5412,Yield,kg/ha,1982,366.4,A,Official value
180,Democratic Republic of the Congo,5510,Production,t,1982,93400.0,A,Official value
180,Democratic Republic of the Congo,5312,Area harvested,ha,1983,262400.0,A,Official value
180,Democratic Republic of the Congo,5412,Yield,kg/ha,1983,320.9,A,Official value
180,Democratic Republic of the Congo,5510,Production,t,1983,84200.0,A,Official value
180,Democratic Republic of the Congo,5312,Area harvested,ha,1984,269500.0,A,Official value
180,Democratic Republic of the Congo,5412,Yield,kg/ha,1984,344.0,A,Official value
180,Democratic Republic of the Congo,5510,Production,t,1984,92700.0,A,Official value
180,Democratic Republic of the Congo,5312,Area harvested,ha,1985,275800.0,A,Official value
180,Democratic Republic of the Congo,5412,Yield,kg/ha,1985,332.1,A,Official value
180,Democratic Republic of the Congo,5510,Production,t,1985,91600.0,A,Official value
180,Democratic Republic of the Congo,5312,Area harvested,ha,1986,292000.0,A,Official value
180,Democratic Republic of the Congo,5412,Yield,kg/ha,1986,325.3,A,Official value
180,Democratic Republic of the Congo,5510,Production,t,1986,95000.0,A,Official value
180,Democratic Republic of the Congo,5312,Area harvested,ha,1987,262700.0,A,Official value
180,Democratic Republic of the Congo,5412,Yield,kg/ha,1987,370.0,A,Official value
180,Democratic Republic of the Congo,5510,Production,t,1987,97200.0,A,Official value
180,Democratic Republic of the Congo,5312,Area harvested,ha,1988,270600.0,A,Official value
180,Democratic Republic of the Congo,5412,Yield,kg/ha,1988,380.9,A,Official value
180,Democratic Republic of the Congo,5510,Production,t,1988,103080.0,A,Official value
180,Democratic Republic of the Congo,5312,Area harvested,ha,1989,288900.0,A,Official value
180,Democratic Republic of the Congo,5412,Yield,kg/ha,1989,327.9,A,Official value
180,Democratic Republic of the Congo,5510,Production,t,1989,94740.0,A,Official value
180,Democratic Republic of the Congo,5510,Production,t,1990,101594.0,A,Official value
180,Democratic Republic of the Congo,5510,Production,t,1991,95000.0,A,Official value
180,Democratic Republic of the Congo,5510,Production,t,1992,92400.0,A,Official value
180,Democratic Republic of the Congo,5510,Production,t,1993,90109.0,A,Official value
180,Democratic Republic of the Congo,5510,Production,t,1994,88346.0,A,Official value
180,Democratic Republic of the Congo,5510,Production,t,1995,84714.0,A,Official value
180,Democratic Republic of the Congo,5312,Area harvested,ha,1996,232511.0,A,Official value
180,Democratic Republic of the Congo,5412,Yield,kg/ha,1996,318.2,A,Official value
180,Democratic Republic of the Congo,5510,Production,t,1996,73975.0,A,Official value
180,Democratic Republic of the Congo,5312,Area harvested,ha,1997,189997.0,A,Official value
180,Democratic Republic of the Congo,5412,Yield,kg/ha,1997,370.0,A,Official value
180,Democratic Republic of the Congo,5510,Production,t,1997,70299.0,A,Official value
180,Democratic Republic of the Congo,5312,Area harvested,ha,1998,155259.0,A,Official value
180,Democratic Republic of the Congo,5412,Yield,kg/ha,1998,360.6,A,Official value
180,Democratic Republic of the Congo,5510,Production,t,1998,55991.0,A,Official value
180,Democratic Republic of the Congo,5510,Production,t,1999,48605.0,A,Official value
180,Democratic Republic of the Congo,5312,Area harvested,ha,2000,114538.0,A,Official value
180,Democratic Republic of the Congo,5412,Yield,kg/ha,2000,408.3,A,Official value
180,Democratic Republic of the Congo,5510,Production,t,2000,46767.0,A,Official value
180,Democratic Republic of the Congo,5312,Area harvested,ha,2001,99649.0,A,Official value
180,Democratic Republic of the Congo,5412,Yield,kg/ha,2001,348.5,A,Official value
180,Democratic Republic of the Congo,5510,Production,t,2001,34723.0,A,Official value
180,Democratic Republic of the Congo,5312,Area harvested,ha,2002,82256.0,A,Official value
180,Democratic Republic of the Congo,5412,Yield,kg/ha,2002,390.0,A,Official value
180,Democratic Republic of the Congo,5510,Production,t,2002,32080.0,A,Official value
180,Democratic Republic of the Congo,5312,Area harvested,ha,2003,82179.0,A,Official value
180,Democratic Republic of the Congo,5412,Yield,kg/ha,2003,390.0,A,Official value
180,Democratic Republic of the Congo,5510,Production,t,2003,32050.0,A,Official value
180,Democratic Republic of the Congo,5312,Area harvested,ha,2004,82103.0,A,Official value
180,Democratic Republic of the Congo,5412,Yield,kg/ha,2004,390.0,A,Official value
180,Democratic Republic of the Congo,5510,Production,t,2004,32020.0,A,Official value
180,Democratic Republic of the Congo,5312,Area harvested,ha,2005,82026.0,A,Official value
180,Democratic Republic of the Congo,5412,Yield,kg/ha,2005,390.0,A,Official value
180,Democratic Republic of the Congo,5510,Production,t,2005,31990.0,A,Official value
180,Democratic Republic of the Congo,5312,Area harvested,ha,2006,81949.0,A,Official value
180,Democratic Republic of the Congo,5412,Yield,kg/ha,2006,390.0,A,Official value
180,Democratic Republic of the Congo,5510,Production,t,2006,31960.0,A,Official value
180,Democratic Republic of the Congo,5312,Area harvested,ha,2007,81872.0,A,Official value
180,Democratic Republic of the Congo,5412,Yield,kg/ha,2007,390.0,A,Official value
180,Democratic Republic of the Congo,5510,Production,t,2007,31930.0,A,Official value
180,Democratic Republic of the Congo,5312,Area harvested,ha,2008,81795.0,A,Official value
180,Democratic Republic of the Congo,5412,Yield,kg/ha,2008,390.0,A,Official value
180,Democratic Republic of the Congo,5510,Production,t,2008,31900.0,A,Official value
180,Democratic Republic of the Congo,5312,Area harvested,ha,2009,81718.0,A,Official value
180,Democratic Republic of the Congo,5412,Yield,kg/ha,2009,390.0,A,Official value
180,Democratic Republic of the Congo,5510,Production,t,2009,31870.0,A,Official value
180,Democratic Republic of the Congo,5312,Area harvested,ha,2010,81641.0,A,Official value
180,Democratic Republic of the Congo,5412,Yield,kg/ha,2010,390.0,A,Official value
180,Democratic Republic of the Congo,5510,Production,t,2010,31840.0,A,Official value
180,Democratic Republic of the Congo,5510,Production,t,2011,31810.0,A,Official value
180,Democratic Republic of the Congo,5510,Production,t,2018,51485.0,A,Official value
180,Democratic Republic of the Congo,5510,Production,t,2019,52940.0,A,Official value
180,Democratic Republic of the Congo,5510,Production,t,2020,53303.0,A,Official value
212,Dominica,5312,Area harvested,ha,1961,0.0,A,Official value
212,Dominica,5510,Production,t,1961,0.0,A,Official value
212,Dominica,5312,Area harvested,ha,1962,0.0,A,Official value
212,Dominica,5510,Production,t,1962,0.0,A,Official value
212,Dominica,5312,Area harvested,ha,1963,0.0,A,Official value
212,Dominica,5510,Production,t,1963,0.0,A,Official value
212,Dominica,5312,Area harvested,ha,1964,0.0,A,Official value
212,Dominica,5510,Production,t,1964,0.0,A,Official value
212,Dominica,5312,Area harvested,ha,1965,0.0,A,Official value
212,Dominica,5510,Production,t,1965,0.0,A,Official value
212,Dominica,5312,Area harvested,ha,1966,0.0,A,Official value
212,Dominica,5510,Production,t,1966,0.0,A,Official value
212,Dominica,5312,Area harvested,ha,1967,0.0,A,Official value
212,Dominica,5510,Production,t,1967,0.0,A,Official value
212,Dominica,5312,Area harvested,ha,1968,0.0,A,Official value
212,Dominica,5510,Production,t,1968,0.0,A,Official value
212,Dominica,5312,Area harvested,ha,1969,0.0,A,Official value
212,Dominica,5510,Production,t,1969,0.0,A,Official value
212,Dominica,5312,Area harvested,ha,1970,0.0,A,Official value
212,Dominica,5510,Production,t,1970,0.0,A,Official value
212,Dominica,5312,Area harvested,ha,1971,0.0,A,Official value
212,Dominica,5510,Production,t,1971,0.0,A,Official value
212,Dominica,5312,Area harvested,ha,1972,0.0,A,Official value
212,Dominica,5510,Production,t,1972,0.0,A,Official value
212,Dominica,5312,Area harvested,ha,1973,0.0,A,Official value
212,Dominica,5510,Production,t,1973,0.0,A,Official value
212,Dominica,5312,Area harvested,ha,1974,0.0,A,Official value
212,Dominica,5510,Production,t,1974,0.0,A,Official value
212,Dominica,5312,Area harvested,ha,1975,0.0,A,Official value
212,Dominica,5510,Production,t,1975,0.0,A,Official value
212,Dominica,5312,Area harvested,ha,1976,0.0,A,Official value
212,Dominica,5510,Production,t,1976,0.0,A,Official value
212,Dominica,5312,Area harvested,ha,1977,0.0,A,Official value
212,Dominica,5510,Production,t,1977,0.0,A,Official value
212,Dominica,5312,Area harvested,ha,1978,0.0,A,Official value
212,Dominica,5510,Production,t,1978,0.0,A,Official value
212,Dominica,5510,Production,t,1979,171.0,A,Official value
212,Dominica,5510,Production,t,1980,164.0,A,Official value
212,Dominica,5510,Production,t,1981,168.0,A,Official value
212,Dominica,5510,Production,t,1982,171.0,A,Official value
212,Dominica,5510,Production,t,1983,175.0,A,Official value
212,Dominica,5510,Production,t,1984,187.0,A,Official value
212,Dominica,5510,Production,t,1985,192.0,A,Official value
212,Dominica,5510,Production,t,1986,195.0,A,Official value
212,Dominica,5510,Production,t,1987,192.0,A,Official value
212,Dominica,5510,Production,t,1988,196.0,A,Official value
212,Dominica,5510,Production,t,1989,193.0,A,Official value
212,Dominica,5510,Production,t,1990,178.0,A,Official value
212,Dominica,5510,Production,t,1991,205.0,A,Official value
212,Dominica,5510,Production,t,1992,204.0,A,Official value
212,Dominica,5510,Production,t,1993,340.0,A,Official value
212,Dominica,5510,Production,t,2007,82.0,A,Official value
212,Dominica,5510,Production,t,2008,67.0,A,Official value
212,Dominica,5510,Production,t,2009,58.0,A,Official value
212,Dominica,5510,Production,t,2010,45.0,A,Official value
212,Dominica,5510,Production,t,2011,498.0,A,Official value
214,Dominican Republic,5510,Production,t,1961,36210.0,A,Official value
214,Dominican Republic,5510,Production,t,1962,45968.0,A,Official value
214,Dominican Republic,5510,Production,t,1963,44783.0,A,Official value
214,Dominican Republic,5510,Production,t,1964,51974.0,A,Official value
214,Dominican Republic,5510,Production,t,1965,43072.0,A,Official value
214,Dominican Republic,5510,Production,t,1966,44535.0,A,Official value
214,Dominican Republic,5510,Production,t,1967,42400.0,A,Official value
214,Dominican Republic,5312,Area harvested,ha,1968,147815.0,A,Official value
214,Dominican Republic,5412,Yield,kg/ha,1968,301.1,A,Official value
214,Dominican Republic,5510,Production,t,1968,44500.0,A,Official value
214,Dominican Republic,5510,Production,t,1969,43550.0,A,Official value
214,Dominican Republic,5312,Area harvested,ha,1970,136021.0,A,Official value
214,Dominican Republic,5412,Yield,kg/ha,1970,312.4,A,Official value
214,Dominican Republic,5510,Production,t,1970,42494.0,A,Official value
214,Dominican Republic,5510,Production,t,1971,45000.0,A,Official value
214,Dominican Republic,5510,Production,t,1972,45300.0,A,Official value
214,Dominican Republic,5510,Production,t,1973,58682.0,A,Official value
214,Dominican Republic,5510,Production,t,1974,54311.0,A,Official value
214,Dominican Republic,5510,Production,t,1975,51855.0,A,Official value
214,Dominican Republic,5510,Production,t,1976,56997.0,A,Official value
214,Dominican Republic,5312,Area harvested,ha,1977,156120.0,A,Official value
214,Dominican Republic,5412,Yield,kg/ha,1977,385.7,A,Official value
214,Dominican Republic,5510,Production,t,1977,60208.0,A,Official value
214,Dominican Republic,5312,Area harvested,ha,1978,157233.0,A,Official value
214,Dominican Republic,5412,Yield,kg/ha,1978,276.1,A,Official value
214,Dominican Republic,5510,Production,t,1978,43405.0,A,Official value
214,Dominican Republic,5312,Area harvested,ha,1979,148994.0,A,Official value
214,Dominican Republic,5412,Yield,kg/ha,1979,405.3,A,Official value
214,Dominican Republic,5510,Production,t,1979,60391.0,A,Official value
214,Dominican Republic,5510,Production,t,1980,60091.0,A,Official value
214,Dominican Republic,5312,Area harvested,ha,1981,157233.0,A,Official value
214,Dominican Republic,5412,Yield,kg/ha,1981,332.0,A,Official value
214,Dominican Republic,5510,Production,t,1981,52206.0,A,Official value
214,Dominican Republic,5510,Production,t,1982,63493.0,A,Official value
214,Dominican Republic,5510,Production,t,1983,68027.0,A,Official value
214,Dominican Republic,5510,Production,t,1984,72109.0,A,Official value
214,Dominican Republic,5312,Area harvested,ha,1985,152714.0,A,Official value
214,Dominican Republic,5412,Yield,kg/ha,1985,471.2,A,Official value
214,Dominican Republic,5510,Production,t,1985,71965.0,A,Official value
214,Dominican Republic,5312,Area harvested,ha,1986,104658.0,A,Official value
214,Dominican Republic,5412,Yield,kg/ha,1986,654.6,A,Official value
214,Dominican Republic,5510,Production,t,1986,68504.0,A,Official value
214,Dominican Republic,5312,Area harvested,ha,1987,137922.0,A,Official value
214,Dominican Republic,5412,Yield,kg/ha,1987,486.8,A,Official value
214,Dominican Republic,5510,Production,t,1987,67134.0,A,Official value
214,Dominican Republic,5510,Production,t,1988,67939.0,A,Official value
214,Dominican Republic,5312,Area harvested,ha,1989,152730.0,A,Official value
214,Dominican Republic,5412,Yield,kg/ha,1989,423.0,A,Official value
214,Dominican Republic,5510,Production,t,1989,64611.0,A,Official value
214,Dominican Republic,5312,Area harvested,ha,1990,103453.0,A,Official value
214,Dominican Republic,5412,Yield,kg/ha,1990,574.0,A,Official value
214,Dominican Republic,5510,Production,t,1990,59377.0,A,Official value
214,Dominican Republic,5312,Area harvested,ha,1991,150960.0,A,Official value
214,Dominican Republic,5412,Yield,kg/ha,1991,365.8,A,Official value
214,Dominican Republic,5510,Production,t,1991,55222.0,A,Official value
214,Dominican Republic,5312,Area harvested,ha,1992,152747.0,A,Official value
214,Dominican Republic,5412,Yield,kg/ha,1992,278.0,A,Official value
214,Dominican Republic,5510,Production,t,1992,42464.0,A,Official value
214,Dominican Republic,5312,Area harvested,ha,1993,150960.0,A,Official value
214,Dominican Republic,5412,Yield,kg/ha,1993,250.0,A,Official value
214,Dominican Republic,5510,Production,t,1993,37744.0,A,Official value
214,Dominican Republic,5312,Area harvested,ha,1994,152747.0,A,Official value
214,Dominican Republic,5412,Yield,kg/ha,1994,214.2,A,Official value
214,Dominican Republic,5510,Production,t,1994,32715.23,A,Official value
214,Dominican Republic,5312,Area harvested,ha,1995,152747.0,A,Official value
214,Dominican Republic,5412,Yield,kg/ha,1995,277.6,A,Official value
214,Dominican Republic,5510,Production,t,1995,42407.33,A,Official value
214,Dominican Republic,5312,Area harvested,ha,1996,125786.0,A,Official value
214,Dominican Republic,5412,Yield,kg/ha,1996,380.8,A,Official value
214,Dominican Republic,5510,Production,t,1996,47895.31,A,Official value
214,Dominican Republic,5312,Area harvested,ha,1997,139373.0,A,Official value
214,Dominican Republic,5412,Yield,kg/ha,1997,243.9,A,Official value
214,Dominican Republic,5510,Production,t,1997,33997.01,A,Official value
214,Dominican Republic,5312,Area harvested,ha,1998,139373.0,A,Official value
214,Dominican Republic,5412,Yield,kg/ha,1998,408.6,A,Official value
214,Dominican Republic,5510,Production,t,1998,56943.0,A,Official value
214,Dominican Republic,5312,Area harvested,ha,1999,139372.0,A,Official value
214,Dominican Republic,5412,Yield,kg/ha,1999,248.3,A,Official value
214,Dominican Republic,5510,Production,t,1999,34609.0,A,Official value
214,Dominican Republic,5312,Area harvested,ha,2000,139372.0,A,Official value
214,Dominican Republic,5412,Yield,kg/ha,2000,326.8,A,Official value
214,Dominican Republic,5510,Production,t,2000,45546.0,A,Official value
214,Dominican Republic,5312,Area harvested,ha,2001,139373.0,A,Official value
214,Dominican Republic,5412,Yield,kg/ha,2001,254.5,A,Official value
214,Dominican Republic,5510,Production,t,2001,35476.0,A,Official value
214,Dominican Republic,5312,Area harvested,ha,2002,133342.0,A,Official value
214,Dominican Republic,5412,Yield,kg/ha,2002,280.0,A,Official value
214,Dominican Republic,5510,Production,t,2002,37330.0,A,Official value
214,Dominican Republic,5312,Area harvested,ha,2003,133342.0,A,Official value
214,Dominican Republic,5412,Yield,kg/ha,2003,276.9,A,Official value
214,Dominican Republic,5510,Production,t,2003,36929.0,A,Official value
214,Dominican Republic,5312,Area harvested,ha,2004,133342.0,A,Official value
214,Dominican Republic,5412,Yield,kg/ha,2004,265.6,A,Official value
214,Dominican Republic,5510,Production,t,2004,35421.0,A,Official value
214,Dominican Republic,5312,Area harvested,ha,2005,133342.0,A,Official value
214,Dominican Republic,5412,Yield,kg/ha,2005,302.3,A,Official value
214,Dominican Republic,5510,Production,t,2005,40303.0,A,Official value
214,Dominican Republic,5312,Area harvested,ha,2006,133342.0,A,Official value
214,Dominican Republic,5412,Yield,kg/ha,2006,310.1,A,Official value
214,Dominican Republic,5510,Production,t,2006,41352.17,A,Official value
214,Dominican Republic,5312,Area harvested,ha,2007,133342.0,A,Official value
214,Dominican Republic,5412,Yield,kg/ha,2007,309.2,A,Official value
214,Dominican Republic,5510,Production,t,2007,41231.97,A,Official value
214,Dominican Republic,5312,Area harvested,ha,2008,133342.0,A,Official value
214,Dominican Republic,5412,Yield,kg/ha,2008,266.9,A,Official value
214,Dominican Republic,5510,Production,t,2008,35582.42,A,Official value
214,Dominican Republic,5312,Area harvested,ha,2009,133342.0,A,Official value
214,Dominican Republic,5412,Yield,kg/ha,2009,284.6,A,Official value
214,Dominican Republic,5510,Production,t,2009,37950.0,A,Official value
214,Dominican Republic,5312,Area harvested,ha,2010,133342.0,A,Official value
214,Dominican Republic,5412,Yield,kg/ha,2010,164.1,A,Official value
214,Dominican Republic,5510,Production,t,2010,21876.0,A,Official value
214,Dominican Republic,5312,Area harvested,ha,2011,133342.0,A,Official value
214,Dominican Republic,5412,Yield,kg/ha,2011,170.1,A,Official value
214,Dominican Republic,5510,Production,t,2011,22679.85,A,Official value
214,Dominican Republic,5312,Area harvested,ha,2012,75472.0,A,Official value
214,Dominican Republic,5412,Yield,kg/ha,2012,357.9,A,Official value
214,Dominican Republic,5510,Production,t,2012,27009.0,A,Official value
214,Dominican Republic,5312,Area harvested,ha,2013,75472.0,A,Official value
214,Dominican Republic,5412,Yield,kg/ha,2013,245.8,A,Official value
214,Dominican Republic,5510,Production,t,2013,18552.12,A,Official value
214,Dominican Republic,5312,Area harvested,ha,2014,100629.0,A,Official value
214,Dominican Republic,5412,Yield,kg/ha,2014,131.3,A,Official value
214,Dominican Republic,5510,Production,t,2014,13213.28,A,Official value
214,Dominican Republic,5312,Area harvested,ha,2015,100629.0,A,Official value
214,Dominican Republic,5412,Yield,kg/ha,2015,98.3,A,Official value
214,Dominican Republic,5510,Production,t,2015,9888.42,A,Official value
214,Dominican Republic,5312,Area harvested,ha,2016,100629.0,A,Official value
214,Dominican Republic,5412,Yield,kg/ha,2016,114.0,A,Official value
214,Dominican Republic,5510,Production,t,2016,11470.58,A,Official value
214,Dominican Republic,5312,Area harvested,ha,2017,96139.0,A,Official value
214,Dominican Republic,5412,Yield,kg/ha,2017,158.5,A,Official value
214,Dominican Republic,5510,Production,t,2017,15241.0,A,Official value
214,Dominican Republic,5312,Area harvested,ha,2018,75102.0,A,Official value
214,Dominican Republic,5412,Yield,kg/ha,2018,245.2,A,Official value
214,Dominican Republic,5510,Production,t,2018,18416.04,A,Official value
214,Dominican Republic,5312,Area harvested,ha,2019,80118.0,A,Official value
214,Dominican Republic,5412,Yield,kg/ha,2019,173.2,A,Official value
214,Dominican Republic,5510,Production,t,2019,13873.31,A,Official value
214,Dominican Republic,5312,Area harvested,ha,2020,44160.0,A,Official value
214,Dominican Republic,5412,Yield,kg/ha,2020,348.3,A,Official value
214,Dominican Republic,5510,Production,t,2020,15380.93,A,Official value
214,Dominican Republic,5312,Area harvested,ha,2021,34821.0,A,Official value
214,Dominican Republic,5412,Yield,kg/ha,2021,475.5,A,Official value
214,Dominican Republic,5510,Production,t,2021,16558.97,A,Official value
214,Dominican Republic,5312,Area harvested,ha,2022,42175.0,A,Official value
214,Dominican Republic,5412,Yield,kg/ha,2022,487.9,A,Official value
214,Dominican Republic,5510,Production,t,2022,20577.02,A,Official value
214,Dominican Republic,5312,Area harvested,ha,2023,51334.0,A,Official value
214,Dominican Republic,5412,Yield,kg/ha,2023,533.7,A,Official value
214,Dominican Republic,5510,Production,t,2023,27397.26,A,Official value
214,Dominican Republic,5312,Area harvested,ha,2024,45158.0,A,Official value
214,Dominican Republic,5412,Yield,kg/ha,2024,550.0,A,Official value
214,Dominican Republic,5510,Production,t,2024,24838.0,A,Official value
218,Ecuador,5312,Area harvested,ha,1961,150000.0,A,Official value
218,Ecuador,5412,Yield,kg/ha,1961,356.7,A,Official value
218,Ecuador,5510,Production,t,1961,53500.0,A,Official value
218,Ecuador,5312,Area harvested,ha,1962,158000.0,A,Official value
218,Ecuador,5412,Yield,kg/ha,1962,351.3,A,Official value
218,Ecuador,5510,Production,t,1962,55500.0,A,Official value
218,Ecuador,5312,Area harvested,ha,1963,158000.0,A,Official value
218,Ecuador,5412,Yield,kg/ha,1963,270.9,A,Official value
218,Ecuador,5510,Production,t,1963,42800.0,A,Official value
218,Ecuador,5312,Area harvested,ha,1964,164000.0,A,Official value
218,Ecuador,5412,Yield,kg/ha,1964,286.6,A,Official value
218,Ecuador,5510,Production,t,1964,47000.0,A,Official value
218,Ecuador,5312,Area harvested,ha,1965,166000.0,A,Official value
218,Ecuador,5412,Yield,kg/ha,1965,398.8,A,Official value
218,Ecuador,5510,Production,t,1965,66200.0,A,Official value
218,Ecuador,5312,Area harvested,ha,1966,217755.0,A,Official value
218,Ecuador,5412,Yield,kg/ha,1966,262.8,A,Official value
218,Ecuador,5510,Production,t,1966,57222.0,A,Official value
218,Ecuador,5312,Area harvested,ha,1967,208339.0,A,Official value
218,Ecuador,5412,Yield,kg/ha,1967,296.3,A,Official value
218,Ecuador,5510,Production,t,1967,61731.0,A,Official value
218,Ecuador,5312,Area harvested,ha,1968,191230.0,A,Official value
218,Ecuador,5412,Yield,kg/ha,1968,316.3,A,Official value
218,Ecuador,5510,Production,t,1968,60493.0,A,Official value
218,Ecuador,5312,Area harvested,ha,1969,214462.0,A,Official value
218,Ecuador,5412,Yield,kg/ha,1969,206.8,A,Official value
218,Ecuador,5510,Production,t,1969,44345.0,A,Official value
218,Ecuador,5312,Area harvested,ha,1970,214830.0,A,Official value
218,Ecuador,5412,Yield,kg/ha,1970,335.4,A,Official value
218,Ecuador,5510,Production,t,1970,72053.0,A,Official value
218,Ecuador,5312,Area harvested,ha,1971,214880.0,A,Official value
218,Ecuador,5412,Yield,kg/ha,1971,289.7,A,Official value
218,Ecuador,5510,Production,t,1971,62252.0,A,Official value
218,Ecuador,5312,Area harvested,ha,1972,221329.0,A,Official value
218,Ecuador,5412,Yield,kg/ha,1972,322.5,A,Official value
218,Ecuador,5510,Production,t,1972,71385.0,A,Official value
218,Ecuador,5312,Area harvested,ha,1973,227332.0,A,Official value
218,Ecuador,5412,Yield,kg/ha,1973,329.8,A,Official value
218,Ecuador,5510,Production,t,1973,74980.0,A,Official value
218,Ecuador,5312,Area harvested,ha,1974,231809.0,A,Official value
218,Ecuador,5412,Yield,kg/ha,1974,300.4,A,Official value
218,Ecuador,5510,Production,t,1974,69638.0,A,Official value
218,Ecuador,5312,Area harvested,ha,1975,230665.0,A,Official value
218,Ecuador,5412,Yield,kg/ha,1975,331.4,A,Official value
218,Ecuador,5510,Production,t,1975,76437.0,A,Official value
218,Ecuador,5312,Area harvested,ha,1976,256179.0,A,Official value
218,Ecuador,5412,Yield,kg/ha,1976,340.0,A,Official value
218,Ecuador,5510,Production,t,1976,87101.0,A,Official value
218,Ecuador,5312,Area harvested,ha,1977,260000.0,A,Official value
218,Ecuador,5412,Yield,kg/ha,1977,318.0,A,Official value
218,Ecuador,5510,Production,t,1977,82680.0,A,Official value
218,Ecuador,5312,Area harvested,ha,1978,270061.0,A,Official value
218,Ecuador,5412,Yield,kg/ha,1978,279.4,A,Official value
218,Ecuador,5510,Production,t,1978,75447.0,A,Official value
218,Ecuador,5312,Area harvested,ha,1979,261635.0,A,Official value
218,Ecuador,5412,Yield,kg/ha,1979,343.0,A,Official value
218,Ecuador,5510,Production,t,1979,89728.0,A,Official value
218,Ecuador,5312,Area harvested,ha,1980,288000.0,A,Official value
218,Ecuador,5412,Yield,kg/ha,1980,241.1,A,Official value
218,Ecuador,5510,Production,t,1980,69445.0,A,Official value
218,Ecuador,5312,Area harvested,ha,1981,320900.0,A,Official value
218,Ecuador,5412,Yield,kg/ha,1981,268.3,A,Official value
218,Ecuador,5510,Production,t,1981,86085.0,A,Official value
218,Ecuador,5312,Area harvested,ha,1982,321877.0,A,Official value
218,Ecuador,5412,Yield,kg/ha,1982,260.8,A,Official value
218,Ecuador,5510,Production,t,1982,83938.0,A,Official value
218,Ecuador,5312,Area harvested,ha,1983,338971.0,A,Official value
218,Ecuador,5412,Yield,kg/ha,1983,239.2,A,Official value
218,Ecuador,5510,Production,t,1983,81075.0,A,Official value
218,Ecuador,5312,Area harvested,ha,1984,344980.0,A,Official value
218,Ecuador,5412,Yield,kg/ha,1984,281.9,A,Official value
218,Ecuador,5510,Production,t,1984,97258.0,A,Official value
218,Ecuador,5312,Area harvested,ha,1985,426969.0,A,Official value
218,Ecuador,5412,Yield,kg/ha,1985,283.1,A,Official value
218,Ecuador,5510,Production,t,1985,120861.0,A,Official value
218,Ecuador,5312,Area harvested,ha,1986,420514.0,A,Official value
218,Ecuador,5412,Yield,kg/ha,1986,280.6,A,Official value
218,Ecuador,5510,Production,t,1986,118000.0,A,Official value
218,Ecuador,5312,Area harvested,ha,1987,383100.0,A,Official value
218,Ecuador,5312,Area harvested,ha,1988,381130.0,A,Official value
218,Ecuador,5412,Yield,kg/ha,1988,378.9,A,Official value
218,Ecuador,5510,Production,t,1988,144401.0,A,Official value
218,Ecuador,5312,Area harvested,ha,1989,408680.0,A,Official value
218,Ecuador,5412,Yield,kg/ha,1989,316.4,A,Official value
218,Ecuador,5510,Production,t,1989,129309.0,A,Official value
218,Ecuador,5312,Area harvested,ha,1990,406880.0,A,Official value
218,Ecuador,5412,Yield,kg/ha,1990,331.7,A,Official value
218,Ecuador,5510,Production,t,1990,134980.0,A,Official value
218,Ecuador,5312,Area harvested,ha,1991,359110.0,A,Official value
218,Ecuador,5412,Yield,kg/ha,1991,325.6,A,Official value
218,Ecuador,5510,Production,t,1991,116917.0,A,Official value
218,Ecuador,5312,Area harvested,ha,1992,400460.0,A,Official value
218,Ecuador,5412,Yield,kg/ha,1992,343.8,A,Official value
218,Ecuador,5510,Production,t,1992,137671.0,A,Official value
218,Ecuador,5312,Area harvested,ha,1993,396770.0,A,Official value
218,Ecuador,5412,Yield,kg/ha,1993,345.3,A,Official value
218,Ecuador,5510,Production,t,1993,137004.0,A,Official value
218,Ecuador,5312,Area harvested,ha,1994,399880.0,A,Official value
218,Ecuador,5412,Yield,kg/ha,1994,467.1,A,Official value
218,Ecuador,5510,Production,t,1994,186797.0,A,Official value
218,Ecuador,5312,Area harvested,ha,1995,384010.0,A,Official value
218,Ecuador,5412,Yield,kg/ha,1995,385.9,A,Official value
218,Ecuador,5510,Production,t,1995,148205.0,A,Official value
218,Ecuador,5312,Area harvested,ha,1996,388490.0,A,Official value
218,Ecuador,5412,Yield,kg/ha,1996,434.8,A,Official value
218,Ecuador,5510,Production,t,1996,168919.0,A,Official value
218,Ecuador,5312,Area harvested,ha,1997,385160.0,A,Official value
218,Ecuador,5412,Yield,kg/ha,1997,451.4,A,Official value
218,Ecuador,5510,Production,t,1997,173868.0,A,Official value
218,Ecuador,5312,Area harvested,ha,1998,389782.0,A,Official value
218,Ecuador,5412,Yield,kg/ha,1998,123.6,A,Official value
218,Ecuador,5510,Production,t,1998,48190.0,A,Official value
218,Ecuador,5312,Area harvested,ha,1999,374922.0,A,Official value
218,Ecuador,5412,Yield,kg/ha,1999,354.6,A,Official value
218,Ecuador,5510,Production,t,1999,132939.0,A,Official value
218,Ecuador,5312,Area harvested,ha,2000,286746.0,A,Official value
218,Ecuador,5412,Yield,kg/ha,2000,96.3,A,Official value
218,Ecuador,5510,Production,t,2000,27606.0,A,Official value
218,Ecuador,5312,Area harvested,ha,2001,296348.0,A,Official value
218,Ecuador,5412,Yield,kg/ha,2001,556.1,A,Official value
218,Ecuador,5510,Production,t,2001,164790.0,A,Official value
218,Ecuador,5312,Area harvested,ha,2002,225450.0,A,Official value
218,Ecuador,5412,Yield,kg/ha,2002,103.5,A,Official value
218,Ecuador,5510,Production,t,2002,23325.0,A,Official value
218,Ecuador,5312,Area harvested,ha,2003,215978.0,A,Official value
218,Ecuador,5412,Yield,kg/ha,2003,109.2,A,Official value
218,Ecuador,5510,Production,t,2003,23579.0,A,Official value
218,Ecuador,5312,Area harvested,ha,2004,216279.0,A,Official value
218,Ecuador,5412,Yield,kg/ha,2004,129.1,A,Official value
218,Ecuador,5510,Production,t,2004,27932.0,A,Official value
218,Ecuador,5312,Area harvested,ha,2005,205544.0,A,Official value
218,Ecuador,5412,Yield,kg/ha,2005,198.5,A,Official value
218,Ecuador,5510,Production,t,2005,40805.0,A,Official value
218,Ecuador,5312,Area harvested,ha,2006,180676.0,A,Official value
218,Ecuador,5412,Yield,kg/ha,2006,174.1,A,Official value
218,Ecuador,5510,Production,t,2006,31461.0,A,Official value
218,Ecuador,5312,Area harvested,ha,2007,177804.0,A,Official value
218,Ecuador,5412,Yield,kg/ha,2007,217.6,A,Official value
218,Ecuador,5510,Production,t,2007,38687.0,A,Official value
218,Ecuador,5312,Area harvested,ha,2008,168479.0,A,Official value
218,Ecuador,5412,Yield,kg/ha,2008,190.5,A,Official value
218,Ecuador,5510,Production,t,2008,32096.0,A,Official value
218,Ecuador,5312,Area harvested,ha,2009,171923.0,A,Official value
218,Ecuador,5412,Yield,kg/ha,2009,195.6,A,Official value
218,Ecuador,5510,Production,t,2009,33624.0,A,Official value
218,Ecuador,5312,Area harvested,ha,2010,144931.0,A,Official value
218,Ecuador,5412,Yield,kg/ha,2010,216.3,A,Official value
218,Ecuador,5510,Production,t,2010,31347.0,A,Official value
218,Ecuador,5312,Area harvested,ha,2011,98347.0,A,Official value
218,Ecuador,5412,Yield,kg/ha,2011,242.3,A,Official value
218,Ecuador,5510,Production,t,2011,23829.0,A,Official value
218,Ecuador,5312,Area harvested,ha,2012,78710.0,A,Official value
218,Ecuador,5412,Yield,kg/ha,2012,93.3,A,Official value
218,Ecuador,5510,Production,t,2012,7340.03,A,Official value
218,Ecuador,5312,Area harvested,ha,2013,61627.0,A,Official value
218,Ecuador,5412,Yield,kg/ha,2013,125.9,A,Official value
218,Ecuador,5510,Production,t,2013,7760.0,A,Official value
218,Ecuador,5312,Area harvested,ha,2014,35483.0,A,Official value
218,Ecuador,5412,Yield,kg/ha,2014,119.1,A,Official value
218,Ecuador,5510,Production,t,2014,4224.53,A,Official value
218,Ecuador,5312,Area harvested,ha,2015,44027.0,A,Official value
218,Ecuador,5412,Yield,kg/ha,2015,120.3,A,Official value
218,Ecuador,5510,Production,t,2015,5297.44,A,Official value
218,Ecuador,5312,Area harvested,ha,2016,29872.0,A,Official value
218,Ecuador,5412,Yield,kg/ha,2016,130.7,A,Official value
218,Ecuador,5510,Production,t,2016,3904.53,A,Official value
218,Ecuador,5312,Area harvested,ha,2017,37260.0,A,Official value
218,Ecuador,5412,Yield,kg/ha,2017,203.0,A,Official value
218,Ecuador,5510,Production,t,2017,7564.0,A,Official value
218,Ecuador,5312,Area harvested,ha,2018,31924.0,A,Official value
218,Ecuador,5412,Yield,kg/ha,2018,158.7,A,Official value
218,Ecuador,5510,Production,t,2018,5065.0,A,Official value
218,Ecuador,5312,Area harvested,ha,2019,36047.0,A,Official value
218,Ecuador,5412,Yield,kg/ha,2019,225.8,A,Official value
218,Ecuador,5510,Production,t,2019,8140.98,A,Official value
218,Ecuador,5312,Area harvested,ha,2020,26909.0,A,Official value
218,Ecuador,5412,Yield,kg/ha,2020,196.2,A,Official value
218,Ecuador,5510,Production,t,2020,5280.29,A,Official value
218,Ecuador,5312,Area harvested,ha,2021,29481.0,A,Official value
218,Ecuador,5412,Yield,kg/ha,2021,166.8,A,Official value
218,Ecuador,5510,Production,t,2021,4916.87,A,Official value
218,Ecuador,5312,Area harvested,ha,2022,29901.0,A,Official value
218,Ecuador,5412,Yield,kg/ha,2022,266.4,A,Official value
218,Ecuador,5510,Production,t,2022,7965.97,A,Official value
218,Ecuador,5312,Area harvested,ha,2023,22373.0,A,Official value
218,Ecuador,5412,Yield,kg/ha,2023,249.6,A,Official value
218,Ecuador,5510,Production,t,2023,5584.19,A,Official value
218,Ecuador,5312,Area harvested,ha,2024,18533.0,A,Official value
218,Ecuador,5412,Yield,kg/ha,2024,294.9,A,Official value
218,Ecuador,5510,Production,t,2024,5465.05,A,Official value
222,El Salvador,5312,Area harvested,ha,1961,126300.0,A,Official value
222,El Salvador,5412,Yield,kg/ha,1961,969.9,A,Official value
222,El Salvador,5510,Production,t,1961,122500.0,A,Official value
222,El Salvador,5312,Area harvested,ha,1962,128000.0,A,Official value
222,El Salvador,5412,Yield,kg/ha,1962,768.0,A,Official value
222,El Salvador,5510,Production,t,1962,98300.0,A,Official value
222,El Salvador,5312,Area harvested,ha,1963,130000.0,A,Official value
222,El Salvador,5412,Yield,kg/ha,1963,943.8,A,Official value
222,El Salvador,5510,Production,t,1963,122700.0,A,Official value
222,El Salvador,5312,Area harvested,ha,1964,132000.0,A,Official value
222,El Salvador,5412,Yield,kg/ha,1964,932.6,A,Official value
222,El Salvador,5510,Production,t,1964,123100.0,A,Official value
222,El Salvador,5312,Area harvested,ha,1965,134000.0,A,Official value
222,El Salvador,5412,Yield,kg/ha,1965,814.9,A,Official value
222,El Salvador,5510,Production,t,1965,109200.0,A,Official value
222,El Salvador,5312,Area harvested,ha,1966,136000.0,A,Official value
222,El Salvador,5412,Yield,kg/ha,1966,905.1,A,Official value
222,El Salvador,5510,Production,t,1966,123100.0,A,Official value
222,El Salvador,5312,Area harvested,ha,1967,138000.0,A,Official value
222,El Salvador,5412,Yield,kg/ha,1967,1049.3,A,Official value
222,El Salvador,5510,Production,t,1967,144800.0,A,Official value
222,El Salvador,5312,Area harvested,ha,1968,118000.0,A,Official value
222,El Salvador,5412,Yield,kg/ha,1968,1049.2,A,Official value
222,El Salvador,5510,Production,t,1968,123800.0,A,Official value
222,El Salvador,5312,Area harvested,ha,1969,110900.0,A,Official value
222,El Salvador,5412,Yield,kg/ha,1969,1298.3,A,Official value
222,El Salvador,5510,Production,t,1969,143980.0,A,Official value
222,El Salvador,5510,Production,t,1970,129490.0,A,Official value
222,El Salvador,5312,Area harvested,ha,1971,141600.0,A,Official value
222,El Salvador,5412,Yield,kg/ha,1971,1021.4,A,Official value
222,El Salvador,5510,Production,t,1971,144624.0,A,Official value
222,El Salvador,5312,Area harvested,ha,1972,146200.0,A,Official value
222,El Salvador,5412,Yield,kg/ha,1972,1008.7,A,Official value
222,El Salvador,5510,Production,t,1972,147476.0,A,Official value
222,El Salvador,5312,Area harvested,ha,1973,146200.0,A,Official value
222,El Salvador,5412,Yield,kg/ha,1973,865.3,A,Official value
222,El Salvador,5510,Production,t,1973,126500.0,A,Official value
222,El Salvador,5312,Area harvested,ha,1974,147268.0,A,Official value
222,El Salvador,5412,Yield,kg/ha,1974,1082.6,A,Official value
222,El Salvador,5510,Production,t,1974,159436.0,A,Official value
222,El Salvador,5312,Area harvested,ha,1975,147268.0,A,Official value
222,El Salvador,5412,Yield,kg/ha,1975,1096.1,A,Official value
222,El Salvador,5510,Production,t,1975,161415.0,A,Official value
222,El Salvador,5312,Area harvested,ha,1976,147268.0,A,Official value
222,El Salvador,5412,Yield,kg/ha,1976,941.8,A,Official value
222,El Salvador,5510,Production,t,1976,138690.0,A,Official value
222,El Salvador,5312,Area harvested,ha,1977,147268.0,A,Official value
222,El Salvador,5412,Yield,kg/ha,1977,1001.3,A,Official value
222,El Salvador,5510,Production,t,1977,147465.0,A,Official value
222,El Salvador,5312,Area harvested,ha,1978,147268.0,A,Official value
222,El Salvador,5412,Yield,kg/ha,1978,1076.2,A,Official value
222,El Salvador,5510,Production,t,1978,158490.0,A,Official value
222,El Salvador,5312,Area harvested,ha,1979,170000.0,A,Official value
222,El Salvador,5412,Yield,kg/ha,1979,1091.9,A,Official value
222,El Salvador,5510,Production,t,1979,185625.0,A,Official value
222,El Salvador,5312,Area harvested,ha,1980,185000.0,A,Official value
222,El Salvador,5412,Yield,kg/ha,1980,995.8,A,Official value
222,El Salvador,5510,Production,t,1980,184230.0,A,Official value
222,El Salvador,5510,Production,t,1981,180000.0,A,Official value
222,El Salvador,5312,Area harvested,ha,1982,185315.0,A,Official value
222,El Salvador,5412,Yield,kg/ha,1982,942.3,A,Official value
222,El Salvador,5510,Production,t,1982,174616.0,A,Official value
222,El Salvador,5312,Area harvested,ha,1983,185315.0,A,Official value
222,El Salvador,5412,Yield,kg/ha,1983,834.0,A,Official value
222,El Salvador,5510,Production,t,1983,154560.0,A,Official value
222,El Salvador,5312,Area harvested,ha,1984,170616.0,A,Official value
222,El Salvador,5412,Yield,kg/ha,1984,960.4,A,Official value
222,El Salvador,5510,Production,t,1984,163852.0,A,Official value
222,El Salvador,5312,Area harvested,ha,1985,163948.0,A,Official value
222,El Salvador,5412,Yield,kg/ha,1985,907.7,A,Official value
222,El Salvador,5510,Production,t,1985,148810.0,A,Official value
222,El Salvador,5510,Production,t,1986,138184.0,A,Official value
222,El Salvador,5510,Production,t,1987,147890.0,A,Official value
222,El Salvador,5510,Production,t,1988,120290.0,A,Official value
222,El Salvador,5510,Production,t,1989,121900.0,A,Official value
222,El Salvador,5312,Area harvested,ha,1990,173000.0,A,Official value
222,El Salvador,5412,Yield,kg/ha,1990,850.9,A,Official value
222,El Salvador,5510,Production,t,1990,147200.0,A,Official value
222,El Salvador,5312,Area harvested,ha,1991,186000.0,A,Official value
222,El Salvador,5412,Yield,kg/ha,1991,803.5,A,Official value
222,El Salvador,5510,Production,t,1991,149450.0,A,Official value
222,El Salvador,5312,Area harvested,ha,1992,163900.0,A,Official value
222,El Salvador,5412,Yield,kg/ha,1992,1072.1,A,Official value
222,El Salvador,5510,Production,t,1992,175720.0,A,Official value
222,El Salvador,5312,Area harvested,ha,1993,163940.0,A,Official value
222,El Salvador,5412,Yield,kg/ha,1993,857.5,A,Official value
222,El Salvador,5510,Production,t,1993,140576.0,A,Official value
222,El Salvador,5312,Area harvested,ha,1994,168420.0,A,Official value
222,El Salvador,5412,Yield,kg/ha,1994,834.4,A,Official value
222,El Salvador,5510,Production,t,1994,140534.0,A,Official value
222,El Salvador,5312,Area harvested,ha,1995,163100.0,A,Official value
222,El Salvador,5412,Yield,kg/ha,1995,855.4,A,Official value
222,El Salvador,5510,Production,t,1995,139513.0,A,Official value
222,El Salvador,5312,Area harvested,ha,1996,163940.0,A,Official value
222,El Salvador,5412,Yield,kg/ha,1996,908.0,A,Official value
222,El Salvador,5510,Production,t,1996,148859.0,A,Official value
222,El Salvador,5312,Area harvested,ha,1997,164220.0,A,Official value
222,El Salvador,5412,Yield,kg/ha,1997,756.5,A,Official value
222,El Salvador,5510,Production,t,1997,124239.0,A,Official value
222,El Salvador,5312,Area harvested,ha,1998,162028.0,A,Official value
222,El Salvador,5412,Yield,kg/ha,1998,723.4,A,Official value
222,El Salvador,5510,Production,t,1998,117214.0,A,Official value
222,El Salvador,5312,Area harvested,ha,1999,162064.0,A,Official value
222,El Salvador,5412,Yield,kg/ha,1999,992.1,A,Official value
222,El Salvador,5510,Production,t,1999,160782.0,A,Official value
222,El Salvador,5312,Area harvested,ha,2000,162190.0,A,Official value
222,El Salvador,5412,Yield,kg/ha,2000,703.4,A,Official value
222,El Salvador,5510,Production,t,2000,114087.0,A,Official value
222,El Salvador,5312,Area harvested,ha,2001,162190.0,A,Official value
222,El Salvador,5412,Yield,kg/ha,2001,691.8,A,Official value
222,El Salvador,5510,Production,t,2001,112201.0,A,Official value
222,El Salvador,5312,Area harvested,ha,2002,160945.0,A,Official value
222,El Salvador,5412,Yield,kg/ha,2002,568.6,A,Official value
222,El Salvador,5510,Production,t,2002,91513.0,A,Official value
222,El Salvador,5312,Area harvested,ha,2003,160691.0,A,Official value
222,El Salvador,5412,Yield,kg/ha,2003,505.1,A,Official value
222,El Salvador,5510,Production,t,2003,81157.0,A,Official value
222,El Salvador,5312,Area harvested,ha,2004,160091.0,A,Official value
222,El Salvador,5412,Yield,kg/ha,2004,519.0,A,Official value
222,El Salvador,5510,Production,t,2004,83088.0,A,Official value
222,El Salvador,5312,Area harvested,ha,2005,160691.0,A,Official value
222,El Salvador,5412,Yield,kg/ha,2005,547.4,A,Official value
222,El Salvador,5510,Production,t,2005,87963.0,A,Official value
222,El Salvador,5312,Area harvested,ha,2006,155407.0,A,Official value
222,El Salvador,5412,Yield,kg/ha,2006,549.2,A,Official value
222,El Salvador,5510,Production,t,2006,85350.0,A,Official value
222,El Salvador,5312,Area harvested,ha,2007,153706.0,A,Official value
222,El Salvador,5412,Yield,kg/ha,2007,626.9,A,Official value
222,El Salvador,5510,Production,t,2007,96355.0,A,Official value
222,El Salvador,5312,Area harvested,ha,2008,153846.0,A,Official value
222,El Salvador,5412,Yield,kg/ha,2008,635.2,A,Official value
222,El Salvador,5510,Production,t,2008,97727.0,A,Official value
222,El Salvador,5312,Area harvested,ha,2009,153846.0,A,Official value
222,El Salvador,5412,Yield,kg/ha,2009,497.8,A,Official value
222,El Salvador,5510,Production,t,2009,76591.0,A,Official value
222,El Salvador,5312,Area harvested,ha,2010,152340.0,A,Official value
222,El Salvador,5412,Yield,kg/ha,2010,739.4,A,Official value
222,El Salvador,5510,Production,t,2010,112636.0,A,Official value
222,El Salvador,5312,Area harvested,ha,2011,139958.0,A,Official value
222,El Salvador,5412,Yield,kg/ha,2011,586.6,A,Official value
222,El Salvador,5510,Production,t,2011,82095.0,A,Official value
222,El Salvador,5312,Area harvested,ha,2012,139958.0,A,Official value
222,El Salvador,5412,Yield,kg/ha,2012,639.4,A,Official value
222,El Salvador,5510,Production,t,2012,89489.0,A,Official value
222,El Salvador,5312,Area harvested,ha,2013,139860.0,A,Official value
222,El Salvador,5412,Yield,kg/ha,2013,235.0,A,Official value
222,El Salvador,5510,Production,t,2013,32864.0,A,Official value
222,El Salvador,5312,Area harvested,ha,2014,140000.0,A,Official value
222,El Salvador,5412,Yield,kg/ha,2014,299.8,A,Official value
222,El Salvador,5510,Production,t,2014,41965.0,A,Official value
222,El Salvador,5312,Area harvested,ha,2015,140000.0,A,Official value
222,El Salvador,5412,Yield,kg/ha,2015,254.9,A,Official value
222,El Salvador,5510,Production,t,2015,35682.0,A,Official value
222,El Salvador,5312,Area harvested,ha,2016,140000.0,A,Official value
222,El Salvador,5412,Yield,kg/ha,2016,276.0,A,Official value
222,El Salvador,5510,Production,t,2016,38636.0,A,Official value
222,El Salvador,5312,Area harvested,ha,2017,139139.0,A,Official value
222,El Salvador,5412,Yield,kg/ha,2017,295.7,A,Official value
222,El Salvador,5510,Production,t,2017,41141.36,A,Official value
222,El Salvador,5312,Area harvested,ha,2018,140000.0,A,Official value
222,El Salvador,5412,Yield,kg/ha,2018,309.4,A,Official value
222,El Salvador,5510,Production,t,2018,43318.8,A,Official value
222,El Salvador,5312,Area harvested,ha,2019,140000.0,A,Official value
222,El Salvador,5412,Yield,kg/ha,2019,240.3,A,Official value
222,El Salvador,5510,Production,t,2019,33640.91,A,Official value
222,El Salvador,5312,Area harvested,ha,2020,140000.0,A,Official value
222,El Salvador,5412,Yield,kg/ha,2020,250.0,A,Official value
222,El Salvador,5510,Production,t,2020,35000.0,A,Official value
222,El Salvador,5312,Area harvested,ha,2021,140018.0,A,Official value
222,El Salvador,5412,Yield,kg/ha,2021,299.3,A,Official value
222,El Salvador,5510,Production,t,2021,41910.91,A,Official value
222,El Salvador,5312,Area harvested,ha,2022,116011.0,A,Official value
222,El Salvador,5412,Yield,kg/ha,2022,360.9,A,Official value
222,El Salvador,5510,Production,t,2022,41866.0,A,Official value
226,Equatorial Guinea,5510,Production,t,1961,6600.0,A,Official value
226,Equatorial Guinea,5510,Production,t,1962,8100.0,A,Official value
226,Equatorial Guinea,5510,Production,t,1963,6700.0,A,Official value
226,Equatorial Guinea,5510,Production,t,1964,8235.0,A,Official value
226,Equatorial Guinea,5312,Area harvested,ha,1965,11500.0,A,Official value
226,Equatorial Guinea,5412,Yield,kg/ha,1965,579.5,A,Official value
226,Equatorial Guinea,5510,Production,t,1965,6664.0,A,Official value
226,Equatorial Guinea,5312,Area harvested,ha,1966,12000.0,A,Official value
226,Equatorial Guinea,5412,Yield,kg/ha,1966,533.3,A,Official value
226,Equatorial Guinea,5510,Production,t,1966,6400.0,A,Official value
226,Equatorial Guinea,5510,Production,t,1999,3500.0,A,Official value
231,Ethiopia,5312,Area harvested,ha,1999,251310.0,A,Official value
231,Ethiopia,5412,Yield,kg/ha,1999,865.3,A,Official value
231,Ethiopia,5510,Production,t,1999,217450.0,A,Official value
231,Ethiopia,5312,Area harvested,ha,2001,243834.0,A,Official value
231,Ethiopia,5412,Yield,kg/ha,2001,644.5,A,Official value
231,Ethiopia,5510,Production,t,2001,157155.0,A,Official value
231,Ethiopia,5312,Area harvested,ha,2003,232439.0,A,Official value
231,Ethiopia,5412,Yield,kg/ha,2003,542.9,A,Official value
231,Ethiopia,5510,Production,t,2003,126188.0,A,Official value
231,Ethiopia,5312,Area harvested,ha,2004,260201.0,A,Official value
231,Ethiopia,5412,Yield,kg/ha,2004,600.2,A,Official value
231,Ethiopia,5510,Production,t,2004,156170.0,A,Official value
231,Ethiopia,5312,Area harvested,ha,2005,261175.0,A,Official value
231,Ethiopia,5412,Yield,kg/ha,2005,657.1,A,Official value
231,Ethiopia,5510,Production,t,2005,171631.0,A,Official value
231,Ethiopia,5312,Area harvested,ha,2006,295238.0,A,Official value
231,Ethiopia,5412,Yield,kg/ha,2006,817.9,A,Official value
231,Ethiopia,5510,Production,t,2006,241482.0,A,Official value
231,Ethiopia,5312,Area harvested,ha,2007,407147.0,A,Official value
231,Ethiopia,5412,Yield,kg/ha,2007,671.5,A,Official value
231,Ethiopia,5510,Production,t,2007,273400.0,A,Official value
231,Ethiopia,5312,Area harvested,ha,2008,391296.0,A,Official value
231,Ethiopia,5412,Yield,kg/ha,2008,665.1,A,Official value
231,Ethiopia,5510,Production,t,2008,260239.0,A,Official value
231,Ethiopia,5312,Area harvested,ha,2009,395003.0,A,Official value
231,Ethiopia,5412,Yield,kg/ha,2009,672.1,A,Official value
231,Ethiopia,5510,Production,t,2009,265469.0,A,Official value
231,Ethiopia,5312,Area harvested,ha,2010,498618.0,A,Official value
231,Ethiopia,5412,Yield,kg/ha,2010,743.2,A,Official value
231,Ethiopia,5510,Production,t,2010,370569.0,A,Official value
231,Ethiopia,5312,Area harvested,ha,2013,538466.0,A,Official value
231,Ethiopia,5412,Yield,kg/ha,2013,728.0,A,Official value
231,Ethiopia,5510,Production,t,2013,392006.0,A,Official value
231,Ethiopia,5312,Area harvested,ha,2016,761209.0,A,Official value
231,Ethiopia,5412,Yield,kg/ha,2016,650.0,A,Official value
231,Ethiopia,5510,Production,t,2016,494819.0,A,Official value
231,Ethiopia,5312,Area harvested,ha,2017,808022.0,A,Official value
231,Ethiopia,5412,Yield,kg/ha,2017,680.1,A,Official value
231,Ethiopia,5510,Production,t,2017,549531.0,A,Official value
231,Ethiopia,5312,Area harvested,ha,2018,871707.0,A,Official value
231,Ethiopia,5412,Yield,kg/ha,2018,658.5,A,Official value
231,Ethiopia,5510,Production,t,2018,573986.0,A,Official value
231,Ethiopia,5312,Area harvested,ha,2020,856592.0,A,Official value
231,Ethiopia,5412,Yield,kg/ha,2020,682.7,A,Official value
231,Ethiopia,5510,Production,t,2020,584789.57,A,Official value
231,Ethiopia,5312,Area harvested,ha,2022,794404.0,A,Official value
231,Ethiopia,5412,Yield,kg/ha,2022,686.8,A,Official value
231,Ethiopia,5510,Production,t,2022,545566.36,A,Official value
230,Ethiopia PDR,5312,Area harvested,ha,1961,406000.0,A,Official value
230,Ethiopia PDR,5312,Area harvested,ha,1962,591000.0,A,Official value
230,Ethiopia PDR,5412,Yield,kg/ha,1962,224.5,A,Official value
230,Ethiopia PDR,5510,Production,t,1962,132700.0,A,Official value
230,Ethiopia PDR,5312,Area harvested,ha,1963,597000.0,A,Official value
230,Ethiopia PDR,5412,Yield,kg/ha,1963,233.0,A,Official value
230,Ethiopia PDR,5510,Production,t,1963,139100.0,A,Official value
230,Ethiopia PDR,5312,Area harvested,ha,1964,603000.0,A,Official value
230,Ethiopia PDR,5412,Yield,kg/ha,1964,282.6,A,Official value
230,Ethiopia PDR,5510,Production,t,1964,170400.0,A,Official value
230,Ethiopia PDR,5312,Area harvested,ha,1965,606000.0,A,Official value
230,Ethiopia PDR,5412,Yield,kg/ha,1965,231.0,A,Official value
230,Ethiopia PDR,5510,Production,t,1965,140000.0,A,Official value
230,Ethiopia PDR,5312,Area harvested,ha,1966,606000.0,A,Official value
230,Ethiopia PDR,5412,Yield,kg/ha,1966,231.0,A,Official value
230,Ethiopia PDR,5510,Production,t,1966,140000.0,A,Official value
230,Ethiopia PDR,5312,Area harvested,ha,1967,608000.0,A,Official value
230,Ethiopia PDR,5412,Yield,kg/ha,1967,254.9,A,Official value
230,Ethiopia PDR,5510,Production,t,1967,155000.0,A,Official value
230,Ethiopia PDR,5312,Area harvested,ha,1968,611500.0,A,Official value
230,Ethiopia PDR,5412,Yield,kg/ha,1968,261.7,A,Official value
230,Ethiopia PDR,5510,Production,t,1968,160000.0,A,Official value
230,Ethiopia PDR,5312,Area harvested,ha,1969,615000.0,A,Official value
230,Ethiopia PDR,5412,Yield,kg/ha,1969,268.3,A,Official value
230,Ethiopia PDR,5510,Production,t,1969,165000.0,A,Official value
230,Ethiopia PDR,5312,Area harvested,ha,1970,618500.0,A,Official value
230,Ethiopia PDR,5412,Yield,kg/ha,1970,274.9,A,Official value
230,Ethiopia PDR,5510,Production,t,1970,170000.0,A,Official value
230,Ethiopia PDR,5312,Area harvested,ha,1971,622000.0,A,Official value
230,Ethiopia PDR,5510,Production,t,1978,190000.0,A,Official value
230,Ethiopia PDR,5510,Production,t,1979,188000.0,A,Official value
230,Ethiopia PDR,5510,Production,t,1980,187200.0,A,Official value
230,Ethiopia PDR,5510,Production,t,1981,202000.0,A,Official value
230,Ethiopia PDR,5510,Production,t,1982,202000.0,A,Official value
230,Ethiopia PDR,5312,Area harvested,ha,1983,372177.0,A,Official value
230,Ethiopia PDR,5412,Yield,kg/ha,1983,424.1,A,Official value
230,Ethiopia PDR,5510,Production,t,1983,157824.0,A,Official value
230,Ethiopia PDR,5312,Area harvested,ha,1984,321048.0,A,Official value
230,Ethiopia PDR,5412,Yield,kg/ha,1984,452.6,A,Official value
230,Ethiopia PDR,5510,Production,t,1984,145306.0,A,Official value
230,Ethiopia PDR,5510,Production,t,1985,155200.0,A,Official value
230,Ethiopia PDR,5510,Production,t,1986,186000.0,A,Official value
230,Ethiopia PDR,5510,Production,t,1987,186000.0,A,Official value
230,Ethiopia PDR,5510,Production,t,1988,190000.0,A,Official value
230,Ethiopia PDR,5510,Production,t,1989,200000.0,A,Official value
230,Ethiopia PDR,5510,Production,t,1990,204000.0,A,Official value
230,Ethiopia PDR,5510,Production,t,1991,210000.0,A,Official value
230,Ethiopia PDR,5510,Production,t,1992,216000.0,A,Official value
242,Fiji,5312,Area harvested,ha,1961,0.0,A,Official value
242,Fiji,5510,Production,t,1961,0.0,A,Official value
242,Fiji,5312,Area harvested,ha,1962,20.0,A,Official value
242,Fiji,5412,Yield,kg/ha,1962,50.0,A,Official value
242,Fiji,5510,Production,t,1962,1.0,A,Official value
242,Fiji,5312,Area harvested,ha,1963,20.0,A,Official value
242,Fiji,5412,Yield,kg/ha,1963,50.0,A,Official value
242,Fiji,5510,Production,t,1963,1.0,A,Official value
242,Fiji,5312,Area harvested,ha,1964,20.0,A,Official value
242,Fiji,5412,Yield,kg/ha,1964,50.0,A,Official value
242,Fiji,5510,Production,t,1964,1.0,A,Official value
242,Fiji,5312,Area harvested,ha,1965,24.0,A,Official value
242,Fiji,5412,Yield,kg/ha,1965,41.7,A,Official value
242,Fiji,5510,Production,t,1965,1.0,A,Official value
242,Fiji,5312,Area harvested,ha,1966,24.0,A,Official value
242,Fiji,5510,Production,t,1967,5.0,A,Official value
242,Fiji,5510,Production,t,1969,11.0,A,Official value
242,Fiji,5312,Area harvested,ha,1983,225.0,A,Official value
242,Fiji,5312,Area harvested,ha,1984,260.0,A,Official value
242,Fiji,5412,Yield,kg/ha,1984,115.4,A,Official value
242,Fiji,5510,Production,t,1984,30.0,A,Official value
242,Fiji,5312,Area harvested,ha,1985,200.0,A,Official value
242,Fiji,5312,Area harvested,ha,1986,191.0,A,Official value
242,Fiji,5412,Yield,kg/ha,1986,235.6,A,Official value
242,Fiji,5510,Production,t,1986,45.0,A,Official value
242,Fiji,5312,Area harvested,ha,1987,204.0,A,Official value
242,Fiji,5412,Yield,kg/ha,1987,147.1,A,Official value
242,Fiji,5510,Production,t,1987,30.0,A,Official value
242,Fiji,5312,Area harvested,ha,1988,212.0,A,Official value
242,Fiji,5412,Yield,kg/ha,1988,297.2,A,Official value
242,Fiji,5510,Production,t,1988,63.0,A,Official value
242,Fiji,5312,Area harvested,ha,1989,212.0,A,Official value
242,Fiji,5412,Yield,kg/ha,1989,457.5,A,Official value
242,Fiji,5510,Production,t,1989,97.0,A,Official value
242,Fiji,5312,Area harvested,ha,1990,192.0,A,Official value
242,Fiji,5412,Yield,kg/ha,1990,3437.5,A,Official value
242,Fiji,5510,Production,t,1990,660.0,A,Official value
242,Fiji,5312,Area harvested,ha,1991,212.0,A,Official value
242,Fiji,5412,Yield,kg/ha,1991,1669.8,A,Official value
242,Fiji,5510,Production,t,1991,354.0,A,Official value
242,Fiji,5312,Area harvested,ha,1992,212.0,A,Official value
242,Fiji,5412,Yield,kg/ha,1992,1066.0,A,Official value
242,Fiji,5510,Production,t,1992,226.0,A,Official value
242,Fiji,5510,Production,t,1993,176.0,A,Official value
242,Fiji,5510,Production,t,1994,11.0,A,Official value
242,Fiji,5312,Area harvested,ha,2005,30.0,A,Official value
242,Fiji,5412,Yield,kg/ha,2005,500.0,A,Official value
242,Fiji,5510,Production,t,2005,15.0,A,Official value
258,French Polynesia,5510,Production,t,1961,113.0,A,Official value
258,French Polynesia,5510,Production,t,1962,271.0,A,Official value
258,French Polynesia,5312,Area harvested,ha,1963,2140.0,A,Official value
258,French Polynesia,5412,Yield,kg/ha,1963,65.9,A,Official value
258,French Polynesia,5510,Production,t,1963,141.0,A,Official value
258,French Polynesia,5510,Production,t,1965,89.0,A,Official value
258,French Polynesia,5510,Production,t,1966,173.0,A,Official value
258,French Polynesia,5510,Production,t,1967,126.0,A,Official value
258,French Polynesia,5510,Production,t,1968,190.0,A,Official value
258,French Polynesia,5510,Production,t,1970,102.0,A,Official value
258,French Polynesia,5510,Production,t,1975,160.0,A,Official value
258,French Polynesia,5510,Production,t,1976,102.0,A,Official value
258,French Polynesia,5510,Production,t,1977,84.0,A,Official value
258,French Polynesia,5510,Production,t,1978,125.0,A,Official value
258,French Polynesia,5510,Production,t,1979,180.0,A,Official value
258,French Polynesia,5510,Production,t,1980,168.0,A,Official value
258,French Polynesia,5510,Production,t,1981,121.0,A,Official value
258,French Polynesia,5510,Production,t,1982,56.0,A,Official value
258,French Polynesia,5510,Production,t,1983,142.0,A,Official value
258,French Polynesia,5510,Production,t,1984,63.0,A,Official value
258,French Polynesia,5510,Production,t,1985,55.0,A,Official value
258,French Polynesia,5510,Production,t,1986,14.0,A,Official value
258,French Polynesia,5312,Area harvested,ha,1987,156.0,A,Official value
258,French Polynesia,5412,Yield,kg/ha,1987,25.6,A,Official value
258,French Polynesia,5510,Production,t,1987,4.0,A,Official value
258,French Polynesia,5510,Production,t,1988,4.0,A,Official value
258,French Polynesia,5312,Area harvested,ha,1989,40.0,A,Official value
258,French Polynesia,5412,Yield,kg/ha,1989,250.0,A,Official value
258,French Polynesia,5510,Production,t,1989,10.0,A,Official value
258,French Polynesia,5312,Area harvested,ha,1990,40.0,A,Official value
258,French Polynesia,5412,Yield,kg/ha,1990,150.0,A,Official value
258,French Polynesia,5510,Production,t,1990,6.0,A,Official value
258,French Polynesia,5510,Production,t,1991,13.0,A,Official value
258,French Polynesia,5510,Production,t,1992,4.0,A,Official value
258,French Polynesia,5510,Production,t,1993,8.0,A,Official value
258,French Polynesia,5510,Production,t,1994,9.0,A,Official value
258,French Polynesia,5510,Production,t,1997,11.0,A,Official value
258,French Polynesia,5510,Production,t,1998,16.0,A,Official value
266,Gabon,5312,Area harvested,ha,1962,7000.0,A,Official value
266,Gabon,5412,Yield,kg/ha,1962,357.1,A,Official value
266,Gabon,5510,Production,t,1962,2500.0,A,Official value
266,Gabon,5312,Area harvested,ha,1975,1217.0,A,Official value
266,Gabon,5412,Yield,kg/ha,1975,212.8,A,Official value
266,Gabon,5510,Production,t,1975,259.0,A,Official value
266,Gabon,5312,Area harvested,ha,1976,677.0,A,Official value
266,Gabon,5412,Yield,kg/ha,1976,214.2,A,Official value
266,Gabon,5510,Production,t,1976,145.0,A,Official value
266,Gabon,5312,Area harvested,ha,1977,1269.0,A,Official value
266,Gabon,5412,Yield,kg/ha,1977,283.7,A,Official value
266,Gabon,5510,Production,t,1977,360.0,A,Official value
266,Gabon,5312,Area harvested,ha,1978,1410.0,A,Official value
266,Gabon,5412,Yield,kg/ha,1978,356.0,A,Official value
266,Gabon,5510,Production,t,1978,502.0,A,Official value
266,Gabon,5510,Production,t,1979,269.0,A,Official value
266,Gabon,5510,Production,t,1980,680.0,A,Official value
266,Gabon,5510,Production,t,1982,1850.0,A,Official value
266,Gabon,5510,Production,t,1983,1400.0,A,Official value
266,Gabon,5510,Production,t,1985,1295.0,A,Official value
266,Gabon,5510,Production,t,1986,1332.0,A,Official value
266,Gabon,5510,Production,t,1987,1724.0,A,Official value
266,Gabon,5510,Production,t,1988,1774.0,A,Official value
266,Gabon,5510,Production,t,1990,269.0,A,Official value
266,Gabon,5510,Production,t,1991,451.0,A,Official value
266,Gabon,5510,Production,t,1992,193.0,A,Official value
266,Gabon,5510,Production,t,1993,256.0,A,Official value
266,Gabon,5510,Production,t,1994,259.0,A,Official value
266,Gabon,5510,Production,t,1995,159.0,A,Official value
266,Gabon,5510,Production,t,1996,219.0,A,Official value
266,Gabon,5510,Production,t,1997,154.0,A,Official value
266,Gabon,5510,Production,t,1998,145.0,A,Official value
266,Gabon,5510,Production,t,1999,125.0,A,Official value
266,Gabon,5510,Production,t,2000,198.0,A,Official value
266,Gabon,5510,Production,t,2001,78.0,A,Official value
266,Gabon,5510,Production,t,2005,100.0,A,Official value
288,Ghana,5510,Production,t,1961,1700.0,A,Official value
288,Ghana,5510,Production,t,1962,3920.0,A,Official value
288,Ghana,5510,Production,t,1963,2650.0,A,Official value
288,Ghana,5510,Production,t,1964,6700.0,A,Official value
288,Ghana,5510,Production,t,1965,1644.0,A,Official value
288,Ghana,5312,Area harvested,ha,1966,20200.0,A,Official value
288,Ghana,5412,Yield,kg/ha,1966,426.2,A,Official value
288,Ghana,5510,Production,t,1966,8610.0,A,Official value
288,Ghana,5312,Area harvested,ha,1967,26300.0,A,Official value
288,Ghana,5412,Yield,kg/ha,1967,154.3,A,Official value
288,Ghana,5510,Production,t,1967,4057.0,A,Official value
288,Ghana,5312,Area harvested,ha,1968,28700.0,A,Official value
288,Ghana,5412,Yield,kg/ha,1968,224.4,A,Official value
288,Ghana,5510,Production,t,1968,6440.0,A,Official value
288,Ghana,5312,Area harvested,ha,1970,29100.0,A,Official value
288,Ghana,5510,Production,t,1986,531.0,A,Official value
288,Ghana,5510,Production,t,1987,791.0,A,Official value
288,Ghana,5510,Production,t,1988,377.0,A,Official value
288,Ghana,5510,Production,t,1996,6330.0,A,Official value
288,Ghana,5312,Area harvested,ha,1997,7200.0,A,Official value
288,Ghana,5412,Yield,kg/ha,1997,400.0,A,Official value
288,Ghana,5510,Production,t,1997,2880.0,A,Official value
288,Ghana,5312,Area harvested,ha,1998,20930.0,A,Official value
288,Ghana,5412,Yield,kg/ha,1998,399.9,A,Official value
288,Ghana,5510,Production,t,1998,8370.0,A,Official value
288,Ghana,5510,Production,t,1999,3965.0,A,Official value
288,Ghana,5510,Production,t,2000,1956.0,A,Official value
288,Ghana,5510,Production,t,2001,1379.0,A,Official value
288,Ghana,5510,Production,t,2002,1464.0,A,Official value
288,Ghana,5510,Production,t,2003,900.0,A,Official value
288,Ghana,5510,Production,t,2004,1140.0,A,Official value
288,Ghana,5312,Area harvested,ha,2011,350.0,A,Official value
288,Ghana,5412,Yield,kg/ha,2011,1571.4,A,Official value
288,Ghana,5510,Production,t,2011,550.0,A,Official value
288,Ghana,5312,Area harvested,ha,2012,400.0,A,Official value
288,Ghana,5412,Yield,kg/ha,2012,1500.0,A,Official value
288,Ghana,5510,Production,t,2012,600.0,A,Official value
288,Ghana,5312,Area harvested,ha,2013,450.0,A,Official value
288,Ghana,5412,Yield,kg/ha,2013,1551.1,A,Official value
288,Ghana,5510,Production,t,2013,698.0,A,Official value
288,Ghana,5312,Area harvested,ha,2014,460.0,A,Official value
288,Ghana,5412,Yield,kg/ha,2014,1600.0,A,Official value
288,Ghana,5510,Production,t,2014,736.0,A,Official value
288,Ghana,5312,Area harvested,ha,2015,460.0,A,Official value
288,Ghana,5412,Yield,kg/ha,2015,1600.0,A,Official value
288,Ghana,5510,Production,t,2015,736.0,A,Official value
312,Guadeloupe,5510,Production,t,1961,500.0,A,Official value
312,Guadeloupe,5510,Production,t,1962,500.0,A,Official value
312,Guadeloupe,5510,Production,t,1963,300.0,A,Official value
312,Guadeloupe,5510,Production,t,1964,400.0,A,Official value
312,Guadeloupe,5312,Area harvested,ha,1967,200.0,A,Official value
312,Guadeloupe,5412,Yield,kg/ha,1967,1500.0,A,Official value
312,Guadeloupe,5510,Production,t,1967,300.0,A,Official value
312,Guadeloupe,5312,Area harvested,ha,1970,200.0,A,Official value
312,Guadeloupe,5412,Yield,kg/ha,1970,1500.0,A,Official value
312,Guadeloupe,5510,Production,t,1970,300.0,A,Official value
312,Guadeloupe,5312,Area harvested,ha,1971,180.0,A,Official value
312,Guadeloupe,5412,Yield,kg/ha,1971,1500.0,A,Official value
312,Guadeloupe,5510,Production,t,1971,270.0,A,Official value
312,Guadeloupe,5312,Area harvested,ha,1972,150.0,A,Official value
312,Guadeloupe,5412,Yield,kg/ha,1972,1466.7,A,Official value
312,Guadeloupe,5510,Production,t,1972,220.0,A,Official value
312,Guadeloupe,5312,Area harvested,ha,1973,180.0,A,Official value
312,Guadeloupe,5412,Yield,kg/ha,1973,1000.0,A,Official value
312,Guadeloupe,5510,Production,t,1973,180.0,A,Official value
312,Guadeloupe,5312,Area harvested,ha,1974,160.0,A,Official value
312,Guadeloupe,5412,Yield,kg/ha,1974,750.0,A,Official value
312,Guadeloupe,5510,Production,t,1974,120.0,A,Official value
312,Guadeloupe,5312,Area harvested,ha,1975,160.0,A,Official value
312,Guadeloupe,5412,Yield,kg/ha,1975,625.0,A,Official value
312,Guadeloupe,5510,Production,t,1975,100.0,A,Official value
312,Guadeloupe,5312,Area harvested,ha,1976,160.0,A,Official value
312,Guadeloupe,5412,Yield,kg/ha,1976,725.0,A,Official value
312,Guadeloupe,5510,Production,t,1976,116.0,A,Official value
312,Guadeloupe,5312,Area harvested,ha,1977,100.0,A,Official value
312,Guadeloupe,5412,Yield,kg/ha,1977,950.0,A,Official value
312,Guadeloupe,5510,Production,t,1977,95.0,A,Official value
312,Guadeloupe,5312,Area harvested,ha,1978,10.0,A,Official value
312,Guadeloupe,5412,Yield,kg/ha,1978,2000.0,A,Official value
312,Guadeloupe,5510,Production,t,1978,20.0,A,Official value
312,Guadeloupe,5312,Area harvested,ha,1979,10.0,A,Official value
312,Guadeloupe,5412,Yield,kg/ha,1979,2000.0,A,Official value
312,Guadeloupe,5510,Production,t,1979,20.0,A,Official value
312,Guadeloupe,5312,Area harvested,ha,1980,10.0,A,Official value
312,Guadeloupe,5412,Yield,kg/ha,1980,1000.0,A,Official value
312,Guadeloupe,5510,Production,t,1980,10.0,A,Official value
312,Guadeloupe,5510,Production,t,1982,10.0,A,Official value
312,Guadeloupe,5510,Production,t,1983,20.0,A,Official value
312,Guadeloupe,5510,Production,t,1984,40.0,A,Official value
312,Guadeloupe,5510,Production,t,1986,26.0,A,Official value
312,Guadeloupe,5510,Production,t,1987,40.0,A,Official value
312,Guadeloupe,5510,Production,t,1991,20.0,A,Official value
312,Guadeloupe,5510,Production,t,1992,47.0,A,Official value
312,Guadeloupe,5312,Area harvested,ha,1993,100.0,A,Official value
312,Guadeloupe,5412,Yield,kg/ha,1993,530.0,A,Official value
312,Guadeloupe,5510,Production,t,1993,53.0,A,Official value
312,Guadeloupe,5312,Area harvested,ha,1994,100.0,A,Official value
312,Guadeloupe,5412,Yield,kg/ha,1994,230.0,A,Official value
312,Guadeloupe,5510,Production,t,1994,23.0,A,Official value
320,Guatemala,5312,Area harvested,ha,1961,230000.0,A,Official value
320,Guatemala,5412,Yield,kg/ha,1961,437.4,A,Official value
320,Guatemala,5510,Production,t,1961,100600.0,A,Official value
320,Guatemala,5312,Area harvested,ha,1962,232000.0,A,Official value
320,Guatemala,5412,Yield,kg/ha,1962,507.3,A,Official value
320,Guatemala,5510,Production,t,1962,117700.0,A,Official value
320,Guatemala,5312,Area harvested,ha,1963,235000.0,A,Official value
320,Guatemala,5412,Yield,kg/ha,1963,444.3,A,Official value
320,Guatemala,5510,Production,t,1963,104400.0,A,Official value
320,Guatemala,5312,Area harvested,ha,1964,237000.0,A,Official value
320,Guatemala,5412,Yield,kg/ha,1964,443.9,A,Official value
320,Guatemala,5510,Production,t,1964,105200.0,A,Official value
320,Guatemala,5312,Area harvested,ha,1965,237000.0,A,Official value
320,Guatemala,5412,Yield,kg/ha,1965,532.1,A,Official value
320,Guatemala,5510,Production,t,1965,126100.0,A,Official value
320,Guatemala,5312,Area harvested,ha,1966,237000.0,A,Official value
320,Guatemala,5412,Yield,kg/ha,1966,448.1,A,Official value
320,Guatemala,5510,Production,t,1966,106200.0,A,Official value
320,Guatemala,5312,Area harvested,ha,1967,237000.0,A,Official value
320,Guatemala,5412,Yield,kg/ha,1967,431.9,A,Official value
320,Guatemala,5510,Production,t,1967,102363.0,A,Official value
320,Guatemala,5312,Area harvested,ha,1968,237000.0,A,Official value
320,Guatemala,5412,Yield,kg/ha,1968,474.2,A,Official value
320,Guatemala,5510,Production,t,1968,112392.0,A,Official value
320,Guatemala,5312,Area harvested,ha,1969,237000.0,A,Official value
320,Guatemala,5412,Yield,kg/ha,1969,500.8,A,Official value
320,Guatemala,5510,Production,t,1969,118685.0,A,Official value
320,Guatemala,5510,Production,t,1970,126546.0,A,Official value
320,Guatemala,5510,Production,t,1971,128386.0,A,Official value
320,Guatemala,5510,Production,t,1972,142682.0,A,Official value
320,Guatemala,5312,Area harvested,ha,1973,254462.0,A,Official value
320,Guatemala,5412,Yield,kg/ha,1973,572.4,A,Official value
320,Guatemala,5510,Production,t,1973,145642.0,A,Official value
320,Guatemala,5312,Area harvested,ha,1974,251657.0,A,Official value
320,Guatemala,5412,Yield,kg/ha,1974,625.6,A,Official value
320,Guatemala,5510,Production,t,1974,157437.0,A,Official value
320,Guatemala,5312,Area harvested,ha,1975,256869.0,A,Official value
320,Guatemala,5412,Yield,kg/ha,1975,541.5,A,Official value
320,Guatemala,5510,Production,t,1975,139091.0,A,Official value
320,Guatemala,5312,Area harvested,ha,1976,258410.0,A,Official value
320,Guatemala,5412,Yield,kg/ha,1976,613.1,A,Official value
320,Guatemala,5510,Production,t,1976,158433.0,A,Official value
320,Guatemala,5312,Area harvested,ha,1977,258568.0,A,Official value
320,Guatemala,5412,Yield,kg/ha,1977,650.6,A,Official value
320,Guatemala,5510,Production,t,1977,168217.0,A,Official value
320,Guatemala,5312,Area harvested,ha,1978,255585.0,A,Official value
320,Guatemala,5412,Yield,kg/ha,1978,663.7,A,Official value
320,Guatemala,5510,Production,t,1978,169636.0,A,Official value
320,Guatemala,5312,Area harvested,ha,1979,255600.0,A,Official value
320,Guatemala,5412,Yield,kg/ha,1979,644.8,A,Official value
320,Guatemala,5510,Production,t,1979,164810.0,A,Official value
320,Guatemala,5312,Area harvested,ha,1980,243570.0,A,Official value
320,Guatemala,5412,Yield,kg/ha,1980,728.5,A,Official value
320,Guatemala,5510,Production,t,1980,177430.0,A,Official value
320,Guatemala,5312,Area harvested,ha,1981,263480.0,A,Official value
320,Guatemala,5412,Yield,kg/ha,1981,735.7,A,Official value
320,Guatemala,5510,Production,t,1981,193830.0,A,Official value
320,Guatemala,5312,Area harvested,ha,1982,272440.0,A,Official value
320,Guatemala,5412,Yield,kg/ha,1982,694.9,A,Official value
320,Guatemala,5510,Production,t,1982,189330.0,A,Official value
320,Guatemala,5312,Area harvested,ha,1983,266700.0,A,Official value
320,Guatemala,5412,Yield,kg/ha,1983,686.2,A,Official value
320,Guatemala,5510,Production,t,1983,183010.0,A,Official value
320,Guatemala,5312,Area harvested,ha,1984,231700.0,A,Official value
320,Guatemala,5412,Yield,kg/ha,1984,848.6,A,Official value
320,Guatemala,5510,Production,t,1984,196610.0,A,Official value
320,Guatemala,5312,Area harvested,ha,1985,229460.0,A,Official value
320,Guatemala,5412,Yield,kg/ha,1985,791.6,A,Official value
320,Guatemala,5510,Production,t,1985,181630.0,A,Official value
320,Guatemala,5312,Area harvested,ha,1986,236390.0,A,Official value
320,Guatemala,5412,Yield,kg/ha,1986,831.5,A,Official value
320,Guatemala,5510,Production,t,1986,196560.0,A,Official value
320,Guatemala,5312,Area harvested,ha,1987,217070.0,A,Official value
320,Guatemala,5412,Yield,kg/ha,1987,890.0,A,Official value
320,Guatemala,5510,Production,t,1987,193200.0,A,Official value
320,Guatemala,5312,Area harvested,ha,1988,234500.0,A,Official value
320,Guatemala,5412,Yield,kg/ha,1988,765.0,A,Official value
320,Guatemala,5510,Production,t,1988,179400.0,A,Official value
320,Guatemala,5312,Area harvested,ha,1989,234500.0,A,Official value
320,Guatemala,5412,Yield,kg/ha,1989,823.9,A,Official value
320,Guatemala,5510,Production,t,1989,193200.0,A,Official value
320,Guatemala,5312,Area harvested,ha,1990,243950.0,A,Official value
320,Guatemala,5412,Yield,kg/ha,1990,829.7,A,Official value
320,Guatemala,5510,Production,t,1990,202400.0,A,Official value
320,Guatemala,5312,Area harvested,ha,1991,266000.0,A,Official value
320,Guatemala,5412,Yield,kg/ha,1991,737.6,A,Official value
320,Guatemala,5510,Production,t,1991,196190.0,A,Official value
320,Guatemala,5312,Area harvested,ha,1992,262500.0,A,Official value
320,Guatemala,5412,Yield,kg/ha,1992,787.0,A,Official value
320,Guatemala,5510,Production,t,1992,206586.0,A,Official value
320,Guatemala,5312,Area harvested,ha,1993,262500.0,A,Official value
320,Guatemala,5412,Yield,kg/ha,1993,794.9,A,Official value
320,Guatemala,5510,Production,t,1993,208650.0,A,Official value
320,Guatemala,5312,Area harvested,ha,1994,262027.0,A,Official value
320,Guatemala,5412,Yield,kg/ha,1994,816.3,A,Official value
320,Guatemala,5510,Production,t,1994,213900.0,A,Official value
320,Guatemala,5312,Area harvested,ha,1995,265940.0,A,Official value
320,Guatemala,5412,Yield,kg/ha,1995,793.1,A,Official value
320,Guatemala,5510,Production,t,1995,210920.0,A,Official value
320,Guatemala,5312,Area harvested,ha,1996,266420.0,A,Official value
320,Guatemala,5312,Area harvested,ha,1997,269080.0,A,Official value
320,Guatemala,5312,Area harvested,ha,1999,273000.0,A,Official value
320,Guatemala,5312,Area harvested,ha,2000,273000.0,A,Official value
320,Guatemala,5312,Area harvested,ha,2001,262296.0,A,Official value
320,Guatemala,5412,Yield,kg/ha,2001,995.4,A,Official value
320,Guatemala,5510,Production,t,2001,261096.84,A,Official value
320,Guatemala,5312,Area harvested,ha,2002,262016.0,A,Official value
320,Guatemala,5412,Yield,kg/ha,2002,973.6,A,Official value
320,Guatemala,5510,Production,t,2002,255091.28,A,Official value
320,Guatemala,5312,Area harvested,ha,2003,247339.0,A,Official value
320,Guatemala,5312,Area harvested,ha,2004,247339.0,A,Official value
320,Guatemala,5412,Yield,kg/ha,2004,1011.9,A,Official value
320,Guatemala,5510,Production,t,2004,250279.0,A,Official value
320,Guatemala,5312,Area harvested,ha,2005,247339.0,A,Official value
320,Guatemala,5412,Yield,kg/ha,2005,1003.8,A,Official value
320,Guatemala,5510,Production,t,2005,248277.0,A,Official value
320,Guatemala,5312,Area harvested,ha,2006,247339.0,A,Official value
320,Guatemala,5412,Yield,kg/ha,2006,971.7,A,Official value
320,Guatemala,5510,Production,t,2006,240331.38,A,Official value
320,Guatemala,5312,Area harvested,ha,2007,248597.0,A,Official value
320,Guatemala,5412,Yield,kg/ha,2007,1000.1,A,Official value
320,Guatemala,5510,Production,t,2007,248613.98,A,Official value
320,Guatemala,5312,Area harvested,ha,2008,248597.0,A,Official value
320,Guatemala,5412,Yield,kg/ha,2008,1025.4,A,Official value
320,Guatemala,5510,Production,t,2008,254914.38,A,Official value
320,Guatemala,5312,Area harvested,ha,2009,248807.0,A,Official value
320,Guatemala,5412,Yield,kg/ha,2009,994.8,A,Official value
320,Guatemala,5510,Production,t,2009,247502.68,A,Official value
320,Guatemala,5312,Area harvested,ha,2010,249925.0,A,Official value
320,Guatemala,5412,Yield,kg/ha,2010,993.7,A,Official value
320,Guatemala,5510,Production,t,2010,248355.43,A,Official value
320,Guatemala,5312,Area harvested,ha,2011,254817.0,A,Official value
320,Guatemala,5412,Yield,kg/ha,2011,1041.5,A,Official value
320,Guatemala,5510,Production,t,2011,265401.43,A,Official value
320,Guatemala,5312,Area harvested,ha,2012,254328.0,A,Official value
320,Guatemala,5412,Yield,kg/ha,2012,1071.2,A,Official value
320,Guatemala,5510,Production,t,2012,272432.0,A,Official value
320,Guatemala,5312,Area harvested,ha,2013,250624.0,A,Official value
320,Guatemala,5412,Yield,kg/ha,2013,992.2,A,Official value
320,Guatemala,5510,Production,t,2013,248668.0,A,Official value
320,Guatemala,5312,Area harvested,ha,2014,262435.0,A,Official value
320,Guatemala,5412,Yield,kg/ha,2014,867.5,A,Official value
320,Guatemala,5510,Production,t,2014,227653.47,A,Official value
320,Guatemala,5312,Area harvested,ha,2015,269424.0,A,Official value
320,Guatemala,5412,Yield,kg/ha,2015,837.5,A,Official value
320,Guatemala,5510,Production,t,2015,225653.13,A,Official value
320,Guatemala,5312,Area harvested,ha,2016,274177.0,A,Official value
320,Guatemala,5412,Yield,kg/ha,2016,861.3,A,Official value
320,Guatemala,5510,Production,t,2016,236144.72,A,Official value
320,Guatemala,5312,Area harvested,ha,2022,376019.0,A,Official value
320,Guatemala,5412,Yield,kg/ha,2022,633.9,A,Official value
320,Guatemala,5510,Production,t,2022,238354.0,A,Official value
320,Guatemala,5312,Area harvested,ha,2023,376019.0,A,Official value
320,Guatemala,5412,Yield,kg/ha,2023,566.1,A,Official value
320,Guatemala,5510,Production,t,2023,212848.0,A,Official value
320,Guatemala,5312,Area harvested,ha,2024,376019.0,A,Official value
320,Guatemala,5412,Yield,kg/ha,2024,598.0,A,Official value
320,Guatemala,5510,Production,t,2024,224860.0,A,Official value
324,Guinea,5312,Area harvested,ha,1973,42070.0,A,Official value
324,Guinea,5412,Yield,kg/ha,1973,325.0,A,Official value
324,Guinea,5510,Production,t,1973,13673.0,A,Official value
324,Guinea,5312,Area harvested,ha,1974,42490.0,A,Official value
324,Guinea,5412,Yield,kg/ha,1974,325.0,A,Official value
324,Guinea,5510,Production,t,1974,13809.0,A,Official value
324,Guinea,5312,Area harvested,ha,1975,42920.0,A,Official value
324,Guinea,5412,Yield,kg/ha,1975,325.0,A,Official value
324,Guinea,5510,Production,t,1975,13949.0,A,Official value
324,Guinea,5312,Area harvested,ha,1976,43000.0,A,Official value
324,Guinea,5412,Yield,kg/ha,1976,325.0,A,Official value
324,Guinea,5510,Production,t,1976,13975.0,A,Official value
324,Guinea,5312,Area harvested,ha,1977,43450.0,A,Official value
324,Guinea,5412,Yield,kg/ha,1977,325.0,A,Official value
324,Guinea,5510,Production,t,1977,14121.0,A,Official value
324,Guinea,5312,Area harvested,ha,1978,43885.0,A,Official value
324,Guinea,5412,Yield,kg/ha,1978,325.5,A,Official value
324,Guinea,5510,Production,t,1978,14283.0,A,Official value
324,Guinea,5312,Area harvested,ha,1979,44324.0,A,Official value
324,Guinea,5412,Yield,kg/ha,1979,325.0,A,Official value
324,Guinea,5510,Production,t,1979,14405.0,A,Official value
324,Guinea,5510,Production,t,1980,14400.0,A,Official value
324,Guinea,5510,Production,t,1981,14400.0,A,Official value
324,Guinea,5510,Production,t,1982,14500.0,A,Official value
324,Guinea,5510,Production,t,1983,14700.0,A,Official value
324,Guinea,5510,Production,t,1984,14800.0,A,Official value
324,Guinea,5510,Production,t,1985,14900.0,A,Official value
324,Guinea,5510,Production,t,1988,20000.0,A,Official value
324,Guinea,5312,Area harvested,ha,1989,55000.0,A,Official value
324,Guinea,5412,Yield,kg/ha,1989,500.0,A,Official value
324,Guinea,5510,Production,t,1989,27500.0,A,Official value
324,Guinea,5312,Area harvested,ha,1990,60000.0,A,Official value
324,Guinea,5412,Yield,kg/ha,1990,500.0,A,Official value
324,Guinea,5510,Production,t,1990,30000.0,A,Official value
324,Guinea,5312,Area harvested,ha,1991,57773.0,A,Official value
324,Guinea,5412,Yield,kg/ha,1991,519.3,A,Official value
324,Guinea,5510,Production,t,1991,30000.0,A,Official value
324,Guinea,5312,Area harvested,ha,1992,54440.0,A,Official value
324,Guinea,5412,Yield,kg/ha,1992,529.1,A,Official value
324,Guinea,5510,Production,t,1992,28804.0,A,Official value
324,Guinea,5312,Area harvested,ha,1994,54500.0,A,Official value
324,Guinea,5412,Yield,kg/ha,1994,550.5,A,Official value
324,Guinea,5510,Production,t,1994,30000.0,A,Official value
324,Guinea,5312,Area harvested,ha,1996,55487.0,A,Official value
324,Guinea,5412,Yield,kg/ha,1996,410.0,A,Official value
324,Guinea,5510,Production,t,1996,22750.0,A,Official value
324,Guinea,5510,Production,t,1998,20888.0,A,Official value
324,Guinea,5510,Production,t,2000,22080.0,A,Official value
324,Guinea,5510,Production,t,2001,14160.0,A,Official value
324,Guinea,5510,Production,t,2002,19680.0,A,Official value
324,Guinea,5510,Production,t,2003,20880.0,A,Official value
324,Guinea,5510,Production,t,2004,20220.0,A,Official value
324,Guinea,5510,Production,t,2005,20770.0,A,Official value
324,Guinea,5510,Production,t,2006,23226.0,A,Official value
324,Guinea,5510,Production,t,2007,26556.0,A,Official value
324,Guinea,5510,Production,t,2008,27353.0,A,Official value
324,Guinea,5510,Production,t,2009,28173.0,A,Official value
324,Guinea,5510,Production,t,2010,29018.0,A,Official value
324,Guinea,5510,Production,t,2011,30320.0,A,Official value
324,Guinea,5510,Production,t,2012,17907.0,A,Official value
324,Guinea,5510,Production,t,2013,18440.0,A,Official value
324,Guinea,5510,Production,t,2014,41500.0,A,Official value
324,Guinea,5510,Production,t,2015,210866.0,A,Official value
324,Guinea,5510,Production,t,2016,218635.0,A,Official value
324,Guinea,5510,Production,t,2017,216691.0,A,Official value
324,Guinea,5510,Production,t,2018,235043.0,A,Official value
324,Guinea,5510,Production,t,2019,243703.0,A,Official value
324,Guinea,5510,Production,t,2020,242682.0,A,Official value
324,Guinea,5510,Production,t,2021,261992.0,A,Official value
324,Guinea,5510,Production,t,2022,261645.0,A,Official value
328,Guyana,5312,Area harvested,ha,1961,1174.0,A,Official value
328,Guyana,5412,Yield,kg/ha,1961,732.5,A,Official value
328,Guyana,5510,Production,t,1961,860.0,A,Official value
328,Guyana,5312,Area harvested,ha,1962,1416.0,A,Official value
328,Guyana,5412,Yield,kg/ha,1962,733.8,A,Official value
328,Guyana,5510,Production,t,1962,1039.0,A,Official value
328,Guyana,5312,Area harvested,ha,1963,1368.0,A,Official value
328,Guyana,5412,Yield,kg/ha,1963,481.7,A,Official value
328,Guyana,5510,Production,t,1963,659.0,A,Official value
328,Guyana,5312,Area harvested,ha,1964,1372.0,A,Official value
328,Guyana,5412,Yield,kg/ha,1964,822.9,A,Official value
328,Guyana,5510,Production,t,1964,1129.0,A,Official value
328,Guyana,5312,Area harvested,ha,1965,1389.0,A,Official value
328,Guyana,5412,Yield,kg/ha,1965,832.3,A,Official value
328,Guyana,5510,Production,t,1965,1156.0,A,Official value
328,Guyana,5312,Area harvested,ha,1966,1398.0,A,Official value
328,Guyana,5412,Yield,kg/ha,1966,802.6,A,Official value
328,Guyana,5510,Production,t,1966,1122.0,A,Official value
328,Guyana,5312,Area harvested,ha,1967,1259.0,A,Official value
328,Guyana,5412,Yield,kg/ha,1967,1024.6,A,Official value
328,Guyana,5510,Production,t,1967,1290.0,A,Official value
328,Guyana,5312,Area harvested,ha,1968,1264.0,A,Official value
328,Guyana,5412,Yield,kg/ha,1968,1030.1,A,Official value
328,Guyana,5510,Production,t,1968,1302.0,A,Official value
328,Guyana,5312,Area harvested,ha,1969,1265.0,A,Official value
328,Guyana,5412,Yield,kg/ha,1969,540.7,A,Official value
328,Guyana,5510,Production,t,1969,684.0,A,Official value
328,Guyana,5312,Area harvested,ha,1970,1265.0,A,Official value
328,Guyana,5412,Yield,kg/ha,1970,555.7,A,Official value
328,Guyana,5510,Production,t,1970,703.0,A,Official value
328,Guyana,5312,Area harvested,ha,1971,1325.0,A,Official value
328,Guyana,5412,Yield,kg/ha,1971,574.3,A,Official value
328,Guyana,5510,Production,t,1971,761.0,A,Official value
328,Guyana,5312,Area harvested,ha,1972,1348.0,A,Official value
328,Guyana,5412,Yield,kg/ha,1972,565.3,A,Official value
328,Guyana,5510,Production,t,1972,762.0,A,Official value
328,Guyana,5312,Area harvested,ha,1973,1327.0,A,Official value
328,Guyana,5412,Yield,kg/ha,1973,562.2,A,Official value
328,Guyana,5510,Production,t,1973,746.0,A,Official value
328,Guyana,5510,Production,t,1984,358.0,A,Official value
328,Guyana,5510,Production,t,1985,370.0,A,Official value
328,Guyana,5510,Production,t,1986,430.0,A,Official value
328,Guyana,5510,Production,t,1995,300.0,A,Official value
328,Guyana,5510,Production,t,1996,285.0,A,Official value
328,Guyana,5510,Production,t,1997,261.0,A,Official value
328,Guyana,5510,Production,t,1998,136.0,A,Official value
328,Guyana,5510,Production,t,2000,15.0,A,Official value
328,Guyana,5510,Production,t,2001,153.0,A,Official value
328,Guyana,5510,Production,t,2018,475.0,A,Official value
328,Guyana,5510,Production,t,2019,654.0,A,Official value
328,Guyana,5510,Production,t,2022,567.0,A,Official value
328,Guyana,5510,Production,t,2023,133.0,A,Official value
328,Guyana,5510,Production,t,2024,151.0,A,Official value
332,Haiti,5510,Production,t,1961,45720.0,A,Official value
332,Haiti,5510,Production,t,1962,31860.0,A,Official value
332,Haiti,5510,Production,t,1963,34980.0,A,Official value
332,Haiti,5510,Production,t,1964,36000.0,A,Official value
332,Haiti,5510,Production,t,1965,36720.0,A,Official value
332,Haiti,5510,Production,t,1966,30540.0,A,Official value
332,Haiti,5510,Production,t,1967,31600.0,A,Official value
332,Haiti,5510,Production,t,1968,30180.0,A,Official value
332,Haiti,5510,Production,t,1969,27000.0,A,Official value
332,Haiti,5510,Production,t,1970,32610.0,A,Official value
332,Haiti,5510,Production,t,1971,32400.0,A,Official value
332,Haiti,5510,Production,t,1980,42900.0,A,Official value
332,Haiti,5510,Production,t,1981,33250.0,A,Official value
332,Haiti,5510,Production,t,1982,32250.0,A,Official value
332,Haiti,5510,Production,t,1983,36000.0,A,Official value
332,Haiti,5510,Production,t,1984,37250.0,A,Official value
332,Haiti,5510,Production,t,1985,36900.0,A,Official value
332,Haiti,5510,Production,t,1986,37752.0,A,Official value
332,Haiti,5510,Production,t,1987,30088.0,A,Official value
332,Haiti,5510,Production,t,1988,37693.0,A,Official value
332,Haiti,5510,Production,t,1989,38447.0,A,Official value
332,Haiti,5510,Production,t,1990,37200.0,A,Official value
332,Haiti,5510,Production,t,1992,27355.0,A,Official value
332,Haiti,5510,Production,t,1996,27000.0,A,Official value
332,Haiti,5510,Production,t,1998,27239.0,A,Official value
332,Haiti,5312,Area harvested,ha,2000,57800.0,A,Official value
332,Haiti,5412,Yield,kg/ha,2000,519.0,A,Official value
332,Haiti,5510,Production,t,2000,30000.0,A,Official value
332,Haiti,5312,Area harvested,ha,2001,54000.0,A,Official value
332,Haiti,5412,Yield,kg/ha,2001,518.5,A,Official value
332,Haiti,5510,Production,t,2001,28000.0,A,Official value
332,Haiti,5510,Production,t,2002,27000.0,A,Official value
332,Haiti,5510,Production,t,2003,30000.0,A,Official value
332,Haiti,5510,Production,t,2004,29000.0,A,Official value
332,Haiti,5510,Production,t,2005,35000.0,A,Official value
332,Haiti,5510,Production,t,2006,35000.0,A,Official value
332,Haiti,5510,Production,t,2007,47000.0,A,Official value
332,Haiti,5510,Production,t,2008,35000.0,A,Official value
340,Honduras,5312,Area harvested,ha,1961,77518.0,A,Official value
340,Honduras,5412,Yield,kg/ha,1961,276.7,A,Official value
340,Honduras,5510,Production,t,1961,21450.0,A,Official value
340,Honduras,5312,Area harvested,ha,1962,80391.0,A,Official value
340,Honduras,5412,Yield,kg/ha,1962,347.5,A,Official value
340,Honduras,5510,Production,t,1962,27939.0,A,Official value
340,Honduras,5312,Area harvested,ha,1963,83263.0,A,Official value
340,Honduras,5412,Yield,kg/ha,1963,348.5,A,Official value
340,Honduras,5510,Production,t,1963,29014.0,A,Official value
340,Honduras,5312,Area harvested,ha,1964,86137.0,A,Official value
340,Honduras,5412,Yield,kg/ha,1964,339.9,A,Official value
340,Honduras,5510,Production,t,1964,29276.0,A,Official value
340,Honduras,5312,Area harvested,ha,1965,80645.0,A,Official value
340,Honduras,5412,Yield,kg/ha,1965,399.2,A,Official value
340,Honduras,5510,Production,t,1965,32195.0,A,Official value
340,Honduras,5312,Area harvested,ha,1966,92947.0,A,Official value
340,Honduras,5412,Yield,kg/ha,1966,361.2,A,Official value
340,Honduras,5510,Production,t,1966,33569.0,A,Official value
340,Honduras,5312,Area harvested,ha,1967,94881.0,A,Official value
340,Honduras,5412,Yield,kg/ha,1967,369.3,A,Official value
340,Honduras,5510,Production,t,1967,35041.0,A,Official value
340,Honduras,5312,Area harvested,ha,1968,96815.0,A,Official value
340,Honduras,5412,Yield,kg/ha,1968,377.1,A,Official value
340,Honduras,5510,Production,t,1968,36512.0,A,Official value
340,Honduras,5312,Area harvested,ha,1969,98749.0,A,Official value
340,Honduras,5412,Yield,kg/ha,1969,384.7,A,Official value
340,Honduras,5510,Production,t,1969,37984.0,A,Official value
340,Honduras,5312,Area harvested,ha,1970,100683.0,A,Official value
340,Honduras,5412,Yield,kg/ha,1970,391.9,A,Official value
340,Honduras,5510,Production,t,1970,39456.0,A,Official value
340,Honduras,5312,Area harvested,ha,1971,102617.0,A,Official value
340,Honduras,5412,Yield,kg/ha,1971,398.8,A,Official value
340,Honduras,5510,Production,t,1971,40927.0,A,Official value
340,Honduras,5312,Area harvested,ha,1972,104551.0,A,Official value
340,Honduras,5412,Yield,kg/ha,1972,405.5,A,Official value
340,Honduras,5510,Production,t,1972,42399.0,A,Official value
340,Honduras,5312,Area harvested,ha,1973,101589.0,A,Official value
340,Honduras,5412,Yield,kg/ha,1973,411.2,A,Official value
340,Honduras,5510,Production,t,1973,41778.0,A,Official value
340,Honduras,5312,Area harvested,ha,1974,108419.0,A,Official value
340,Honduras,5412,Yield,kg/ha,1974,418.2,A,Official value
340,Honduras,5510,Production,t,1974,45342.0,A,Official value
340,Honduras,5312,Area harvested,ha,1975,110353.0,A,Official value
340,Honduras,5412,Yield,kg/ha,1975,424.2,A,Official value
340,Honduras,5510,Production,t,1975,46814.0,A,Official value
340,Honduras,5312,Area harvested,ha,1976,112287.0,A,Official value
340,Honduras,5412,Yield,kg/ha,1976,430.0,A,Official value
340,Honduras,5510,Production,t,1976,48285.0,A,Official value
340,Honduras,5312,Area harvested,ha,1977,114221.0,A,Official value
340,Honduras,5412,Yield,kg/ha,1977,435.6,A,Official value
340,Honduras,5510,Production,t,1977,49757.0,A,Official value
340,Honduras,5312,Area harvested,ha,1978,114651.0,A,Official value
340,Honduras,5412,Yield,kg/ha,1978,521.5,A,Official value
340,Honduras,5510,Production,t,1978,59796.0,A,Official value
340,Honduras,5312,Area harvested,ha,1979,118792.0,A,Official value
340,Honduras,5412,Yield,kg/ha,1979,610.7,A,Official value
340,Honduras,5510,Production,t,1979,72547.0,A,Official value
340,Honduras,5312,Area harvested,ha,1980,118792.0,A,Official value
340,Honduras,5412,Yield,kg/ha,1980,540.7,A,Official value
340,Honduras,5510,Production,t,1980,64228.0,A,Official value
340,Honduras,5312,Area harvested,ha,1981,122864.0,A,Official value
340,Honduras,5412,Yield,kg/ha,1981,613.3,A,Official value
340,Honduras,5510,Production,t,1981,75347.0,A,Official value
340,Honduras,5312,Area harvested,ha,1982,122500.0,A,Official value
340,Honduras,5412,Yield,kg/ha,1982,591.2,A,Official value
340,Honduras,5510,Production,t,1982,72420.0,A,Official value
340,Honduras,5312,Area harvested,ha,1983,123689.0,A,Official value
340,Honduras,5412,Yield,kg/ha,1983,642.5,A,Official value
340,Honduras,5510,Production,t,1983,79474.0,A,Official value
340,Honduras,5312,Area harvested,ha,1984,122365.0,A,Official value
340,Honduras,5412,Yield,kg/ha,1984,592.9,A,Official value
340,Honduras,5510,Production,t,1984,72545.0,A,Official value
340,Honduras,5312,Area harvested,ha,1985,124166.0,A,Official value
340,Honduras,5412,Yield,kg/ha,1985,604.8,A,Official value
340,Honduras,5510,Production,t,1985,75091.0,A,Official value
340,Honduras,5312,Area harvested,ha,1986,122741.0,A,Official value
340,Honduras,5412,Yield,kg/ha,1986,621.8,A,Official value
340,Honduras,5510,Production,t,1986,76318.0,A,Official value
340,Honduras,5312,Area harvested,ha,1987,124723.0,A,Official value
340,Honduras,5412,Yield,kg/ha,1987,640.4,A,Official value
340,Honduras,5510,Production,t,1987,79877.0,A,Official value
340,Honduras,5312,Area harvested,ha,1988,126310.0,A,Official value
340,Honduras,5412,Yield,kg/ha,1988,744.6,A,Official value
340,Honduras,5510,Production,t,1988,94046.0,A,Official value
340,Honduras,5312,Area harvested,ha,1989,141096.0,A,Official value
340,Honduras,5412,Yield,kg/ha,1989,710.4,A,Official value
340,Honduras,5510,Production,t,1989,100234.0,A,Official value
340,Honduras,5312,Area harvested,ha,1990,143555.0,A,Official value
340,Honduras,5412,Yield,kg/ha,1990,834.4,A,Official value
340,Honduras,5510,Production,t,1990,119784.0,A,Official value
340,Honduras,5312,Area harvested,ha,1991,146669.0,A,Official value
340,Honduras,5412,Yield,kg/ha,1991,694.7,A,Official value
340,Honduras,5510,Production,t,1991,101890.0,A,Official value
340,Honduras,5312,Area harvested,ha,1992,148818.0,A,Official value
340,Honduras,5412,Yield,kg/ha,1992,750.3,A,Official value
340,Honduras,5510,Production,t,1992,111660.0,A,Official value
340,Honduras,5312,Area harvested,ha,1993,150606.0,A,Official value
340,Honduras,5412,Yield,kg/ha,1993,733.6,A,Official value
340,Honduras,5510,Production,t,1993,110481.0,A,Official value
340,Honduras,5312,Area harvested,ha,1994,178978.0,A,Official value
340,Honduras,5412,Yield,kg/ha,1994,705.0,A,Official value
340,Honduras,5510,Production,t,1994,126182.0,A,Official value
340,Honduras,5312,Area harvested,ha,1995,183691.0,A,Official value
340,Honduras,5412,Yield,kg/ha,1995,720.8,A,Official value
340,Honduras,5510,Production,t,1995,132400.0,A,Official value
340,Honduras,5312,Area harvested,ha,1996,208639.0,A,Official value
340,Honduras,5412,Yield,kg/ha,1996,713.3,A,Official value
340,Honduras,5510,Production,t,1996,148830.0,A,Official value
340,Honduras,5312,Area harvested,ha,1997,193555.0,A,Official value
340,Honduras,5412,Yield,kg/ha,1997,840.4,A,Official value
340,Honduras,5510,Production,t,1997,162658.0,A,Official value
340,Honduras,5312,Area harvested,ha,1998,199452.0,A,Official value
340,Honduras,5412,Yield,kg/ha,1998,866.2,A,Official value
340,Honduras,5510,Production,t,1998,172772.0,A,Official value
340,Honduras,5312,Area harvested,ha,1999,205131.0,A,Official value
340,Honduras,5412,Yield,kg/ha,1999,767.4,A,Official value
340,Honduras,5510,Production,t,1999,157409.0,A,Official value
340,Honduras,5312,Area harvested,ha,2000,210769.0,A,Official value
340,Honduras,5412,Yield,kg/ha,2000,917.2,A,Official value
340,Honduras,5510,Production,t,2000,193309.0,A,Official value
340,Honduras,5312,Area harvested,ha,2001,216562.0,A,Official value
340,Honduras,5412,Yield,kg/ha,2001,949.1,A,Official value
340,Honduras,5510,Production,t,2001,205545.0,A,Official value
340,Honduras,5312,Area harvested,ha,2002,204490.0,A,Official value
340,Honduras,5412,Yield,kg/ha,2002,844.7,A,Official value
340,Honduras,5510,Production,t,2002,172727.0,A,Official value
340,Honduras,5312,Area harvested,ha,2003,228438.0,A,Official value
340,Honduras,5412,Yield,kg/ha,2003,767.3,A,Official value
340,Honduras,5510,Production,t,2003,175284.0,A,Official value
340,Honduras,5312,Area harvested,ha,2004,236376.0,A,Official value
340,Honduras,5412,Yield,kg/ha,2004,783.0,A,Official value
340,Honduras,5510,Production,t,2004,185090.0,A,Official value
340,Honduras,5312,Area harvested,ha,2005,238455.0,A,Official value
340,Honduras,5412,Yield,kg/ha,2005,799.5,A,Official value
340,Honduras,5510,Production,t,2005,190640.0,A,Official value
340,Honduras,5312,Area harvested,ha,2006,250012.0,A,Official value
340,Honduras,5412,Yield,kg/ha,2006,854.5,A,Official value
340,Honduras,5510,Production,t,2006,213636.0,A,Official value
340,Honduras,5510,Production,t,2007,236302.0,A,Official value
340,Honduras,5510,Production,t,2008,240948.0,A,Official value
340,Honduras,5312,Area harvested,ha,2009,242683.0,A,Official value
340,Honduras,5412,Yield,kg/ha,2009,953.0,A,Official value
340,Honduras,5510,Production,t,2009,231288.0,A,Official value
340,Honduras,5312,Area harvested,ha,2010,313429.0,A,Official value
340,Honduras,5412,Yield,kg/ha,2010,779.6,A,Official value
340,Honduras,5510,Production,t,2010,244335.0,A,Official value
340,Honduras,5312,Area harvested,ha,2011,328375.0,A,Official value
340,Honduras,5412,Yield,kg/ha,2011,865.9,A,Official value
340,Honduras,5510,Production,t,2011,284347.0,A,Official value
340,Honduras,5312,Area harvested,ha,2012,347065.0,A,Official value
340,Honduras,5412,Yield,kg/ha,2012,989.4,A,Official value
340,Honduras,5510,Production,t,2012,343403.0,A,Official value
340,Honduras,5510,Production,t,2013,280697.0,A,Official value
340,Honduras,5312,Area harvested,ha,2014,270000.0,A,Official value
340,Honduras,5412,Yield,kg/ha,2014,1045.3,A,Official value
340,Honduras,5510,Production,t,2014,282230.0,A,Official value
340,Honduras,5312,Area harvested,ha,2015,270000.0,A,Official value
340,Honduras,5412,Yield,kg/ha,2015,1232.4,A,Official value
340,Honduras,5510,Production,t,2015,332747.0,A,Official value
340,Honduras,5510,Production,t,2016,366542.0,A,Official value
340,Honduras,5510,Production,t,2017,477580.0,A,Official value
340,Honduras,5510,Production,t,2018,478830.76,A,Official value
340,Honduras,5510,Production,t,2019,472497.96,A,Official value
340,Honduras,5510,Production,t,2020,364552.38,A,Official value
340,Honduras,5510,Production,t,2021,417591.24,A,Official value
340,Honduras,5510,Production,t,2022,330111.31,A,Official value
340,Honduras,5510,Production,t,2023,384361.02,A,Official value
340,Honduras,5510,Production,t,2024,324015.02,A,Official value
356,India,5312,Area harvested,ha,1961,96000.0,A,Official value
356,India,5412,Yield,kg/ha,1961,450.0,A,Official value
356,India,5510,Production,t,1961,43200.0,A,Official value
356,India,5312,Area harvested,ha,1962,115000.0,A,Official value
356,India,5412,Yield,kg/ha,1962,400.0,A,Official value
356,India,5510,Production,t,1962,46000.0,A,Official value
356,India,5312,Area harvested,ha,1963,118000.0,A,Official value
356,India,5412,Yield,kg/ha,1963,476.3,A,Official value
356,India,5510,Production,t,1963,56200.0,A,Official value
356,India,5312,Area harvested,ha,1964,120000.0,A,Official value
356,India,5412,Yield,kg/ha,1964,577.5,A,Official value
356,India,5510,Production,t,1964,69300.0,A,Official value
356,India,5312,Area harvested,ha,1965,122000.0,A,Official value
356,India,5412,Yield,kg/ha,1965,499.2,A,Official value
356,India,5510,Production,t,1965,60900.0,A,Official value
356,India,5312,Area harvested,ha,1966,125000.0,A,Official value
356,India,5412,Yield,kg/ha,1966,511.2,A,Official value
356,India,5510,Production,t,1966,63900.0,A,Official value
356,India,5312,Area harvested,ha,1967,126000.0,A,Official value
356,India,5412,Yield,kg/ha,1967,623.0,A,Official value
356,India,5510,Production,t,1967,78500.0,A,Official value
356,India,5312,Area harvested,ha,1968,128000.0,A,Official value
356,India,5412,Yield,kg/ha,1968,447.9,A,Official value
356,India,5510,Production,t,1968,57331.0,A,Official value
356,India,5312,Area harvested,ha,1969,128000.0,A,Official value
356,India,5412,Yield,kg/ha,1969,573.7,A,Official value
356,India,5510,Production,t,1969,73430.0,A,Official value
356,India,5312,Area harvested,ha,1970,128000.0,A,Official value
356,India,5412,Yield,kg/ha,1970,497.0,A,Official value
356,India,5510,Production,t,1970,63619.0,A,Official value
356,India,5312,Area harvested,ha,1971,128000.0,A,Official value
356,India,5412,Yield,kg/ha,1971,861.2,A,Official value
356,India,5510,Production,t,1971,110231.0,A,Official value
356,India,5312,Area harvested,ha,1972,129000.0,A,Official value
356,India,5412,Yield,kg/ha,1972,534.5,A,Official value
356,India,5510,Production,t,1972,68948.0,A,Official value
356,India,5312,Area harvested,ha,1973,130000.0,A,Official value
356,India,5412,Yield,kg/ha,1973,700.6,A,Official value
356,India,5510,Production,t,1973,91072.0,A,Official value
356,India,5312,Area harvested,ha,1974,131000.0,A,Official value
356,India,5412,Yield,kg/ha,1974,659.5,A,Official value
356,India,5510,Production,t,1974,86388.0,A,Official value
356,India,5312,Area harvested,ha,1975,145000.0,A,Official value
356,India,5412,Yield,kg/ha,1975,638.0,A,Official value
356,India,5510,Production,t,1975,92506.0,A,Official value
356,India,5312,Area harvested,ha,1976,150000.0,A,Official value
356,India,5412,Yield,kg/ha,1976,560.0,A,Official value
356,India,5510,Production,t,1976,84000.0,A,Official value
356,India,5312,Area harvested,ha,1977,160000.0,A,Official value
356,India,5412,Yield,kg/ha,1977,639.4,A,Official value
356,India,5510,Production,t,1977,102300.0,A,Official value
356,India,5312,Area harvested,ha,1978,170000.0,A,Official value
356,India,5412,Yield,kg/ha,1978,735.3,A,Official value
356,India,5510,Production,t,1978,125000.0,A,Official value
356,India,5312,Area harvested,ha,1979,180000.0,A,Official value
356,India,5412,Yield,kg/ha,1979,613.8,A,Official value
356,India,5510,Production,t,1979,110488.0,A,Official value
356,India,5312,Area harvested,ha,1980,185000.0,A,Official value
356,India,5412,Yield,kg/ha,1980,809.9,A,Official value
356,India,5510,Production,t,1980,149835.0,A,Official value
356,India,5312,Area harvested,ha,1981,190000.0,A,Official value
356,India,5412,Yield,kg/ha,1981,624.2,A,Official value
356,India,5510,Production,t,1981,118600.0,A,Official value
356,India,5312,Area harvested,ha,1982,194000.0,A,Official value
356,India,5412,Yield,kg/ha,1982,784.0,A,Official value
356,India,5510,Production,t,1982,152100.0,A,Official value
356,India,5312,Area harvested,ha,1983,201000.0,A,Official value
356,India,5412,Yield,kg/ha,1983,646.8,A,Official value
356,India,5510,Production,t,1983,130000.0,A,Official value
356,India,5312,Area harvested,ha,1984,207100.0,A,Official value
356,India,5412,Yield,kg/ha,1984,507.1,A,Official value
356,India,5510,Production,t,1984,105029.0,A,Official value
356,India,5312,Area harvested,ha,1985,209400.0,A,Official value
356,India,5412,Yield,kg/ha,1985,931.7,A,Official value
356,India,5510,Production,t,1985,195100.0,A,Official value
356,India,5312,Area harvested,ha,1986,214476.0,A,Official value
356,India,5412,Yield,kg/ha,1986,570.7,A,Official value
356,India,5510,Production,t,1986,122400.0,A,Official value
356,India,5312,Area harvested,ha,1987,215500.0,A,Official value
356,India,5412,Yield,kg/ha,1987,891.4,A,Official value
356,India,5510,Production,t,1987,192100.0,A,Official value
356,India,5312,Area harvested,ha,1988,218000.0,A,Official value
356,India,5412,Yield,kg/ha,1988,562.8,A,Official value
356,India,5510,Production,t,1988,122700.0,A,Official value
356,India,5312,Area harvested,ha,1989,221000.0,A,Official value
356,India,5412,Yield,kg/ha,1989,971.5,A,Official value
356,India,5510,Production,t,1989,214700.0,A,Official value
356,India,5312,Area harvested,ha,1990,221000.0,A,Official value
356,India,5412,Yield,kg/ha,1990,534.4,A,Official value
356,India,5510,Production,t,1990,118100.0,A,Official value
356,India,5312,Area harvested,ha,1991,223500.0,A,Official value
356,India,5412,Yield,kg/ha,1991,760.6,A,Official value
356,India,5510,Production,t,1991,170000.0,A,Official value
356,India,5312,Area harvested,ha,1992,223500.0,A,Official value
356,India,5412,Yield,kg/ha,1992,805.4,A,Official value
356,India,5510,Production,t,1992,180000.0,A,Official value
356,India,5312,Area harvested,ha,1993,223500.0,A,Official value
356,India,5412,Yield,kg/ha,1993,724.8,A,Official value
356,India,5510,Production,t,1993,162000.0,A,Official value
356,India,5312,Area harvested,ha,1994,226500.0,A,Official value
356,India,5412,Yield,kg/ha,1994,918.3,A,Official value
356,India,5510,Production,t,1994,208000.0,A,Official value
356,India,5312,Area harvested,ha,1995,228500.0,A,Official value
356,India,5412,Yield,kg/ha,1995,787.7,A,Official value
356,India,5510,Production,t,1995,180000.0,A,Official value
356,India,5312,Area harvested,ha,1996,242000.0,A,Official value
356,India,5412,Yield,kg/ha,1996,921.5,A,Official value
356,India,5510,Production,t,1996,223000.0,A,Official value
356,India,5312,Area harvested,ha,1997,251284.0,A,Official value
356,India,5412,Yield,kg/ha,1997,815.8,A,Official value
356,India,5510,Production,t,1997,205000.0,A,Official value
356,India,5312,Area harvested,ha,1998,285652.0,A,Official value
356,India,5412,Yield,kg/ha,1998,798.2,A,Official value
356,India,5510,Production,t,1998,228000.0,A,Official value
356,India,5312,Area harvested,ha,1999,302234.0,A,Official value
356,India,5412,Yield,kg/ha,1999,876.8,A,Official value
356,India,5510,Production,t,1999,265000.0,A,Official value
356,India,5312,Area harvested,ha,2000,308433.0,A,Official value
356,India,5412,Yield,kg/ha,2000,946.7,A,Official value
356,India,5510,Production,t,2000,292000.0,A,Official value
356,India,5312,Area harvested,ha,2001,313934.0,A,Official value
356,India,5412,Yield,kg/ha,2001,958.8,A,Official value
356,India,5510,Production,t,2001,301000.0,A,Official value
356,India,5312,Area harvested,ha,2002,320737.0,A,Official value
356,India,5412,Yield,kg/ha,2002,938.5,A,Official value
356,India,5510,Production,t,2002,301000.0,A,Official value
356,India,5312,Area harvested,ha,2003,320615.0,A,Official value
356,India,5412,Yield,kg/ha,2003,858.6,A,Official value
356,India,5510,Production,t,2003,275275.0,A,Official value
356,India,5312,Area harvested,ha,2004,325124.0,A,Official value
356,India,5412,Yield,kg/ha,2004,832.0,A,Official value
356,India,5510,Production,t,2004,270500.0,A,Official value
356,India,5312,Area harvested,ha,2005,333338.0,A,Official value
356,India,5412,Yield,kg/ha,2005,826.5,A,Official value
356,India,5510,Production,t,2005,275500.0,A,Official value
356,India,5312,Area harvested,ha,2006,341351.0,A,Official value
356,India,5412,Yield,kg/ha,2006,802.7,A,Official value
356,India,5510,Production,t,2006,274000.0,A,Official value
356,India,5312,Area harvested,ha,2007,343040.0,A,Official value
356,India,5412,Yield,kg/ha,2007,839.6,A,Official value
356,India,5510,Production,t,2007,288000.0,A,Official value
356,India,5312,Area harvested,ha,2008,344508.0,A,Official value
356,India,5412,Yield,kg/ha,2008,760.5,A,Official value
356,India,5510,Production,t,2008,262000.0,A,Official value
356,India,5312,Area harvested,ha,2009,350500.0,A,Official value
356,India,5412,Yield,kg/ha,2009,748.4,A,Official value
356,India,5510,Production,t,2009,262300.0,A,Official value
356,India,5312,Area harvested,ha,2010,355502.0,A,Official value
356,India,5412,Yield,kg/ha,2010,814.6,A,Official value
356,India,5510,Production,t,2010,289600.0,A,Official value
356,India,5312,Area harvested,ha,2011,360485.0,A,Official value
356,India,5412,Yield,kg/ha,2011,837.8,A,Official value
356,India,5510,Production,t,2011,302000.0,A,Official value
356,India,5312,Area harvested,ha,2012,368687.0,A,Official value
356,India,5412,Yield,kg/ha,2012,851.7,A,Official value
356,India,5510,Production,t,2012,314000.0,A,Official value
356,India,5312,Area harvested,ha,2013,376305.0,A,Official value
356,India,5412,Yield,kg/ha,2013,845.6,A,Official value
356,India,5510,Production,t,2013,318200.0,A,Official value
356,India,5312,Area harvested,ha,2014,381304.0,A,Official value
356,India,5412,Yield,kg/ha,2014,798.6,A,Official value
356,India,5510,Production,t,2014,304500.0,A,Official value
356,India,5312,Area harvested,ha,2015,423270.0,A,Official value
356,India,5412,Yield,kg/ha,2015,772.6,A,Official value
356,India,5510,Production,t,2015,327000.0,A,Official value
356,India,5312,Area harvested,ha,2016,434436.0,A,Official value
356,India,5412,Yield,kg/ha,2016,801.0,A,Official value
356,India,5510,Production,t,2016,348000.0,A,Official value
356,India,5312,Area harvested,ha,2017,449357.0,A,Official value
356,India,5412,Yield,kg/ha,2017,694.3,A,Official value
356,India,5510,Production,t,2017,312000.0,A,Official value
356,India,5312,Area harvested,ha,2018,413020.0,A,Official value
356,India,5412,Yield,kg/ha,2018,765.1,A,Official value
356,India,5510,Production,t,2018,316000.0,A,Official value
356,India,5312,Area harvested,ha,2019,416741.0,A,Official value
356,India,5412,Yield,kg/ha,2019,766.7,A,Official value
356,India,5510,Production,t,2019,319500.0,A,Official value
356,India,5312,Area harvested,ha,2020,418167.0,A,Official value
356,India,5412,Yield,kg/ha,2020,712.6,A,Official value
356,India,5510,Production,t,2020,298000.0,A,Official value
356,India,5312,Area harvested,ha,2021,422924.0,A,Official value
356,India,5412,Yield,kg/ha,2021,789.7,A,Official value
356,India,5510,Production,t,2021,334000.0,A,Official value
356,India,5312,Area harvested,ha,2022,479669.0,A,Official value
356,India,5412,Yield,kg/ha,2022,733.8,A,Official value
356,India,5510,Production,t,2022,352000.0,A,Official value
356,India,5312,Area harvested,ha,2023,489619.0,A,Official value
356,India,5412,Yield,kg/ha,2023,736.3,A,Official value
356,India,5510,Production,t,2023,360500.0,A,Official value
356,India,5312,Area harvested,ha,2024,491419.0,A,Official value
356,India,5412,Yield,kg/ha,2024,738.7,A,Official value
356,India,5510,Production,t,2024,363000.0,A,Official value
360,Indonesia,5510,Production,t,1961,103100.0,A,Official value
360,Indonesia,5510,Production,t,1962,106700.0,A,Official value
360,Indonesia,5510,Production,t,1963,139600.0,A,Official value
360,Indonesia,5510,Production,t,1964,118200.0,A,Official value
360,Indonesia,5510,Production,t,1965,134500.0,A,Official value
360,Indonesia,5510,Production,t,1966,142200.0,A,Official value
360,Indonesia,5510,Production,t,1967,153478.0,A,Official value
360,Indonesia,5510,Production,t,1968,157347.0,A,Official value
360,Indonesia,5510,Production,t,1969,173613.0,A,Official value
360,Indonesia,5312,Area harvested,ha,1970,305000.0,A,Official value
360,Indonesia,5412,Yield,kg/ha,1970,606.9,A,Official value
360,Indonesia,5510,Production,t,1970,185091.0,A,Official value
360,Indonesia,5510,Production,t,1971,180916.0,A,Official value
360,Indonesia,5510,Production,t,1972,178735.0,A,Official value
360,Indonesia,5510,Production,t,1973,150163.0,A,Official value
360,Indonesia,5510,Production,t,1974,149811.0,A,Official value
360,Indonesia,5312,Area harvested,ha,1975,309000.0,A,Official value
360,Indonesia,5412,Yield,kg/ha,1975,551.4,A,Official value
360,Indonesia,5510,Production,t,1975,170372.0,A,Official value
360,Indonesia,5312,Area harvested,ha,1976,341000.0,A,Official value
360,Indonesia,5412,Yield,kg/ha,1976,567.1,A,Official value
360,Indonesia,5510,Production,t,1976,193377.0,A,Official value
360,Indonesia,5312,Area harvested,ha,1977,380327.0,A,Official value
360,Indonesia,5412,Yield,kg/ha,1977,510.0,A,Official value
360,Indonesia,5510,Production,t,1977,193966.0,A,Official value
360,Indonesia,5312,Area harvested,ha,1978,391173.0,A,Official value
360,Indonesia,5412,Yield,kg/ha,1978,569.3,A,Official value
360,Indonesia,5510,Production,t,1978,222690.0,A,Official value
360,Indonesia,5312,Area harvested,ha,1979,443914.0,A,Official value
360,Indonesia,5412,Yield,kg/ha,1979,616.5,A,Official value
360,Indonesia,5510,Production,t,1979,273675.0,A,Official value
360,Indonesia,5312,Area harvested,ha,1980,498013.0,A,Official value
360,Indonesia,5412,Yield,kg/ha,1980,592.3,A,Official value
360,Indonesia,5510,Production,t,1980,294973.0,A,Official value
360,Indonesia,5312,Area harvested,ha,1981,527046.0,A,Official value
360,Indonesia,5412,Yield,kg/ha,1981,597.5,A,Official value
360,Indonesia,5510,Production,t,1981,314899.0,A,Official value
360,Indonesia,5312,Area harvested,ha,1982,515778.0,A,Official value
360,Indonesia,5412,Yield,kg/ha,1982,545.3,A,Official value
360,Indonesia,5510,Production,t,1982,281251.0,A,Official value
360,Indonesia,5312,Area harvested,ha,1983,539000.0,A,Official value
360,Indonesia,5412,Yield,kg/ha,1983,567.1,A,Official value
360,Indonesia,5510,Production,t,1983,305648.0,A,Official value
360,Indonesia,5312,Area harvested,ha,1984,539000.0,A,Official value
360,Indonesia,5412,Yield,kg/ha,1984,585.3,A,Official value
360,Indonesia,5510,Production,t,1984,315489.0,A,Official value
360,Indonesia,5312,Area harvested,ha,1985,613000.0,A,Official value
360,Indonesia,5412,Yield,kg/ha,1985,508.0,A,Official value
360,Indonesia,5510,Production,t,1985,311398.0,A,Official value
360,Indonesia,5312,Area harvested,ha,1986,655182.0,A,Official value
360,Indonesia,5412,Yield,kg/ha,1986,544.6,A,Official value
360,Indonesia,5510,Production,t,1986,356822.0,A,Official value
360,Indonesia,5312,Area harvested,ha,1987,652518.0,A,Official value
360,Indonesia,5412,Yield,kg/ha,1987,595.6,A,Official value
360,Indonesia,5510,Production,t,1987,388669.0,A,Official value
360,Indonesia,5312,Area harvested,ha,1988,716656.0,A,Official value
360,Indonesia,5412,Yield,kg/ha,1988,545.7,A,Official value
360,Indonesia,5510,Production,t,1988,391095.0,A,Official value
360,Indonesia,5312,Area harvested,ha,1989,724063.0,A,Official value
360,Indonesia,5412,Yield,kg/ha,1989,553.9,A,Official value
360,Indonesia,5510,Production,t,1989,401048.0,A,Official value
360,Indonesia,5312,Area harvested,ha,1990,746759.0,A,Official value
360,Indonesia,5412,Yield,kg/ha,1990,552.7,A,Official value
360,Indonesia,5510,Production,t,1990,412767.0,A,Official value
360,Indonesia,5312,Area harvested,ha,1991,760308.0,A,Official value
360,Indonesia,5412,Yield,kg/ha,1991,563.3,A,Official value
360,Indonesia,5510,Production,t,1991,428305.0,A,Official value
360,Indonesia,5312,Area harvested,ha,1992,793000.0,A,Official value
360,Indonesia,5412,Yield,kg/ha,1992,551.0,A,Official value
360,Indonesia,5510,Production,t,1992,436930.0,A,Official value
360,Indonesia,5312,Area harvested,ha,1993,810000.0,A,Official value
360,Indonesia,5412,Yield,kg/ha,1993,541.8,A,Official value
360,Indonesia,5510,Production,t,1993,438868.0,A,Official value
360,Indonesia,5312,Area harvested,ha,1994,797000.0,A,Official value
360,Indonesia,5412,Yield,kg/ha,1994,564.9,A,Official value
360,Indonesia,5510,Production,t,1994,450191.0,A,Official value
360,Indonesia,5312,Area harvested,ha,1995,846078.0,A,Official value
360,Indonesia,5412,Yield,kg/ha,1995,541.1,A,Official value
360,Indonesia,5510,Production,t,1995,457801.0,A,Official value
360,Indonesia,5312,Area harvested,ha,1996,836621.0,A,Official value
360,Indonesia,5412,Yield,kg/ha,1996,504.1,A,Official value
360,Indonesia,5510,Production,t,1996,421751.0,A,Official value
360,Indonesia,5312,Area harvested,ha,1997,831782.0,A,Official value
360,Indonesia,5412,Yield,kg/ha,1997,513.1,A,Official value
360,Indonesia,5510,Production,t,1997,426800.0,A,Official value
360,Indonesia,5312,Area harvested,ha,1998,844172.0,A,Official value
360,Indonesia,5412,Yield,kg/ha,1998,606.7,A,Official value
360,Indonesia,5510,Production,t,1998,512165.0,A,Official value
360,Indonesia,5510,Production,t,1999,524687.0,A,Official value
360,Indonesia,5312,Area harvested,ha,2000,1260687.0,A,Official value
360,Indonesia,5412,Yield,kg/ha,2000,439.9,A,Official value
360,Indonesia,5510,Production,t,2000,554574.0,A,Official value
360,Indonesia,5312,Area harvested,ha,2001,1313383.0,A,Official value
360,Indonesia,5412,Yield,kg/ha,2001,433.4,A,Official value
360,Indonesia,5510,Production,t,2001,569234.0,A,Official value
360,Indonesia,5312,Area harvested,ha,2002,1372184.0,A,Official value
360,Indonesia,5412,Yield,kg/ha,2002,497.0,A,Official value
360,Indonesia,5510,Production,t,2002,682019.0,A,Official value
360,Indonesia,5312,Area harvested,ha,2003,1381730.0,A,Official value
360,Indonesia,5412,Yield,kg/ha,2003,480.2,A,Official value
360,Indonesia,5510,Production,t,2003,663571.0,A,Official value
360,Indonesia,5312,Area harvested,ha,2004,1303943.0,A,Official value
360,Indonesia,5412,Yield,kg/ha,2004,496.5,A,Official value
360,Indonesia,5510,Production,t,2004,647385.0,A,Official value
360,Indonesia,5312,Area harvested,ha,2005,1255272.0,A,Official value
360,Indonesia,5412,Yield,kg/ha,2005,510.1,A,Official value
360,Indonesia,5510,Production,t,2005,640365.0,A,Official value
360,Indonesia,5312,Area harvested,ha,2006,1308732.0,A,Official value
360,Indonesia,5412,Yield,kg/ha,2006,521.2,A,Official value
360,Indonesia,5510,Production,t,2006,682158.0,A,Official value
360,Indonesia,5312,Area harvested,ha,2007,1295912.0,A,Official value
360,Indonesia,5412,Yield,kg/ha,2007,522.0,A,Official value
360,Indonesia,5510,Production,t,2007,676475.0,A,Official value
360,Indonesia,5312,Area harvested,ha,2008,1295111.0,A,Official value
360,Indonesia,5412,Yield,kg/ha,2008,539.0,A,Official value
360,Indonesia,5510,Production,t,2008,698016.0,A,Official value
360,Indonesia,5312,Area harvested,ha,2009,1266235.0,A,Official value
360,Indonesia,5412,Yield,kg/ha,2009,539.1,A,Official value
360,Indonesia,5510,Production,t,2009,682591.0,A,Official value
360,Indonesia,5312,Area harvested,ha,2010,1268476.0,A,Official value
360,Indonesia,5412,Yield,kg/ha,2010,539.3,A,Official value
360,Indonesia,5510,Production,t,2010,684076.0,A,Official value
360,Indonesia,5312,Area harvested,ha,2011,1293000.0,A,Official value
360,Indonesia,5412,Yield,kg/ha,2011,493.9,A,Official value
360,Indonesia,5510,Production,t,2011,638600.0,A,Official value
360,Indonesia,5312,Area harvested,ha,2012,1233900.0,A,Official value
360,Indonesia,5412,Yield,kg/ha,2012,560.1,A,Official value
360,Indonesia,5510,Production,t,2012,691163.0,A,Official value
360,Indonesia,5312,Area harvested,ha,2013,1241700.0,A,Official value
360,Indonesia,5412,Yield,kg/ha,2013,544.3,A,Official value
360,Indonesia,5510,Production,t,2013,675800.0,A,Official value
360,Indonesia,5312,Area harvested,ha,2014,1230500.0,A,Official value
360,Indonesia,5412,Yield,kg/ha,2014,523.3,A,Official value
360,Indonesia,5510,Production,t,2014,643900.0,A,Official value
360,Indonesia,5312,Area harvested,ha,2015,1230001.0,A,Official value
360,Indonesia,5412,Yield,kg/ha,2015,519.8,A,Official value
360,Indonesia,5510,Production,t,2015,639412.0,A,Official value
360,Indonesia,5312,Area harvested,ha,2016,1228512.0,A,Official value
360,Indonesia,5412,Yield,kg/ha,2016,520.4,A,Official value
360,Indonesia,5510,Production,t,2016,639305.0,A,Official value
360,Indonesia,5312,Area harvested,ha,2017,1238598.0,A,Official value
360,Indonesia,5412,Yield,kg/ha,2017,579.7,A,Official value
360,Indonesia,5510,Production,t,2017,717962.0,A,Official value
360,Indonesia,5312,Area harvested,ha,2018,1252826.0,A,Official value
360,Indonesia,5412,Yield,kg/ha,2018,603.5,A,Official value
360,Indonesia,5510,Production,t,2018,756051.0,A,Official value
360,Indonesia,5312,Area harvested,ha,2019,1245359.0,A,Official value
360,Indonesia,5412,Yield,kg/ha,2019,604.3,A,Official value
360,Indonesia,5510,Production,t,2019,752512.0,A,Official value
360,Indonesia,5312,Area harvested,ha,2020,1250452.0,A,Official value
360,Indonesia,5412,Yield,kg/ha,2020,609.7,A,Official value
360,Indonesia,5510,Production,t,2020,762380.0,A,Official value
360,Indonesia,5312,Area harvested,ha,2021,1279570.0,A,Official value
360,Indonesia,5412,Yield,kg/ha,2021,614.4,A,Official value
360,Indonesia,5510,Production,t,2021,786191.0,A,Official value
360,Indonesia,5312,Area harvested,ha,2022,1265961.0,A,Official value
360,Indonesia,5412,Yield,kg/ha,2022,612.2,A,Official value
360,Indonesia,5510,Production,t,2022,774960.53,A,Official value
360,Indonesia,5312,Area harvested,ha,2023,1266848.0,A,Official value
360,Indonesia,5412,Yield,kg/ha,2023,598.9,A,Official value
360,Indonesia,5510,Production,t,2023,758725.0,A,Official value
360,Indonesia,5312,Area harvested,ha,2024,1269354.0,A,Official value
360,Indonesia,5412,Yield,kg/ha,2024,636.2,A,Official value
360,Indonesia,5510,Production,t,2024,807578.0,A,Official value
388,Jamaica,5510,Production,t,1961,2546.0,A,Official value
388,Jamaica,5510,Production,t,1962,1969.0,A,Official value
388,Jamaica,5510,Production,t,1963,2009.0,A,Official value
388,Jamaica,5510,Production,t,1964,1997.0,A,Official value
388,Jamaica,5510,Production,t,1965,2170.0,A,Official value
388,Jamaica,5510,Production,t,1966,1861.0,A,Official value
388,Jamaica,5510,Production,t,1967,1991.0,A,Official value
388,Jamaica,5510,Production,t,1968,1972.0,A,Official value
388,Jamaica,5510,Production,t,1969,1589.0,A,Official value
388,Jamaica,5510,Production,t,1970,1805.0,A,Official value
388,Jamaica,5510,Production,t,1971,1358.0,A,Official value
388,Jamaica,5510,Production,t,1972,1040.0,A,Official value
388,Jamaica,5510,Production,t,1973,1146.0,A,Official value
388,Jamaica,5510,Production,t,1974,1486.0,A,Official value
388,Jamaica,5510,Production,t,1975,1186.0,A,Official value
388,Jamaica,5510,Production,t,1976,1929.0,A,Official value
388,Jamaica,5510,Production,t,1977,1208.0,A,Official value
388,Jamaica,5510,Production,t,1978,1477.0,A,Official value
388,Jamaica,5510,Production,t,1979,958.0,A,Official value
388,Jamaica,5510,Production,t,1980,2216.0,A,Official value
388,Jamaica,5510,Production,t,1981,1379.0,A,Official value
388,Jamaica,5510,Production,t,1982,1516.0,A,Official value
388,Jamaica,5510,Production,t,1983,1632.0,A,Official value
388,Jamaica,5510,Production,t,1984,1745.0,A,Official value
388,Jamaica,5510,Production,t,1985,1274.0,A,Official value
388,Jamaica,5510,Production,t,1986,1697.0,A,Official value
388,Jamaica,5510,Production,t,1987,1658.0,A,Official value
388,Jamaica,5510,Production,t,1988,2231.0,A,Official value
388,Jamaica,5510,Production,t,1996,2580.0,A,Official value
388,Jamaica,5510,Production,t,1997,2887.0,A,Official value
388,Jamaica,5510,Production,t,2005,8897.0,A,Official value
388,Jamaica,5510,Production,t,2006,12390.0,A,Official value
388,Jamaica,5510,Production,t,2007,15117.0,A,Official value
388,Jamaica,5510,Production,t,2008,9035.0,A,Official value
388,Jamaica,5510,Production,t,2009,12456.0,A,Official value
388,Jamaica,5510,Production,t,2010,9121.0,A,Official value
388,Jamaica,5510,Production,t,2011,8099.0,A,Official value
388,Jamaica,5510,Production,t,2012,6687.0,A,Official value
388,Jamaica,5510,Production,t,2013,6984.0,A,Official value
388,Jamaica,5510,Production,t,2014,5298.0,A,Official value
388,Jamaica,5510,Production,t,2015,5755.0,A,Official value
388,Jamaica,5510,Production,t,2016,7580.0,A,Official value
388,Jamaica,5510,Production,t,2017,6222.0,A,Official value
388,Jamaica,5510,Production,t,2018,7085.0,A,Official value
388,Jamaica,5510,Production,t,2019,6701.0,A,Official value
388,Jamaica,5510,Production,t,2020,6201.0,A,Official value
388,Jamaica,5510,Production,t,2021,6507.8,A,Official value
388,Jamaica,5510,Production,t,2022,7064.1,A,Official value
388,Jamaica,5510,Production,t,2023,8152.0,A,Official value
388,Jamaica,5510,Production,t,2024,6521.0,A,Official value
404,Kenya,5510,Production,t,1961,28100.0,A,Official value
404,Kenya,5510,Production,t,1962,50000.0,A,Official value
404,Kenya,5510,Production,t,1963,40500.0,A,Official value
404,Kenya,5510,Production,t,1964,41400.0,A,Official value
404,Kenya,5510,Production,t,1965,39300.0,A,Official value
404,Kenya,5510,Production,t,1966,56900.0,A,Official value
404,Kenya,5510,Production,t,1967,48000.0,A,Official value
404,Kenya,5510,Production,t,1968,39600.0,A,Official value
404,Kenya,5510,Production,t,1969,52400.0,A,Official value
404,Kenya,5510,Production,t,1970,58300.0,A,Official value
404,Kenya,5510,Production,t,1971,59500.0,A,Official value
404,Kenya,5510,Production,t,1972,62048.0,A,Official value
404,Kenya,5510,Production,t,1973,71190.0,A,Official value
404,Kenya,5510,Production,t,1974,70103.0,A,Official value
404,Kenya,5312,Area harvested,ha,1975,111000.0,A,Official value
404,Kenya,5412,Yield,kg/ha,1975,596.0,A,Official value
404,Kenya,5510,Production,t,1975,66152.0,A,Official value
404,Kenya,5312,Area harvested,ha,1976,105736.0,A,Official value
404,Kenya,5412,Yield,kg/ha,1976,759.5,A,Official value
404,Kenya,5510,Production,t,1976,80303.0,A,Official value
404,Kenya,5312,Area harvested,ha,1977,129429.0,A,Official value
404,Kenya,5412,Yield,kg/ha,1977,782.0,A,Official value
404,Kenya,5510,Production,t,1977,101218.0,A,Official value
404,Kenya,5510,Production,t,1978,84332.0,A,Official value
404,Kenya,5312,Area harvested,ha,1979,119160.0,A,Official value
404,Kenya,5412,Yield,kg/ha,1979,630.1,A,Official value
404,Kenya,5510,Production,t,1979,75082.0,A,Official value
404,Kenya,5312,Area harvested,ha,1980,102400.0,A,Official value
404,Kenya,5412,Yield,kg/ha,1980,891.9,A,Official value
404,Kenya,5510,Production,t,1980,91334.0,A,Official value
404,Kenya,5312,Area harvested,ha,1981,117600.0,A,Official value
404,Kenya,5412,Yield,kg/ha,1981,847.9,A,Official value
404,Kenya,5510,Production,t,1981,99717.0,A,Official value
404,Kenya,5312,Area harvested,ha,1982,131108.0,A,Official value
404,Kenya,5412,Yield,kg/ha,1982,666.9,A,Official value
404,Kenya,5510,Production,t,1982,87436.0,A,Official value
404,Kenya,5312,Area harvested,ha,1983,134572.0,A,Official value
404,Kenya,5412,Yield,kg/ha,1983,639.5,A,Official value
404,Kenya,5510,Production,t,1983,86064.0,A,Official value
404,Kenya,5312,Area harvested,ha,1984,149946.0,A,Official value
404,Kenya,5412,Yield,kg/ha,1984,790.3,A,Official value
404,Kenya,5510,Production,t,1984,118500.0,A,Official value
404,Kenya,5312,Area harvested,ha,1985,152000.0,A,Official value
404,Kenya,5412,Yield,kg/ha,1985,615.8,A,Official value
404,Kenya,5510,Production,t,1985,93600.0,A,Official value
404,Kenya,5312,Area harvested,ha,1986,156304.0,A,Official value
404,Kenya,5412,Yield,kg/ha,1986,728.9,A,Official value
404,Kenya,5510,Production,t,1986,113926.0,A,Official value
404,Kenya,5312,Area harvested,ha,1987,154500.0,A,Official value
404,Kenya,5412,Yield,kg/ha,1987,677.5,A,Official value
404,Kenya,5510,Production,t,1987,104679.0,A,Official value
404,Kenya,5312,Area harvested,ha,1988,156300.0,A,Official value
404,Kenya,5412,Yield,kg/ha,1988,823.4,A,Official value
404,Kenya,5510,Production,t,1988,128700.0,A,Official value
404,Kenya,5312,Area harvested,ha,1989,153100.0,A,Official value
404,Kenya,5412,Yield,kg/ha,1989,763.6,A,Official value
404,Kenya,5510,Production,t,1989,116900.0,A,Official value
404,Kenya,5312,Area harvested,ha,1990,153100.0,A,Official value
404,Kenya,5412,Yield,kg/ha,1990,678.6,A,Official value
404,Kenya,5510,Production,t,1990,103900.0,A,Official value
404,Kenya,5312,Area harvested,ha,1991,155400.0,A,Official value
404,Kenya,5412,Yield,kg/ha,1991,556.0,A,Official value
404,Kenya,5510,Production,t,1991,86400.0,A,Official value
404,Kenya,5312,Area harvested,ha,1992,153800.0,A,Official value
404,Kenya,5412,Yield,kg/ha,1992,554.6,A,Official value
404,Kenya,5510,Production,t,1992,85300.0,A,Official value
404,Kenya,5312,Area harvested,ha,1993,158200.0,A,Official value
404,Kenya,5412,Yield,kg/ha,1993,474.7,A,Official value
404,Kenya,5510,Production,t,1993,75100.0,A,Official value
404,Kenya,5312,Area harvested,ha,1994,158700.0,A,Official value
404,Kenya,5412,Yield,kg/ha,1994,503.5,A,Official value
404,Kenya,5510,Production,t,1994,79900.0,A,Official value
404,Kenya,5312,Area harvested,ha,1995,160500.0,A,Official value
404,Kenya,5412,Yield,kg/ha,1995,594.4,A,Official value
404,Kenya,5510,Production,t,1995,95400.0,A,Official value
404,Kenya,5312,Area harvested,ha,1996,177400.0,A,Official value
404,Kenya,5412,Yield,kg/ha,1996,552.3,A,Official value
404,Kenya,5510,Production,t,1996,97976.0,A,Official value
404,Kenya,5312,Area harvested,ha,1997,176907.0,A,Official value
404,Kenya,5412,Yield,kg/ha,1997,388.0,A,Official value
404,Kenya,5510,Production,t,1997,68642.0,A,Official value
404,Kenya,5312,Area harvested,ha,1998,178500.0,A,Official value
404,Kenya,5412,Yield,kg/ha,1998,300.9,A,Official value
404,Kenya,5510,Production,t,1998,53715.0,A,Official value
404,Kenya,5312,Area harvested,ha,1999,170000.0,A,Official value
404,Kenya,5412,Yield,kg/ha,1999,400.6,A,Official value
404,Kenya,5510,Production,t,1999,68100.0,A,Official value
404,Kenya,5312,Area harvested,ha,2000,170000.0,A,Official value
404,Kenya,5412,Yield,kg/ha,2000,592.4,A,Official value
404,Kenya,5510,Production,t,2000,100700.0,A,Official value
404,Kenya,5312,Area harvested,ha,2001,170000.0,A,Official value
404,Kenya,5412,Yield,kg/ha,2001,304.1,A,Official value
404,Kenya,5510,Production,t,2001,51700.0,A,Official value
404,Kenya,5312,Area harvested,ha,2002,170000.0,A,Official value
404,Kenya,5412,Yield,kg/ha,2002,305.3,A,Official value
404,Kenya,5510,Production,t,2002,51900.0,A,Official value
404,Kenya,5312,Area harvested,ha,2003,170000.0,A,Official value
404,Kenya,5412,Yield,kg/ha,2003,326.1,A,Official value
404,Kenya,5510,Production,t,2003,55443.0,A,Official value
404,Kenya,5312,Area harvested,ha,2004,170000.0,A,Official value
404,Kenya,5412,Yield,kg/ha,2004,284.9,A,Official value
404,Kenya,5510,Production,t,2004,48431.0,A,Official value
404,Kenya,5312,Area harvested,ha,2005,170000.0,A,Official value
404,Kenya,5412,Yield,kg/ha,2005,265.9,A,Official value
404,Kenya,5510,Production,t,2005,45200.0,A,Official value
404,Kenya,5312,Area harvested,ha,2006,170000.0,A,Official value
404,Kenya,5412,Yield,kg/ha,2006,284.1,A,Official value
404,Kenya,5510,Production,t,2006,48300.0,A,Official value
404,Kenya,5312,Area harvested,ha,2007,163000.0,A,Official value
404,Kenya,5412,Yield,kg/ha,2007,327.4,A,Official value
404,Kenya,5510,Production,t,2007,53368.0,A,Official value
404,Kenya,5312,Area harvested,ha,2008,155000.0,A,Official value
404,Kenya,5412,Yield,kg/ha,2008,271.0,A,Official value
404,Kenya,5510,Production,t,2008,42000.0,A,Official value
404,Kenya,5312,Area harvested,ha,2009,160000.0,A,Official value
404,Kenya,5412,Yield,kg/ha,2009,337.5,A,Official value
404,Kenya,5510,Production,t,2009,54000.0,A,Official value
404,Kenya,5312,Area harvested,ha,2010,160000.0,A,Official value
404,Kenya,5412,Yield,kg/ha,2010,262.5,A,Official value
404,Kenya,5510,Production,t,2010,42000.0,A,Official value
404,Kenya,5312,Area harvested,ha,2011,115600.0,A,Official value
404,Kenya,5412,Yield,kg/ha,2011,314.0,A,Official value
404,Kenya,5510,Production,t,2011,36300.0,A,Official value
404,Kenya,5312,Area harvested,ha,2012,109795.0,A,Official value
404,Kenya,5412,Yield,kg/ha,2012,446.3,A,Official value
404,Kenya,5510,Production,t,2012,49000.0,A,Official value
404,Kenya,5312,Area harvested,ha,2013,109800.0,A,Official value
404,Kenya,5412,Yield,kg/ha,2013,362.5,A,Official value
404,Kenya,5510,Production,t,2013,39800.0,A,Official value
404,Kenya,5312,Area harvested,ha,2014,110000.0,A,Official value
404,Kenya,5412,Yield,kg/ha,2014,450.0,A,Official value
404,Kenya,5510,Production,t,2014,49500.0,A,Official value
404,Kenya,5312,Area harvested,ha,2015,113500.0,A,Official value
404,Kenya,5412,Yield,kg/ha,2015,370.0,A,Official value
404,Kenya,5510,Production,t,2015,42000.0,A,Official value
404,Kenya,5312,Area harvested,ha,2016,114000.0,A,Official value
404,Kenya,5412,Yield,kg/ha,2016,404.4,A,Official value
404,Kenya,5510,Production,t,2016,46100.0,A,Official value
404,Kenya,5312,Area harvested,ha,2017,114700.0,A,Official value
404,Kenya,5412,Yield,kg/ha,2017,336.7,A,Official value
404,Kenya,5510,Production,t,2017,38620.0,A,Official value
404,Kenya,5312,Area harvested,ha,2018,115570.0,A,Official value
404,Kenya,5412,Yield,kg/ha,2018,358.0,A,Official value
404,Kenya,5510,Production,t,2018,41375.0,A,Official value
404,Kenya,5312,Area harvested,ha,2019,119600.0,A,Official value
404,Kenya,5412,Yield,kg/ha,2019,372.1,A,Official value
404,Kenya,5510,Production,t,2019,44500.0,A,Official value
404,Kenya,5312,Area harvested,ha,2020,119700.0,A,Official value
404,Kenya,5412,Yield,kg/ha,2020,308.3,A,Official value
404,Kenya,5510,Production,t,2020,36900.0,A,Official value
404,Kenya,5312,Area harvested,ha,2021,108200.0,A,Official value
404,Kenya,5412,Yield,kg/ha,2021,318.9,A,Official value
404,Kenya,5510,Production,t,2021,34500.0,A,Official value
404,Kenya,5312,Area harvested,ha,2022,109400.0,A,Official value
404,Kenya,5412,Yield,kg/ha,2022,474.4,A,Official value
404,Kenya,5510,Production,t,2022,51900.0,A,Official value
404,Kenya,5312,Area harvested,ha,2023,111900.0,A,Official value
404,Kenya,5412,Yield,kg/ha,2023,435.2,A,Official value
404,Kenya,5510,Production,t,2023,48700.0,A,Official value
404,Kenya,5312,Area harvested,ha,2024,113600.0,A,Official value
404,Kenya,5412,Yield,kg/ha,2024,435.7,A,Official value
404,Kenya,5510,Production,t,2024,49500.0,A,Official value
418,Lao People's Democratic Republic,5312,Area harvested,ha,1961,2000.0,A,Official value
418,Lao People's Democratic Republic,5412,Yield,kg/ha,1961,500.0,A,Official value
418,Lao People's Democratic Republic,5510,Production,t,1961,1000.0,A,Official value
418,Lao People's Democratic Republic,5312,Area harvested,ha,1962,2000.0,A,Official value
418,Lao People's Democratic Republic,5412,Yield,kg/ha,1962,750.0,A,Official value
418,Lao People's Democratic Republic,5510,Production,t,1962,1500.0,A,Official value
418,Lao People's Democratic Republic,5510,Production,t,1963,2000.0,A,Official value
418,Lao People's Democratic Republic,5312,Area harvested,ha,1964,6000.0,A,Official value
418,Lao People's Democratic Republic,5412,Yield,kg/ha,1964,583.3,A,Official value
418,Lao People's Democratic Republic,5510,Production,t,1964,3500.0,A,Official value
418,Lao People's Democratic Republic,5312,Area harvested,ha,1965,6000.0,A,Official value
418,Lao People's Democratic Republic,5412,Yield,kg/ha,1965,583.3,A,Official value
418,Lao People's Democratic Republic,5510,Production,t,1965,3500.0,A,Official value
418,Lao People's Democratic Republic,5312,Area harvested,ha,1968,6100.0,A,Official value
418,Lao People's Democratic Republic,5412,Yield,kg/ha,1968,573.8,A,Official value
418,Lao People's Democratic Republic,5510,Production,t,1968,3500.0,A,Official value
418,Lao People's Democratic Republic,5312,Area harvested,ha,1969,6100.0,A,Official value
418,Lao People's Democratic Republic,5412,Yield,kg/ha,1969,565.6,A,Official value
418,Lao People's Democratic Republic,5510,Production,t,1969,3450.0,A,Official value
418,Lao People's Democratic Republic,5312,Area harvested,ha,1970,6020.0,A,Official value
418,Lao People's Democratic Republic,5412,Yield,kg/ha,1970,531.6,A,Official value
418,Lao People's Democratic Republic,5510,Production,t,1970,3200.0,A,Official value
418,Lao People's Democratic Republic,5312,Area harvested,ha,1971,5950.0,A,Official value
418,Lao People's Democratic Republic,5412,Yield,kg/ha,1971,470.6,A,Official value
418,Lao People's Democratic Republic,5510,Production,t,1971,2800.0,A,Official value
418,Lao People's Democratic Republic,5312,Area harvested,ha,1972,5500.0,A,Official value
418,Lao People's Democratic Republic,5412,Yield,kg/ha,1972,418.2,A,Official value
418,Lao People's Democratic Republic,5510,Production,t,1972,2300.0,A,Official value
418,Lao People's Democratic Republic,5312,Area harvested,ha,1973,5300.0,A,Official value
418,Lao People's Democratic Republic,5412,Yield,kg/ha,1973,339.6,A,Official value
418,Lao People's Democratic Republic,5510,Production,t,1973,1800.0,A,Official value
418,Lao People's Democratic Republic,5312,Area harvested,ha,1974,4055.0,A,Official value
418,Lao People's Democratic Republic,5412,Yield,kg/ha,1974,510.5,A,Official value
418,Lao People's Democratic Republic,5510,Production,t,1974,2070.0,A,Official value
418,Lao People's Democratic Republic,5312,Area harvested,ha,1976,3400.0,A,Official value
418,Lao People's Democratic Republic,5412,Yield,kg/ha,1976,817.6,A,Official value
418,Lao People's Democratic Republic,5510,Production,t,1976,2780.0,A,Official value
418,Lao People's Democratic Republic,5312,Area harvested,ha,1977,6605.0,A,Official value
418,Lao People's Democratic Republic,5412,Yield,kg/ha,1977,653.3,A,Official value
418,Lao People's Democratic Republic,5510,Production,t,1977,4315.0,A,Official value
418,Lao People's Democratic Republic,5312,Area harvested,ha,1978,4800.0,A,Official value
418,Lao People's Democratic Republic,5412,Yield,kg/ha,1978,620.8,A,Official value
418,Lao People's Democratic Republic,5510,Production,t,1978,2980.0,A,Official value
418,Lao People's Democratic Republic,5312,Area harvested,ha,1979,5443.0,A,Official value
418,Lao People's Democratic Republic,5412,Yield,kg/ha,1979,643.0,A,Official value
418,Lao People's Democratic Republic,5510,Production,t,1979,3500.0,A,Official value
418,Lao People's Democratic Republic,5312,Area harvested,ha,1980,6532.0,A,Official value
418,Lao People's Democratic Republic,5412,Yield,kg/ha,1980,680.0,A,Official value
418,Lao People's Democratic Republic,5510,Production,t,1980,4442.0,A,Official value
418,Lao People's Democratic Republic,5312,Area harvested,ha,1981,7738.0,A,Official value
418,Lao People's Democratic Republic,5412,Yield,kg/ha,1981,650.2,A,Official value
418,Lao People's Democratic Republic,5510,Production,t,1981,5031.0,A,Official value
418,Lao People's Democratic Republic,5312,Area harvested,ha,1982,7712.0,A,Official value
418,Lao People's Democratic Republic,5412,Yield,kg/ha,1982,674.3,A,Official value
418,Lao People's Democratic Republic,5510,Production,t,1982,5200.0,A,Official value
418,Lao People's Democratic Republic,5312,Area harvested,ha,1983,8240.0,A,Official value
418,Lao People's Democratic Republic,5412,Yield,kg/ha,1983,645.6,A,Official value
418,Lao People's Democratic Republic,5510,Production,t,1983,5320.0,A,Official value
418,Lao People's Democratic Republic,5312,Area harvested,ha,1984,11079.0,A,Official value
418,Lao People's Democratic Republic,5412,Yield,kg/ha,1984,521.7,A,Official value
418,Lao People's Democratic Republic,5510,Production,t,1984,5780.0,A,Official value
418,Lao People's Democratic Republic,5312,Area harvested,ha,1985,12595.0,A,Official value
418,Lao People's Democratic Republic,5412,Yield,kg/ha,1985,487.8,A,Official value
418,Lao People's Democratic Republic,5510,Production,t,1985,6144.0,A,Official value
418,Lao People's Democratic Republic,5312,Area harvested,ha,1986,13095.0,A,Official value
418,Lao People's Democratic Republic,5412,Yield,kg/ha,1986,359.8,A,Official value
418,Lao People's Democratic Republic,5510,Production,t,1986,4711.0,A,Official value
418,Lao People's Democratic Republic,5312,Area harvested,ha,1987,14242.0,A,Official value
418,Lao People's Democratic Republic,5412,Yield,kg/ha,1987,373.0,A,Official value
418,Lao People's Democratic Republic,5510,Production,t,1987,5312.0,A,Official value
418,Lao People's Democratic Republic,5312,Area harvested,ha,1988,15543.0,A,Official value
418,Lao People's Democratic Republic,5412,Yield,kg/ha,1988,503.7,A,Official value
418,Lao People's Democratic Republic,5510,Production,t,1988,7829.0,A,Official value
418,Lao People's Democratic Republic,5312,Area harvested,ha,1989,15827.0,A,Official value
418,Lao People's Democratic Republic,5412,Yield,kg/ha,1989,342.0,A,Official value
418,Lao People's Democratic Republic,5510,Production,t,1989,5413.0,A,Official value
418,Lao People's Democratic Republic,5312,Area harvested,ha,1990,17066.0,A,Official value
418,Lao People's Democratic Republic,5412,Yield,kg/ha,1990,304.9,A,Official value
418,Lao People's Democratic Republic,5510,Production,t,1990,5204.0,A,Official value
418,Lao People's Democratic Republic,5312,Area harvested,ha,1991,17929.0,A,Official value
418,Lao People's Democratic Republic,5412,Yield,kg/ha,1991,447.2,A,Official value
418,Lao People's Democratic Republic,5510,Production,t,1991,8017.0,A,Official value
418,Lao People's Democratic Republic,5312,Area harvested,ha,1992,17789.0,A,Official value
418,Lao People's Democratic Republic,5412,Yield,kg/ha,1992,370.0,A,Official value
418,Lao People's Democratic Republic,5510,Production,t,1992,6582.0,A,Official value
418,Lao People's Democratic Republic,5312,Area harvested,ha,1993,18901.0,A,Official value
418,Lao People's Democratic Republic,5412,Yield,kg/ha,1993,403.3,A,Official value
418,Lao People's Democratic Republic,5510,Production,t,1993,7622.0,A,Official value
418,Lao People's Democratic Republic,5312,Area harvested,ha,1994,20021.0,A,Official value
418,Lao People's Democratic Republic,5412,Yield,kg/ha,1994,451.3,A,Official value
418,Lao People's Democratic Republic,5510,Production,t,1994,9035.0,A,Official value
418,Lao People's Democratic Republic,5312,Area harvested,ha,1995,20158.0,A,Official value
418,Lao People's Democratic Republic,5412,Yield,kg/ha,1995,425.4,A,Official value
418,Lao People's Democratic Republic,5510,Production,t,1995,8576.0,A,Official value
418,Lao People's Democratic Republic,5312,Area harvested,ha,1996,23145.0,A,Official value
418,Lao People's Democratic Republic,5412,Yield,kg/ha,1996,432.9,A,Official value
418,Lao People's Democratic Republic,5510,Production,t,1996,10020.0,A,Official value
418,Lao People's Democratic Republic,5312,Area harvested,ha,1997,23345.0,A,Official value
418,Lao People's Democratic Republic,5412,Yield,kg/ha,1997,526.9,A,Official value
418,Lao People's Democratic Republic,5510,Production,t,1997,12300.0,A,Official value
418,Lao People's Democratic Republic,5312,Area harvested,ha,1998,28640.0,A,Official value
418,Lao People's Democratic Republic,5412,Yield,kg/ha,1998,593.5,A,Official value
418,Lao People's Democratic Republic,5510,Production,t,1998,16999.0,A,Official value
418,Lao People's Democratic Republic,5312,Area harvested,ha,1999,29250.0,A,Official value
418,Lao People's Democratic Republic,5412,Yield,kg/ha,1999,599.3,A,Official value
418,Lao People's Democratic Republic,5510,Production,t,1999,17530.0,A,Official value
418,Lao People's Democratic Republic,5312,Area harvested,ha,2000,29402.0,A,Official value
418,Lao People's Democratic Republic,5412,Yield,kg/ha,2000,799.3,A,Official value
418,Lao People's Democratic Republic,5510,Production,t,2000,23500.0,A,Official value
418,Lao People's Democratic Republic,5312,Area harvested,ha,2001,32220.0,A,Official value
418,Lao People's Democratic Republic,5412,Yield,kg/ha,2001,800.6,A,Official value
418,Lao People's Democratic Republic,5510,Production,t,2001,25796.0,A,Official value
418,Lao People's Democratic Republic,5312,Area harvested,ha,2002,36624.0,A,Official value
418,Lao People's Democratic Republic,5412,Yield,kg/ha,2002,879.1,A,Official value
418,Lao People's Democratic Republic,5510,Production,t,2002,32197.0,A,Official value
418,Lao People's Democratic Republic,5312,Area harvested,ha,2003,37347.0,A,Official value
418,Lao People's Democratic Republic,5412,Yield,kg/ha,2003,745.7,A,Official value
418,Lao People's Democratic Republic,5510,Production,t,2003,27850.0,A,Official value
418,Lao People's Democratic Republic,5312,Area harvested,ha,2004,37576.0,A,Official value
418,Lao People's Democratic Republic,5412,Yield,kg/ha,2004,614.8,A,Official value
418,Lao People's Democratic Republic,5510,Production,t,2004,23100.0,A,Official value
418,Lao People's Democratic Republic,5312,Area harvested,ha,2005,42580.0,A,Official value
418,Lao People's Democratic Republic,5412,Yield,kg/ha,2005,587.1,A,Official value
418,Lao People's Democratic Republic,5510,Production,t,2005,25000.0,A,Official value
418,Lao People's Democratic Republic,5312,Area harvested,ha,2006,43140.0,A,Official value
418,Lao People's Democratic Republic,5412,Yield,kg/ha,2006,585.3,A,Official value
418,Lao People's Democratic Republic,5510,Production,t,2006,25250.0,A,Official value
418,Lao People's Democratic Republic,5312,Area harvested,ha,2007,44990.0,A,Official value
418,Lao People's Democratic Republic,5412,Yield,kg/ha,2007,737.9,A,Official value
418,Lao People's Democratic Republic,5510,Production,t,2007,33200.0,A,Official value
418,Lao People's Democratic Republic,5312,Area harvested,ha,2008,48555.0,A,Official value
418,Lao People's Democratic Republic,5412,Yield,kg/ha,2008,802.9,A,Official value
418,Lao People's Democratic Republic,5510,Production,t,2008,38985.0,A,Official value
418,Lao People's Democratic Republic,5312,Area harvested,ha,2009,52430.0,A,Official value
418,Lao People's Democratic Republic,5412,Yield,kg/ha,2009,878.0,A,Official value
418,Lao People's Democratic Republic,5510,Production,t,2009,46035.0,A,Official value
418,Lao People's Democratic Republic,5312,Area harvested,ha,2010,50595.0,A,Official value
418,Lao People's Democratic Republic,5412,Yield,kg/ha,2010,914.9,A,Official value
418,Lao People's Democratic Republic,5510,Production,t,2010,46290.0,A,Official value
418,Lao People's Democratic Republic,5312,Area harvested,ha,2011,54775.0,A,Official value
418,Lao People's Democratic Republic,5412,Yield,kg/ha,2011,949.5,A,Official value
418,Lao People's Democratic Republic,5510,Production,t,2011,52010.0,A,Official value
418,Lao People's Democratic Republic,5312,Area harvested,ha,2012,56875.0,A,Official value
418,Lao People's Democratic Republic,5412,Yield,kg/ha,2012,1535.5,A,Official value
418,Lao People's Democratic Republic,5510,Production,t,2012,87330.0,A,Official value
418,Lao People's Democratic Republic,5312,Area harvested,ha,2013,57345.0,A,Official value
418,Lao People's Democratic Republic,5412,Yield,kg/ha,2013,1605.1,A,Official value
418,Lao People's Democratic Republic,5510,Production,t,2013,92045.0,A,Official value
418,Lao People's Democratic Republic,5312,Area harvested,ha,2014,70330.0,A,Official value
418,Lao People's Democratic Republic,5412,Yield,kg/ha,2014,1615.0,A,Official value
418,Lao People's Democratic Republic,5510,Production,t,2014,113580.0,A,Official value
418,Lao People's Democratic Republic,5312,Area harvested,ha,2015,77535.0,A,Official value
418,Lao People's Democratic Republic,5412,Yield,kg/ha,2015,1753.1,A,Official value
418,Lao People's Democratic Republic,5510,Production,t,2015,135925.0,A,Official value
418,Lao People's Democratic Republic,5312,Area harvested,ha,2016,77900.0,A,Official value
418,Lao People's Democratic Republic,5412,Yield,kg/ha,2016,1753.5,A,Official value
418,Lao People's Democratic Republic,5510,Production,t,2016,136600.0,A,Official value
418,Lao People's Democratic Republic,5312,Area harvested,ha,2017,80890.0,A,Official value
418,Lao People's Democratic Republic,5412,Yield,kg/ha,2017,1864.2,A,Official value
418,Lao People's Democratic Republic,5510,Production,t,2017,150795.0,A,Official value
418,Lao People's Democratic Republic,5312,Area harvested,ha,2018,82980.0,A,Official value
418,Lao People's Democratic Republic,5412,Yield,kg/ha,2018,1861.1,A,Official value
418,Lao People's Democratic Republic,5510,Production,t,2018,154435.0,A,Official value
418,Lao People's Democratic Republic,5312,Area harvested,ha,2019,86145.0,A,Official value
418,Lao People's Democratic Republic,5412,Yield,kg/ha,2019,1989.4,A,Official value
418,Lao People's Democratic Republic,5510,Production,t,2019,171380.0,A,Official value
418,Lao People's Democratic Republic,5312,Area harvested,ha,2020,82581.0,A,Official value
418,Lao People's Democratic Republic,5412,Yield,kg/ha,2020,1915.6,A,Official value
418,Lao People's Democratic Republic,5510,Production,t,2020,158190.0,A,Official value
418,Lao People's Democratic Republic,5312,Area harvested,ha,2021,83320.0,A,Official value
418,Lao People's Democratic Republic,5412,Yield,kg/ha,2021,1934.7,A,Official value
418,Lao People's Democratic Republic,5510,Production,t,2021,161200.0,A,Official value
418,Lao People's Democratic Republic,5312,Area harvested,ha,2022,89400.0,A,Official value
418,Lao People's Democratic Republic,5412,Yield,kg/ha,2022,1912.8,A,Official value
418,Lao People's Democratic Republic,5510,Production,t,2022,171000.0,A,Official value
418,Lao People's Democratic Republic,5312,Area harvested,ha,2023,95800.0,A,Official value
418,Lao People's Democratic Republic,5412,Yield,kg/ha,2023,1919.6,A,Official value
418,Lao People's Democratic Republic,5510,Production,t,2023,183895.0,A,Official value
418,Lao People's Democratic Republic,5312,Area harvested,ha,2024,91730.0,A,Official value
418,Lao People's Democratic Republic,5412,Yield,kg/ha,2024,1906.7,A,Official value
418,Lao People's Democratic Republic,5510,Production,t,2024,174900.0,A,Official value
430,Liberia,5510,Production,t,1961,3400.0,A,Official value
430,Liberia,5510,Production,t,1962,3754.0,A,Official value
430,Liberia,5510,Production,t,1963,3670.0,A,Official value
430,Liberia,5510,Production,t,1965,3187.0,A,Official value
430,Liberia,5510,Production,t,1966,8911.0,A,Official value
430,Liberia,5510,Production,t,1967,4327.0,A,Official value
430,Liberia,5510,Production,t,1968,4686.0,A,Official value
430,Liberia,5510,Production,t,1969,4261.0,A,Official value
430,Liberia,5510,Production,t,1970,4967.0,A,Official value
430,Liberia,5312,Area harvested,ha,1971,19630.0,A,Official value
430,Liberia,5412,Yield,kg/ha,1971,281.3,A,Official value
430,Liberia,5510,Production,t,1971,5521.0,A,Official value
430,Liberia,5312,Area harvested,ha,1972,15642.0,A,Official value
430,Liberia,5412,Yield,kg/ha,1972,357.6,A,Official value
430,Liberia,5510,Production,t,1972,5594.0,A,Official value
430,Liberia,5510,Production,t,1973,6935.0,A,Official value
430,Liberia,5510,Production,t,1974,3424.0,A,Official value
430,Liberia,5312,Area harvested,ha,1975,14400.0,A,Official value
430,Liberia,5412,Yield,kg/ha,1975,288.2,A,Official value
430,Liberia,5510,Production,t,1975,4150.0,A,Official value
430,Liberia,5312,Area harvested,ha,1976,15900.0,A,Official value
430,Liberia,5412,Yield,kg/ha,1976,266.5,A,Official value
430,Liberia,5510,Production,t,1976,4238.0,A,Official value
430,Liberia,5312,Area harvested,ha,1977,20000.0,A,Official value
430,Liberia,5412,Yield,kg/ha,1977,503.8,A,Official value
430,Liberia,5510,Production,t,1977,10076.0,A,Official value
430,Liberia,5510,Production,t,1978,8665.0,A,Official value
430,Liberia,5510,Production,t,1979,8200.0,A,Official value
430,Liberia,5510,Production,t,1980,12742.0,A,Official value
430,Liberia,5510,Production,t,1981,8400.0,A,Official value
430,Liberia,5510,Production,t,1982,11734.0,A,Official value
430,Liberia,5312,Area harvested,ha,1986,18800.0,A,Official value
450,Madagascar,5510,Production,t,1964,70415.0,A,Official value
450,Madagascar,5510,Production,t,1965,65640.0,A,Official value
450,Madagascar,5510,Production,t,1966,71535.0,A,Official value
450,Madagascar,5510,Production,t,1967,73065.0,A,Official value
450,Madagascar,5510,Production,t,1968,70850.0,A,Official value
450,Madagascar,5510,Production,t,1969,63945.0,A,Official value
450,Madagascar,5510,Production,t,1970,66555.0,A,Official value
450,Madagascar,5510,Production,t,1971,57710.0,A,Official value
450,Madagascar,5510,Production,t,1972,68585.0,A,Official value
450,Madagascar,5510,Production,t,1973,73880.0,A,Official value
450,Madagascar,5510,Production,t,1974,80900.0,A,Official value
450,Madagascar,5510,Production,t,1975,83560.0,A,Official value
450,Madagascar,5510,Production,t,1976,78930.0,A,Official value
450,Madagascar,5312,Area harvested,ha,1977,198855.0,A,Official value
450,Madagascar,5412,Yield,kg/ha,1977,460.2,A,Official value
450,Madagascar,5510,Production,t,1977,91520.0,A,Official value
450,Madagascar,5312,Area harvested,ha,1978,207495.0,A,Official value
450,Madagascar,5412,Yield,kg/ha,1978,376.9,A,Official value
450,Madagascar,5510,Production,t,1978,78200.0,A,Official value
450,Madagascar,5312,Area harvested,ha,1979,215410.0,A,Official value
450,Madagascar,5412,Yield,kg/ha,1979,378.7,A,Official value
450,Madagascar,5510,Production,t,1979,81565.0,A,Official value
450,Madagascar,5312,Area harvested,ha,1980,216960.0,A,Official value
450,Madagascar,5412,Yield,kg/ha,1980,368.2,A,Official value
450,Madagascar,5510,Production,t,1980,79880.0,A,Official value
450,Madagascar,5312,Area harvested,ha,1981,217620.0,A,Official value
450,Madagascar,5412,Yield,kg/ha,1981,383.5,A,Official value
450,Madagascar,5510,Production,t,1981,83460.0,A,Official value
450,Madagascar,5312,Area harvested,ha,1982,219535.0,A,Official value
450,Madagascar,5412,Yield,kg/ha,1982,370.0,A,Official value
450,Madagascar,5510,Production,t,1982,81225.0,A,Official value
450,Madagascar,5312,Area harvested,ha,1983,223000.0,A,Official value
450,Madagascar,5412,Yield,kg/ha,1983,362.6,A,Official value
450,Madagascar,5510,Production,t,1983,80855.0,A,Official value
450,Madagascar,5312,Area harvested,ha,1984,223100.0,A,Official value
450,Madagascar,5412,Yield,kg/ha,1984,364.9,A,Official value
450,Madagascar,5510,Production,t,1984,81400.0,A,Official value
450,Madagascar,5312,Area harvested,ha,1985,223200.0,A,Official value
450,Madagascar,5412,Yield,kg/ha,1985,351.7,A,Official value
450,Madagascar,5510,Production,t,1985,78500.0,A,Official value
450,Madagascar,5312,Area harvested,ha,1986,224235.0,A,Official value
450,Madagascar,5412,Yield,kg/ha,1986,366.9,A,Official value
450,Madagascar,5510,Production,t,1986,82280.0,A,Official value
450,Madagascar,5312,Area harvested,ha,1987,223995.0,A,Official value
450,Madagascar,5412,Yield,kg/ha,1987,360.5,A,Official value
450,Madagascar,5510,Production,t,1987,80750.0,A,Official value
450,Madagascar,5312,Area harvested,ha,1988,225000.0,A,Official value
450,Madagascar,5412,Yield,kg/ha,1988,371.1,A,Official value
450,Madagascar,5510,Production,t,1988,83500.0,A,Official value
450,Madagascar,5510,Production,t,1989,88200.0,A,Official value
450,Madagascar,5312,Area harvested,ha,1990,240400.0,A,Official value
450,Madagascar,5412,Yield,kg/ha,1990,353.6,A,Official value
450,Madagascar,5510,Production,t,1990,85000.0,A,Official value
450,Madagascar,5312,Area harvested,ha,1991,220000.0,A,Official value
450,Madagascar,5412,Yield,kg/ha,1991,381.2,A,Official value
450,Madagascar,5510,Production,t,1991,83865.0,A,Official value
450,Madagascar,5312,Area harvested,ha,1992,216000.0,A,Official value
450,Madagascar,5412,Yield,kg/ha,1992,369.8,A,Official value
450,Madagascar,5510,Production,t,1992,79882.0,A,Official value
450,Madagascar,5312,Area harvested,ha,1993,210810.0,A,Official value
450,Madagascar,5412,Yield,kg/ha,1993,370.0,A,Official value
450,Madagascar,5510,Production,t,1993,78000.0,A,Official value
450,Madagascar,5312,Area harvested,ha,1994,168000.0,A,Official value
450,Madagascar,5412,Yield,kg/ha,1994,416.7,A,Official value
450,Madagascar,5510,Production,t,1994,70000.0,A,Official value
450,Madagascar,5312,Area harvested,ha,1995,192000.0,A,Official value
450,Madagascar,5412,Yield,kg/ha,1995,354.2,A,Official value
450,Madagascar,5510,Production,t,1995,68000.0,A,Official value
450,Madagascar,5312,Area harvested,ha,1996,193000.0,A,Official value
450,Madagascar,5412,Yield,kg/ha,1996,352.3,A,Official value
450,Madagascar,5510,Production,t,1996,68000.0,A,Official value
450,Madagascar,5312,Area harvested,ha,1997,192000.0,A,Official value
450,Madagascar,5412,Yield,kg/ha,1997,286.5,A,Official value
450,Madagascar,5510,Production,t,1997,55000.0,A,Official value
450,Madagascar,5510,Production,t,1998,60000.0,A,Official value
450,Madagascar,5312,Area harvested,ha,1999,193070.0,A,Official value
450,Madagascar,5412,Yield,kg/ha,1999,336.7,A,Official value
450,Madagascar,5510,Production,t,1999,65000.0,A,Official value
450,Madagascar,5312,Area harvested,ha,2000,193200.0,A,Official value
450,Madagascar,5412,Yield,kg/ha,2000,300.6,A,Official value
450,Madagascar,5510,Production,t,2000,58080.0,A,Official value
450,Madagascar,5312,Area harvested,ha,2001,193355.0,A,Official value
450,Madagascar,5412,Yield,kg/ha,2001,333.7,A,Official value
450,Madagascar,5510,Production,t,2001,64530.0,A,Official value
450,Madagascar,5312,Area harvested,ha,2002,193510.0,A,Official value
450,Madagascar,5412,Yield,kg/ha,2002,317.9,A,Official value
450,Madagascar,5510,Production,t,2002,61520.0,A,Official value
450,Madagascar,5312,Area harvested,ha,2003,193670.0,A,Official value
450,Madagascar,5412,Yield,kg/ha,2003,363.1,A,Official value
450,Madagascar,5510,Production,t,2003,70315.0,A,Official value
450,Madagascar,5312,Area harvested,ha,2004,193770.0,A,Official value
450,Madagascar,5412,Yield,kg/ha,2004,349.8,A,Official value
450,Madagascar,5510,Production,t,2004,67775.0,A,Official value
450,Madagascar,5312,Area harvested,ha,2005,115020.0,A,Official value
450,Madagascar,5412,Yield,kg/ha,2005,482.5,A,Official value
450,Madagascar,5510,Production,t,2005,55500.0,A,Official value
450,Madagascar,5312,Area harvested,ha,2006,115100.0,A,Official value
450,Madagascar,5412,Yield,kg/ha,2006,535.5,A,Official value
450,Madagascar,5510,Production,t,2006,61635.0,A,Official value
450,Madagascar,5312,Area harvested,ha,2007,111685.0,A,Official value
450,Madagascar,5412,Yield,kg/ha,2007,505.6,A,Official value
450,Madagascar,5510,Production,t,2007,56470.0,A,Official value
450,Madagascar,5312,Area harvested,ha,2008,117955.0,A,Official value
450,Madagascar,5412,Yield,kg/ha,2008,483.0,A,Official value
450,Madagascar,5510,Production,t,2008,56978.0,A,Official value
450,Madagascar,5510,Production,t,2009,57491.0,A,Official value
450,Madagascar,5510,Production,t,2010,58178.0,A,Official value
450,Madagascar,5510,Production,t,2014,49223.0,A,Official value
450,Madagascar,5510,Production,t,2015,47507.0,A,Official value
450,Madagascar,5510,Production,t,2016,53093.0,A,Official value
450,Madagascar,5510,Production,t,2017,59602.0,A,Official value
450,Madagascar,5510,Production,t,2019,65760.0,A,Official value
450,Madagascar,5510,Production,t,2020,42220.0,A,Official value
454,Malawi,5510,Production,t,1961,167.0,A,Official value
454,Malawi,5510,Production,t,1962,198.0,A,Official value
454,Malawi,5510,Production,t,1963,230.0,A,Official value
454,Malawi,5510,Production,t,1964,133.0,A,Official value
454,Malawi,5510,Production,t,1965,128.0,A,Official value
454,Malawi,5510,Production,t,1966,166.0,A,Official value
454,Malawi,5510,Production,t,1967,151.0,A,Official value
454,Malawi,5510,Production,t,1968,145.0,A,Official value
454,Malawi,5312,Area harvested,ha,1969,664.0,A,Official value
454,Malawi,5412,Yield,kg/ha,1969,231.9,A,Official value
454,Malawi,5510,Production,t,1969,154.0,A,Official value
454,Malawi,5510,Production,t,1970,263.0,A,Official value
454,Malawi,5510,Production,t,1971,153.0,A,Official value
454,Malawi,5312,Area harvested,ha,1972,756.0,A,Official value
454,Malawi,5412,Yield,kg/ha,1972,246.0,A,Official value
454,Malawi,5510,Production,t,1972,186.0,A,Official value
454,Malawi,5510,Production,t,1973,187.0,A,Official value
454,Malawi,5510,Production,t,1974,625.0,A,Official value
454,Malawi,5312,Area harvested,ha,1975,887.0,A,Official value
454,Malawi,5412,Yield,kg/ha,1975,888.4,A,Official value
454,Malawi,5510,Production,t,1975,788.0,A,Official value
454,Malawi,5510,Production,t,1986,3692.0,A,Official value
454,Malawi,5510,Production,t,1987,4966.0,A,Official value
454,Malawi,5510,Production,t,1988,4320.0,A,Official value
454,Malawi,5510,Production,t,1996,4797.0,A,Official value
454,Malawi,5510,Production,t,1997,4552.0,A,Official value
454,Malawi,5312,Area harvested,ha,2002,3234.0,A,Official value
454,Malawi,5412,Yield,kg/ha,2002,921.5,A,Official value
454,Malawi,5510,Production,t,2002,2980.0,A,Official value
454,Malawi,5312,Area harvested,ha,2003,2489.0,A,Official value
454,Malawi,5412,Yield,kg/ha,2003,1038.2,A,Official value
454,Malawi,5510,Production,t,2003,2584.0,A,Official value
454,Malawi,5312,Area harvested,ha,2004,2280.0,A,Official value
454,Malawi,5412,Yield,kg/ha,2004,697.4,A,Official value
454,Malawi,5510,Production,t,2004,1590.0,A,Official value
454,Malawi,5510,Production,t,2005,1181.0,A,Official value
454,Malawi,5510,Production,t,2006,2091.0,A,Official value
454,Malawi,5510,Production,t,2007,1403.0,A,Official value
454,Malawi,5510,Production,t,2008,1122.0,A,Official value
454,Malawi,5510,Production,t,2009,5510.0,A,Official value
454,Malawi,5510,Production,t,2010,4176.0,A,Official value
454,Malawi,5510,Production,t,2011,4015.0,A,Official value
454,Malawi,5510,Production,t,2012,5684.0,A,Official value
454,Malawi,5510,Production,t,2013,5699.0,A,Official value
454,Malawi,5312,Area harvested,ha,2014,4451.0,A,Official value
454,Malawi,5412,Yield,kg/ha,2014,1518.1,A,Official value
454,Malawi,5510,Production,t,2014,6757.0,A,Official value
454,Malawi,5312,Area harvested,ha,2015,4289.0,A,Official value
454,Malawi,5412,Yield,kg/ha,2015,1682.7,A,Official value
454,Malawi,5510,Production,t,2015,7217.0,A,Official value
454,Malawi,5312,Area harvested,ha,2016,4289.0,A,Official value
454,Malawi,5412,Yield,kg/ha,2016,1682.7,A,Official value
454,Malawi,5510,Production,t,2016,7217.0,A,Official value
454,Malawi,5510,Production,t,2017,8420.0,A,Official value
454,Malawi,5312,Area harvested,ha,2018,4747.0,A,Official value
454,Malawi,5412,Yield,kg/ha,2018,2334.6,A,Official value
454,Malawi,5510,Production,t,2018,11082.0,A,Official value
454,Malawi,5312,Area harvested,ha,2021,3217.0,A,Official value
454,Malawi,5412,Yield,kg/ha,2021,3135.2,A,Official value
454,Malawi,5510,Production,t,2021,10086.0,A,Official value
458,Malaysia,5312,Area harvested,ha,1961,7963.0,A,Official value
458,Malaysia,5412,Yield,kg/ha,1961,339.1,A,Official value
458,Malaysia,5510,Production,t,1961,2700.0,A,Official value
458,Malaysia,5312,Area harvested,ha,1962,7656.0,A,Official value
458,Malaysia,5412,Yield,kg/ha,1962,337.0,A,Official value
458,Malaysia,5510,Production,t,1962,2580.0,A,Official value
458,Malaysia,5312,Area harvested,ha,1963,7492.0,A,Official value
458,Malaysia,5412,Yield,kg/ha,1963,376.4,A,Official value
458,Malaysia,5510,Production,t,1963,2820.0,A,Official value
458,Malaysia,5312,Area harvested,ha,1964,7762.0,A,Official value
458,Malaysia,5412,Yield,kg/ha,1964,402.0,A,Official value
458,Malaysia,5510,Production,t,1964,3120.0,A,Official value
458,Malaysia,5312,Area harvested,ha,1965,7626.0,A,Official value
458,Malaysia,5412,Yield,kg/ha,1965,409.1,A,Official value
458,Malaysia,5510,Production,t,1965,3120.0,A,Official value
458,Malaysia,5510,Production,t,1966,3480.0,A,Official value
458,Malaysia,5510,Production,t,1967,3420.0,A,Official value
458,Malaysia,5510,Production,t,1968,3600.0,A,Official value
458,Malaysia,5510,Production,t,1969,3780.0,A,Official value
458,Malaysia,5312,Area harvested,ha,1970,9841.0,A,Official value
458,Malaysia,5412,Yield,kg/ha,1970,359.7,A,Official value
458,Malaysia,5510,Production,t,1970,3540.0,A,Official value
458,Malaysia,5312,Area harvested,ha,1971,9842.0,A,Official value
458,Malaysia,5412,Yield,kg/ha,1971,402.4,A,Official value
458,Malaysia,5510,Production,t,1971,3960.0,A,Official value
458,Malaysia,5510,Production,t,1972,4200.0,A,Official value
458,Malaysia,5510,Production,t,1973,4920.0,A,Official value
458,Malaysia,5510,Production,t,1974,5880.0,A,Official value
458,Malaysia,5510,Production,t,1975,6240.0,A,Official value
458,Malaysia,5510,Production,t,1976,8100.0,A,Official value
458,Malaysia,5312,Area harvested,ha,1977,13450.0,A,Official value
458,Malaysia,5412,Yield,kg/ha,1977,401.5,A,Official value
458,Malaysia,5510,Production,t,1977,5400.0,A,Official value
458,Malaysia,5312,Area harvested,ha,1978,15436.0,A,Official value
458,Malaysia,5412,Yield,kg/ha,1978,396.5,A,Official value
458,Malaysia,5510,Production,t,1978,6120.0,A,Official value
458,Malaysia,5510,Production,t,1979,5880.0,A,Official value
458,Malaysia,5510,Production,t,1980,10100.0,A,Official value
458,Malaysia,5312,Area harvested,ha,1981,14240.0,A,Official value
458,Malaysia,5412,Yield,kg/ha,1981,730.3,A,Official value
458,Malaysia,5510,Production,t,1981,10400.0,A,Official value
458,Malaysia,5312,Area harvested,ha,1982,14770.0,A,Official value
458,Malaysia,5412,Yield,kg/ha,1982,765.1,A,Official value
458,Malaysia,5510,Production,t,1982,11300.0,A,Official value
458,Malaysia,5312,Area harvested,ha,1983,14990.0,A,Official value
458,Malaysia,5412,Yield,kg/ha,1983,793.9,A,Official value
458,Malaysia,5510,Production,t,1983,11900.0,A,Official value
458,Malaysia,5312,Area harvested,ha,1984,13680.0,A,Official value
458,Malaysia,5412,Yield,kg/ha,1984,869.9,A,Official value
458,Malaysia,5510,Production,t,1984,11900.0,A,Official value
458,Malaysia,5312,Area harvested,ha,1985,13500.0,A,Official value
458,Malaysia,5412,Yield,kg/ha,1985,807.4,A,Official value
458,Malaysia,5510,Production,t,1985,10900.0,A,Official value
458,Malaysia,5312,Area harvested,ha,1986,13755.0,A,Official value
458,Malaysia,5412,Yield,kg/ha,1986,748.8,A,Official value
458,Malaysia,5510,Production,t,1986,10300.0,A,Official value
458,Malaysia,5312,Area harvested,ha,1987,15875.0,A,Official value
458,Malaysia,5412,Yield,kg/ha,1987,724.4,A,Official value
458,Malaysia,5510,Production,t,1987,11500.0,A,Official value
458,Malaysia,5312,Area harvested,ha,1988,14879.0,A,Official value
458,Malaysia,5412,Yield,kg/ha,1988,638.5,A,Official value
458,Malaysia,5510,Production,t,1988,9500.0,A,Official value
458,Malaysia,5312,Area harvested,ha,1989,13946.0,A,Official value
458,Malaysia,5412,Yield,kg/ha,1989,482.7,A,Official value
458,Malaysia,5510,Production,t,1989,6732.0,A,Official value
458,Malaysia,5510,Production,t,1990,7215.0,A,Official value
458,Malaysia,5312,Area harvested,ha,1993,14643.0,A,Official value
458,Malaysia,5312,Area harvested,ha,1994,14780.0,A,Official value
458,Malaysia,5312,Area harvested,ha,1995,14917.0,A,Official value
458,Malaysia,5510,Production,t,2006,32779.0,A,Official value
458,Malaysia,5510,Production,t,2007,21213.0,A,Official value
458,Malaysia,5510,Production,t,2008,23061.0,A,Official value
458,Malaysia,5510,Production,t,2009,16332.0,A,Official value
458,Malaysia,5312,Area harvested,ha,2010,5098.0,A,Official value
458,Malaysia,5412,Yield,kg/ha,2010,3093.0,A,Official value
458,Malaysia,5510,Production,t,2010,15768.0,A,Official value
458,Malaysia,5312,Area harvested,ha,2011,5141.0,A,Official value
458,Malaysia,5412,Yield,kg/ha,2011,2930.2,A,Official value
458,Malaysia,5510,Production,t,2011,15064.0,A,Official value
458,Malaysia,5312,Area harvested,ha,2012,4277.0,A,Official value
458,Malaysia,5412,Yield,kg/ha,2012,2437.9,A,Official value
458,Malaysia,5510,Production,t,2012,10427.0,A,Official value
458,Malaysia,5312,Area harvested,ha,2013,3764.0,A,Official value
458,Malaysia,5412,Yield,kg/ha,2013,3915.8,A,Official value
458,Malaysia,5510,Production,t,2013,14739.0,A,Official value
458,Malaysia,5312,Area harvested,ha,2014,3722.0,A,Official value
458,Malaysia,5412,Yield,kg/ha,2014,2199.4,A,Official value
458,Malaysia,5510,Production,t,2014,8186.0,A,Official value
458,Malaysia,5312,Area harvested,ha,2015,1976.0,A,Official value
458,Malaysia,5412,Yield,kg/ha,2015,3000.1,A,Official value
458,Malaysia,5510,Production,t,2015,5929.0,A,Official value
458,Malaysia,5312,Area harvested,ha,2016,2030.0,A,Official value
458,Malaysia,5412,Yield,kg/ha,2016,3531.5,A,Official value
458,Malaysia,5510,Production,t,2016,7170.0,A,Official value
458,Malaysia,5312,Area harvested,ha,2017,2076.0,A,Official value
458,Malaysia,5412,Yield,kg/ha,2017,3905.9,A,Official value
458,Malaysia,5510,Production,t,2017,8109.18,A,Official value
458,Malaysia,5312,Area harvested,ha,2018,1477.0,A,Official value
458,Malaysia,5412,Yield,kg/ha,2018,2280.4,A,Official value
458,Malaysia,5510,Production,t,2018,3369.2,A,Official value
458,Malaysia,5312,Area harvested,ha,2019,1576.0,A,Official value
458,Malaysia,5412,Yield,kg/ha,2019,2257.3,A,Official value
458,Malaysia,5510,Production,t,2019,3558.5,A,Official value
458,Malaysia,5312,Area harvested,ha,2020,1558.0,A,Official value
458,Malaysia,5412,Yield,kg/ha,2020,2721.8,A,Official value
458,Malaysia,5510,Production,t,2020,4241.08,A,Official value
458,Malaysia,5312,Area harvested,ha,2021,2283.0,A,Official value
458,Malaysia,5412,Yield,kg/ha,2021,1817.7,A,Official value
458,Malaysia,5510,Production,t,2021,4150.55,A,Official value
458,Malaysia,5312,Area harvested,ha,2022,1451.0,A,Official value
458,Malaysia,5412,Yield,kg/ha,2022,2653.4,A,Official value
458,Malaysia,5510,Production,t,2022,3849.58,A,Official value
458,Malaysia,5312,Area harvested,ha,2023,1346.0,A,Official value
458,Malaysia,5412,Yield,kg/ha,2023,2904.0,A,Official value
458,Malaysia,5510,Production,t,2023,3910.09,A,Official value
458,Malaysia,5312,Area harvested,ha,2024,1381.0,A,Official value
458,Malaysia,5412,Yield,kg/ha,2024,2072.5,A,Official value
458,Malaysia,5510,Production,t,2024,2861.29,A,Official value
474,Martinique,5312,Area harvested,ha,1976,0.0,A,Official value
474,Martinique,5510,Production,t,1976,0.0,A,Official value
474,Martinique,5312,Area harvested,ha,1977,0.0,A,Official value
474,Martinique,5510,Production,t,1977,0.0,A,Official value
474,Martinique,5312,Area harvested,ha,1978,0.0,A,Official value
474,Martinique,5510,Production,t,1978,0.0,A,Official value
474,Martinique,5312,Area harvested,ha,1979,0.0,A,Official value
474,Martinique,5510,Production,t,1979,0.0,A,Official value
474,Martinique,5312,Area harvested,ha,1980,0.0,A,Official value
474,Martinique,5510,Production,t,1980,0.0,A,Official value
474,Martinique,5312,Area harvested,ha,1981,0.0,A,Official value
474,Martinique,5510,Production,t,1981,0.0,A,Official value
474,Martinique,5312,Area harvested,ha,1982,0.0,A,Official value
474,Martinique,5510,Production,t,1982,0.0,A,Official value
474,Martinique,5312,Area harvested,ha,1983,0.0,A,Official value
474,Martinique,5510,Production,t,1983,0.0,A,Official value
474,Martinique,5312,Area harvested,ha,1984,0.0,A,Official value
474,Martinique,5510,Production,t,1984,0.0,A,Official value
474,Martinique,5312,Area harvested,ha,1985,0.0,A,Official value
474,Martinique,5510,Production,t,1985,0.0,A,Official value
474,Martinique,5312,Area harvested,ha,1986,0.0,A,Official value
474,Martinique,5510,Production,t,1986,0.0,A,Official value
474,Martinique,5312,Area harvested,ha,1987,0.0,A,Official value
474,Martinique,5510,Production,t,1987,0.0,A,Official value
474,Martinique,5312,Area harvested,ha,1988,0.0,A,Official value
474,Martinique,5510,Production,t,1988,0.0,A,Official value
474,Martinique,5312,Area harvested,ha,1989,0.0,A,Official value
474,Martinique,5510,Production,t,1989,0.0,A,Official value
474,Martinique,5312,Area harvested,ha,1990,0.0,A,Official value
474,Martinique,5510,Production,t,1990,0.0,A,Official value
474,Martinique,5510,Production,t,1991,75.0,A,Official value
474,Martinique,5510,Production,t,1992,75.0,A,Official value
474,Martinique,5510,Production,t,1995,35.0,A,Official value
480,Mauritius,5312,Area harvested,ha,1961,0.0,A,Official value
480,Mauritius,5510,Production,t,1961,0.0,A,Official value
480,Mauritius,5312,Area harvested,ha,1962,0.0,A,Official value
480,Mauritius,5510,Production,t,1962,0.0,A,Official value
480,Mauritius,5312,Area harvested,ha,1963,0.0,A,Official value
480,Mauritius,5510,Production,t,1963,0.0,A,Official value
480,Mauritius,5312,Area harvested,ha,1964,0.0,A,Official value
480,Mauritius,5510,Production,t,1964,0.0,A,Official value
480,Mauritius,5312,Area harvested,ha,1965,0.0,A,Official value
480,Mauritius,5510,Production,t,1965,0.0,A,Official value
480,Mauritius,5312,Area harvested,ha,1966,0.0,A,Official value
480,Mauritius,5510,Production,t,1966,0.0,A,Official value
480,Mauritius,5312,Area harvested,ha,1967,0.0,A,Official value
480,Mauritius,5510,Production,t,1967,0.0,A,Official value
480,Mauritius,5312,Area harvested,ha,1968,0.0,A,Official value
480,Mauritius,5510,Production,t,1968,0.0,A,Official value
480,Mauritius,5312,Area harvested,ha,1969,0.0,A,Official value
480,Mauritius,5510,Production,t,1969,0.0,A,Official value
480,Mauritius,5312,Area harvested,ha,1970,0.0,A,Official value
480,Mauritius,5510,Production,t,1970,0.0,A,Official value
480,Mauritius,5312,Area harvested,ha,1971,0.0,A,Official value
480,Mauritius,5510,Production,t,1971,0.0,A,Official value
480,Mauritius,5312,Area harvested,ha,1972,0.0,A,Official value
480,Mauritius,5510,Production,t,1972,0.0,A,Official value
480,Mauritius,5312,Area harvested,ha,1973,0.0,A,Official value
480,Mauritius,5510,Production,t,1973,0.0,A,Official value
480,Mauritius,5312,Area harvested,ha,1974,0.0,A,Official value
480,Mauritius,5510,Production,t,1974,0.0,A,Official value
480,Mauritius,5312,Area harvested,ha,1975,0.0,A,Official value
480,Mauritius,5510,Production,t,1975,0.0,A,Official value
480,Mauritius,5312,Area harvested,ha,1976,0.0,A,Official value
480,Mauritius,5510,Production,t,1976,0.0,A,Official value
480,Mauritius,5312,Area harvested,ha,1977,0.0,A,Official value
480,Mauritius,5510,Production,t,1977,0.0,A,Official value
480,Mauritius,5312,Area harvested,ha,1978,0.0,A,Official value
480,Mauritius,5510,Production,t,1978,0.0,A,Official value
480,Mauritius,5312,Area harvested,ha,1979,0.0,A,Official value
480,Mauritius,5510,Production,t,1979,0.0,A,Official value
480,Mauritius,5312,Area harvested,ha,1980,0.0,A,Official value
480,Mauritius,5510,Production,t,1980,0.0,A,Official value
480,Mauritius,5312,Area harvested,ha,1981,0.0,A,Official value
480,Mauritius,5510,Production,t,1981,0.0,A,Official value
480,Mauritius,5312,Area harvested,ha,1982,0.0,A,Official value
480,Mauritius,5510,Production,t,1982,0.0,A,Official value
480,Mauritius,5312,Area harvested,ha,1983,0.0,A,Official value
480,Mauritius,5510,Production,t,1983,0.0,A,Official value
480,Mauritius,5312,Area harvested,ha,1984,0.0,A,Official value
480,Mauritius,5510,Production,t,1984,0.0,A,Official value
480,Mauritius,5312,Area harvested,ha,1985,0.0,A,Official value
480,Mauritius,5510,Production,t,1985,0.0,A,Official value
480,Mauritius,5312,Area harvested,ha,1986,0.0,A,Official value
480,Mauritius,5510,Production,t,1986,0.0,A,Official value
480,Mauritius,5312,Area harvested,ha,1987,3.0,A,Official value
480,Mauritius,5412,Yield,kg/ha,1987,13333.3,A,Official value
480,Mauritius,5510,Production,t,1987,40.0,A,Official value
480,Mauritius,5312,Area harvested,ha,1988,3.0,A,Official value
480,Mauritius,5412,Yield,kg/ha,1988,13333.3,A,Official value
480,Mauritius,5510,Production,t,1988,40.0,A,Official value
480,Mauritius,5312,Area harvested,ha,1989,4.0,A,Official value
480,Mauritius,5412,Yield,kg/ha,1989,12500.0,A,Official value
480,Mauritius,5510,Production,t,1989,50.0,A,Official value
480,Mauritius,5312,Area harvested,ha,1991,0.0,A,Official value
480,Mauritius,5510,Production,t,1991,0.0,A,Official value
480,Mauritius,5312,Area harvested,ha,1992,0.0,A,Official value
480,Mauritius,5510,Production,t,1992,0.0,A,Official value
484,Mexico,5312,Area harvested,ha,1961,307320.0,A,Official value
484,Mexico,5412,Yield,kg/ha,1961,412.0,A,Official value
484,Mexico,5510,Production,t,1961,126616.0,A,Official value
484,Mexico,5312,Area harvested,ha,1962,314446.0,A,Official value
484,Mexico,5412,Yield,kg/ha,1962,444.6,A,Official value
484,Mexico,5510,Production,t,1962,139794.0,A,Official value
484,Mexico,5312,Area harvested,ha,1963,322819.0,A,Official value
484,Mexico,5412,Yield,kg/ha,1963,424.6,A,Official value
484,Mexico,5510,Production,t,1963,137069.0,A,Official value
484,Mexico,5312,Area harvested,ha,1964,349454.0,A,Official value
484,Mexico,5412,Yield,kg/ha,1964,447.8,A,Official value
484,Mexico,5510,Production,t,1964,156477.0,A,Official value
484,Mexico,5312,Area harvested,ha,1965,350059.0,A,Official value
484,Mexico,5412,Yield,kg/ha,1965,463.2,A,Official value
484,Mexico,5510,Production,t,1965,162149.0,A,Official value
484,Mexico,5312,Area harvested,ha,1966,353978.0,A,Official value
484,Mexico,5412,Yield,kg/ha,1966,517.0,A,Official value
484,Mexico,5510,Production,t,1966,183005.0,A,Official value
484,Mexico,5312,Area harvested,ha,1967,387655.0,A,Official value
484,Mexico,5412,Yield,kg/ha,1967,579.1,A,Official value
484,Mexico,5510,Production,t,1967,224505.0,A,Official value
484,Mexico,5312,Area harvested,ha,1968,383518.0,A,Official value
484,Mexico,5412,Yield,kg/ha,1968,554.5,A,Official value
484,Mexico,5510,Production,t,1968,212656.0,A,Official value
484,Mexico,5312,Area harvested,ha,1969,307984.0,A,Official value
484,Mexico,5412,Yield,kg/ha,1969,560.9,A,Official value
484,Mexico,5510,Production,t,1969,172734.0,A,Official value
484,Mexico,5312,Area harvested,ha,1970,328573.0,A,Official value
484,Mexico,5412,Yield,kg/ha,1970,563.9,A,Official value
484,Mexico,5510,Production,t,1970,185293.0,A,Official value
484,Mexico,5312,Area harvested,ha,1971,380597.0,A,Official value
484,Mexico,5412,Yield,kg/ha,1971,492.6,A,Official value
484,Mexico,5510,Production,t,1971,187495.0,A,Official value
484,Mexico,5312,Area harvested,ha,1972,373914.0,A,Official value
484,Mexico,5412,Yield,kg/ha,1972,544.1,A,Official value
484,Mexico,5510,Production,t,1972,203462.0,A,Official value
484,Mexico,5312,Area harvested,ha,1973,378563.0,A,Official value
484,Mexico,5412,Yield,kg/ha,1973,585.7,A,Official value
484,Mexico,5510,Production,t,1973,221718.0,A,Official value
484,Mexico,5312,Area harvested,ha,1974,373446.0,A,Official value
484,Mexico,5412,Yield,kg/ha,1974,591.2,A,Official value
484,Mexico,5510,Production,t,1974,220767.0,A,Official value
484,Mexico,5312,Area harvested,ha,1975,373554.0,A,Official value
484,Mexico,5412,Yield,kg/ha,1975,611.1,A,Official value
484,Mexico,5510,Production,t,1975,228264.0,A,Official value
484,Mexico,5312,Area harvested,ha,1976,370278.0,A,Official value
484,Mexico,5412,Yield,kg/ha,1976,573.1,A,Official value
484,Mexico,5510,Production,t,1976,212200.0,A,Official value
484,Mexico,5312,Area harvested,ha,1977,389428.0,A,Official value
484,Mexico,5412,Yield,kg/ha,1977,467.4,A,Official value
484,Mexico,5510,Production,t,1977,182010.0,A,Official value
484,Mexico,5312,Area harvested,ha,1978,393431.0,A,Official value
484,Mexico,5412,Yield,kg/ha,1978,614.1,A,Official value
484,Mexico,5510,Production,t,1978,241602.0,A,Official value
484,Mexico,5312,Area harvested,ha,1979,403866.0,A,Official value
484,Mexico,5412,Yield,kg/ha,1979,545.2,A,Official value
484,Mexico,5510,Production,t,1979,220191.0,A,Official value
484,Mexico,5312,Area harvested,ha,1980,475595.0,A,Official value
484,Mexico,5412,Yield,kg/ha,1980,462.7,A,Official value
484,Mexico,5510,Production,t,1980,220040.0,A,Official value
484,Mexico,5312,Area harvested,ha,1981,497182.0,A,Official value
484,Mexico,5412,Yield,kg/ha,1981,528.8,A,Official value
484,Mexico,5510,Production,t,1981,262904.0,A,Official value
484,Mexico,5312,Area harvested,ha,1982,528237.0,A,Official value
484,Mexico,5412,Yield,kg/ha,1982,476.6,A,Official value
484,Mexico,5510,Production,t,1982,251768.0,A,Official value
484,Mexico,5312,Area harvested,ha,1983,556469.0,A,Official value
484,Mexico,5412,Yield,kg/ha,1983,553.4,A,Official value
484,Mexico,5510,Production,t,1983,307948.0,A,Official value
484,Mexico,5312,Area harvested,ha,1984,515557.0,A,Official value
484,Mexico,5412,Yield,kg/ha,1984,465.3,A,Official value
484,Mexico,5510,Production,t,1984,239870.0,A,Official value
484,Mexico,5312,Area harvested,ha,1985,510848.0,A,Official value
484,Mexico,5412,Yield,kg/ha,1985,509.3,A,Official value
484,Mexico,5510,Production,t,1985,260197.0,A,Official value
484,Mexico,5312,Area harvested,ha,1986,638998.0,A,Official value
484,Mexico,5412,Yield,kg/ha,1986,586.6,A,Official value
484,Mexico,5510,Production,t,1986,374828.0,A,Official value
484,Mexico,5312,Area harvested,ha,1987,629553.0,A,Official value
484,Mexico,5312,Area harvested,ha,1988,698462.0,A,Official value
484,Mexico,5412,Yield,kg/ha,1988,605.6,A,Official value
484,Mexico,5510,Production,t,1988,423000.0,A,Official value
484,Mexico,5312,Area harvested,ha,1989,678075.0,A,Official value
484,Mexico,5412,Yield,kg/ha,1989,506.5,A,Official value
484,Mexico,5510,Production,t,1989,343440.0,A,Official value
484,Mexico,5312,Area harvested,ha,1990,587235.0,A,Official value
484,Mexico,5412,Yield,kg/ha,1990,749.3,A,Official value
484,Mexico,5510,Production,t,1990,440000.0,A,Official value
484,Mexico,5312,Area harvested,ha,1991,643264.0,A,Official value
484,Mexico,5412,Yield,kg/ha,1991,519.7,A,Official value
484,Mexico,5510,Production,t,1991,334330.0,A,Official value
484,Mexico,5312,Area harvested,ha,1992,686222.0,A,Official value
484,Mexico,5412,Yield,kg/ha,1992,524.1,A,Official value
484,Mexico,5510,Production,t,1992,359665.0,A,Official value
484,Mexico,5312,Area harvested,ha,1993,697839.0,A,Official value
484,Mexico,5412,Yield,kg/ha,1993,481.0,A,Official value
484,Mexico,5510,Production,t,1993,335627.0,A,Official value
484,Mexico,5312,Area harvested,ha,1994,741311.0,A,Official value
484,Mexico,5412,Yield,kg/ha,1994,437.7,A,Official value
484,Mexico,5510,Production,t,1994,324500.0,A,Official value
484,Mexico,5312,Area harvested,ha,1995,724974.0,A,Official value
484,Mexico,5412,Yield,kg/ha,1995,447.6,A,Official value
484,Mexico,5510,Production,t,1995,324526.0,A,Official value
484,Mexico,5312,Area harvested,ha,1996,745386.0,A,Official value
484,Mexico,5412,Yield,kg/ha,1996,502.0,A,Official value
484,Mexico,5510,Production,t,1996,374153.0,A,Official value
484,Mexico,5312,Area harvested,ha,1997,690246.0,A,Official value
484,Mexico,5412,Yield,kg/ha,1997,533.6,A,Official value
484,Mexico,5510,Production,t,1997,368315.0,A,Official value
484,Mexico,5312,Area harvested,ha,1998,679156.0,A,Official value
484,Mexico,5412,Yield,kg/ha,1998,408.4,A,Official value
484,Mexico,5510,Production,t,1998,277372.0,A,Official value
484,Mexico,5312,Area harvested,ha,1999,722818.0,A,Official value
484,Mexico,5412,Yield,kg/ha,1999,418.0,A,Official value
484,Mexico,5510,Production,t,1999,302119.0,A,Official value
484,Mexico,5312,Area harvested,ha,2000,701326.0,A,Official value
484,Mexico,5412,Yield,kg/ha,2000,482.2,A,Official value
484,Mexico,5510,Production,t,2000,338170.0,A,Official value
484,Mexico,5312,Area harvested,ha,2001,747416.0,A,Official value
484,Mexico,5412,Yield,kg/ha,2001,405.4,A,Official value
484,Mexico,5510,Production,t,2001,302996.0,A,Official value
484,Mexico,5312,Area harvested,ha,2002,724558.0,A,Official value
484,Mexico,5412,Yield,kg/ha,2002,432.0,A,Official value
484,Mexico,5510,Production,t,2002,313027.0,A,Official value
484,Mexico,5312,Area harvested,ha,2003,742837.0,A,Official value
484,Mexico,5412,Yield,kg/ha,2003,418.5,A,Official value
484,Mexico,5510,Production,t,2003,310861.0,A,Official value
484,Mexico,5312,Area harvested,ha,2004,760581.0,A,Official value
484,Mexico,5412,Yield,kg/ha,2004,410.8,A,Official value
484,Mexico,5510,Production,t,2004,312413.0,A,Official value
484,Mexico,5312,Area harvested,ha,2005,762261.0,A,Official value
484,Mexico,5412,Yield,kg/ha,2005,386.2,A,Official value
484,Mexico,5510,Production,t,2005,294364.0,A,Official value
484,Mexico,5312,Area harvested,ha,2006,763418.0,A,Official value
484,Mexico,5412,Yield,kg/ha,2006,366.3,A,Official value
484,Mexico,5510,Production,t,2006,279635.0,A,Official value
484,Mexico,5312,Area harvested,ha,2007,772036.0,A,Official value
484,Mexico,5412,Yield,kg/ha,2007,347.9,A,Official value
484,Mexico,5510,Production,t,2007,268565.0,A,Official value
484,Mexico,5312,Area harvested,ha,2008,766984.0,A,Official value
484,Mexico,5412,Yield,kg/ha,2008,339.6,A,Official value
484,Mexico,5510,Production,t,2008,260442.0,A,Official value
484,Mexico,5312,Area harvested,ha,2009,765697.0,A,Official value
484,Mexico,5412,Yield,kg/ha,2009,345.4,A,Official value
484,Mexico,5510,Production,t,2009,264472.0,A,Official value
484,Mexico,5312,Area harvested,ha,2010,741410.0,A,Official value
484,Mexico,5412,Yield,kg/ha,2010,330.8,A,Official value
484,Mexico,5510,Production,t,2010,245271.0,A,Official value
484,Mexico,5312,Area harvested,ha,2011,688208.0,A,Official value
484,Mexico,5412,Yield,kg/ha,2011,344.5,A,Official value
484,Mexico,5510,Production,t,2011,237056.0,A,Official value
484,Mexico,5312,Area harvested,ha,2012,695350.0,A,Official value
484,Mexico,5412,Yield,kg/ha,2012,354.0,A,Official value
484,Mexico,5510,Production,t,2012,246121.0,A,Official value
484,Mexico,5312,Area harvested,ha,2013,700117.0,A,Official value
484,Mexico,5412,Yield,kg/ha,2013,330.8,A,Official value
484,Mexico,5510,Production,t,2013,231596.0,A,Official value
484,Mexico,5312,Area harvested,ha,2014,699307.0,A,Official value
484,Mexico,5412,Yield,kg/ha,2014,307.0,A,Official value
484,Mexico,5510,Production,t,2014,214667.0,A,Official value
484,Mexico,5312,Area harvested,ha,2015,664885.0,A,Official value
484,Mexico,5412,Yield,kg/ha,2015,284.2,A,Official value
484,Mexico,5510,Production,t,2015,188934.0,A,Official value
484,Mexico,5312,Area harvested,ha,2016,645638.0,A,Official value
484,Mexico,5412,Yield,kg/ha,2016,235.0,A,Official value
484,Mexico,5510,Production,t,2016,151714.0,A,Official value
484,Mexico,5312,Area harvested,ha,2017,638603.0,A,Official value
484,Mexico,5412,Yield,kg/ha,2017,240.8,A,Official value
484,Mexico,5510,Production,t,2017,153777.4,A,Official value
484,Mexico,5312,Area harvested,ha,2018,629799.0,A,Official value
484,Mexico,5412,Yield,kg/ha,2018,251.4,A,Official value
484,Mexico,5510,Production,t,2018,158307.99,A,Official value
484,Mexico,5312,Area harvested,ha,2019,629300.0,A,Official value
484,Mexico,5412,Yield,kg/ha,2019,263.3,A,Official value
484,Mexico,5510,Production,t,2019,165712.27,A,Official value
484,Mexico,5312,Area harvested,ha,2020,636004.0,A,Official value
484,Mexico,5412,Yield,kg/ha,2020,276.0,A,Official value
484,Mexico,5510,Production,t,2020,175554.62,A,Official value
484,Mexico,5312,Area harvested,ha,2021,641799.0,A,Official value
484,Mexico,5412,Yield,kg/ha,2021,271.6,A,Official value
484,Mexico,5510,Production,t,2021,174341.4,A,Official value
484,Mexico,5312,Area harvested,ha,2022,648487.0,A,Official value
484,Mexico,5312,Area harvested,ha,2023,654693.0,A,Official value
484,Mexico,5312,Area harvested,ha,2024,659699.0,A,Official value
104,Myanmar,5312,Area harvested,ha,1961,299.0,A,Official value
104,Myanmar,5312,Area harvested,ha,1962,1301.0,A,Official value
104,Myanmar,5412,Yield,kg/ha,1962,729.4,A,Official value
104,Myanmar,5510,Production,t,1962,949.0,A,Official value
104,Myanmar,5312,Area harvested,ha,1963,2495.0,A,Official value
104,Myanmar,5412,Yield,kg/ha,1963,676.6,A,Official value
104,Myanmar,5510,Production,t,1963,1688.0,A,Official value
104,Myanmar,5312,Area harvested,ha,1964,3369.0,A,Official value
104,Myanmar,5412,Yield,kg/ha,1964,344.9,A,Official value
104,Myanmar,5510,Production,t,1964,1162.0,A,Official value
104,Myanmar,5312,Area harvested,ha,1965,2779.0,A,Official value
104,Myanmar,5412,Yield,kg/ha,1965,552.0,A,Official value
104,Myanmar,5510,Production,t,1965,1534.0,A,Official value
104,Myanmar,5312,Area harvested,ha,1966,2949.0,A,Official value
104,Myanmar,5412,Yield,kg/ha,1966,438.1,A,Official value
104,Myanmar,5510,Production,t,1966,1292.0,A,Official value
104,Myanmar,5312,Area harvested,ha,1967,2956.0,A,Official value
104,Myanmar,5412,Yield,kg/ha,1967,509.5,A,Official value
104,Myanmar,5510,Production,t,1967,1506.0,A,Official value
104,Myanmar,5312,Area harvested,ha,1968,2834.0,A,Official value
104,Myanmar,5412,Yield,kg/ha,1968,496.1,A,Official value
104,Myanmar,5510,Production,t,1968,1406.0,A,Official value
104,Myanmar,5312,Area harvested,ha,1969,2705.0,A,Official value
104,Myanmar,5412,Yield,kg/ha,1969,447.3,A,Official value
104,Myanmar,5510,Production,t,1969,1210.0,A,Official value
104,Myanmar,5312,Area harvested,ha,1970,2428.0,A,Official value
104,Myanmar,5412,Yield,kg/ha,1970,418.5,A,Official value
104,Myanmar,5510,Production,t,1970,1016.0,A,Official value
104,Myanmar,5312,Area harvested,ha,1971,2151.0,A,Official value
104,Myanmar,5412,Yield,kg/ha,1971,426.3,A,Official value
104,Myanmar,5510,Production,t,1971,917.0,A,Official value
104,Myanmar,5312,Area harvested,ha,1972,2217.0,A,Official value
104,Myanmar,5412,Yield,kg/ha,1972,431.7,A,Official value
104,Myanmar,5510,Production,t,1972,957.0,A,Official value
104,Myanmar,5312,Area harvested,ha,1973,2332.0,A,Official value
104,Myanmar,5412,Yield,kg/ha,1973,440.0,A,Official value
104,Myanmar,5510,Production,t,1973,1026.0,A,Official value
104,Myanmar,5312,Area harvested,ha,1974,2193.0,A,Official value
104,Myanmar,5412,Yield,kg/ha,1974,435.9,A,Official value
104,Myanmar,5510,Production,t,1974,956.0,A,Official value
104,Myanmar,5312,Area harvested,ha,1975,2418.0,A,Official value
104,Myanmar,5412,Yield,kg/ha,1975,423.5,A,Official value
104,Myanmar,5510,Production,t,1975,1024.0,A,Official value
104,Myanmar,5312,Area harvested,ha,1976,2424.0,A,Official value
104,Myanmar,5412,Yield,kg/ha,1976,380.8,A,Official value
104,Myanmar,5510,Production,t,1976,923.0,A,Official value
104,Myanmar,5312,Area harvested,ha,1977,2478.0,A,Official value
104,Myanmar,5412,Yield,kg/ha,1977,379.3,A,Official value
104,Myanmar,5510,Production,t,1977,940.0,A,Official value
104,Myanmar,5312,Area harvested,ha,1978,2379.0,A,Official value
104,Myanmar,5412,Yield,kg/ha,1978,453.6,A,Official value
104,Myanmar,5510,Production,t,1978,1079.0,A,Official value
104,Myanmar,5312,Area harvested,ha,1979,2442.0,A,Official value
104,Myanmar,5412,Yield,kg/ha,1979,416.5,A,Official value
104,Myanmar,5510,Production,t,1979,1017.0,A,Official value
104,Myanmar,5312,Area harvested,ha,1980,2431.0,A,Official value
104,Myanmar,5412,Yield,kg/ha,1980,458.2,A,Official value
104,Myanmar,5510,Production,t,1980,1114.0,A,Official value
104,Myanmar,5312,Area harvested,ha,1981,2488.0,A,Official value
104,Myanmar,5412,Yield,kg/ha,1981,419.6,A,Official value
104,Myanmar,5510,Production,t,1981,1044.0,A,Official value
104,Myanmar,5312,Area harvested,ha,1982,2595.0,A,Official value
104,Myanmar,5412,Yield,kg/ha,1982,449.7,A,Official value
104,Myanmar,5510,Production,t,1982,1167.0,A,Official value
104,Myanmar,5312,Area harvested,ha,1983,2707.0,A,Official value
104,Myanmar,5412,Yield,kg/ha,1983,441.4,A,Official value
104,Myanmar,5510,Production,t,1983,1195.0,A,Official value
104,Myanmar,5312,Area harvested,ha,1984,2756.0,A,Official value
104,Myanmar,5412,Yield,kg/ha,1984,441.6,A,Official value
104,Myanmar,5510,Production,t,1984,1217.0,A,Official value
104,Myanmar,5312,Area harvested,ha,1985,2801.0,A,Official value
104,Myanmar,5412,Yield,kg/ha,1985,447.3,A,Official value
104,Myanmar,5510,Production,t,1985,1253.0,A,Official value
104,Myanmar,5312,Area harvested,ha,1986,3030.0,A,Official value
104,Myanmar,5412,Yield,kg/ha,1986,466.7,A,Official value
104,Myanmar,5510,Production,t,1986,1414.0,A,Official value
104,Myanmar,5312,Area harvested,ha,1987,3002.0,A,Official value
104,Myanmar,5412,Yield,kg/ha,1987,495.7,A,Official value
104,Myanmar,5510,Production,t,1987,1488.0,A,Official value
104,Myanmar,5312,Area harvested,ha,1988,3317.0,A,Official value
104,Myanmar,5412,Yield,kg/ha,1988,452.5,A,Official value
104,Myanmar,5510,Production,t,1988,1501.0,A,Official value
104,Myanmar,5312,Area harvested,ha,1989,3354.0,A,Official value
104,Myanmar,5412,Yield,kg/ha,1989,468.4,A,Official value
104,Myanmar,5510,Production,t,1989,1571.0,A,Official value
104,Myanmar,5312,Area harvested,ha,1990,3346.0,A,Official value
104,Myanmar,5412,Yield,kg/ha,1990,411.8,A,Official value
104,Myanmar,5510,Production,t,1990,1378.0,A,Official value
104,Myanmar,5312,Area harvested,ha,1991,3237.0,A,Official value
104,Myanmar,5412,Yield,kg/ha,1991,401.5,A,Official value
104,Myanmar,5510,Production,t,1991,1300.0,A,Official value
104,Myanmar,5312,Area harvested,ha,1992,3237.0,A,Official value
104,Myanmar,5412,Yield,kg/ha,1992,370.7,A,Official value
104,Myanmar,5510,Production,t,1992,1200.0,A,Official value
104,Myanmar,5312,Area harvested,ha,1993,3642.0,A,Official value
104,Myanmar,5412,Yield,kg/ha,1993,384.4,A,Official value
104,Myanmar,5510,Production,t,1993,1400.0,A,Official value
104,Myanmar,5312,Area harvested,ha,1994,3642.0,A,Official value
104,Myanmar,5412,Yield,kg/ha,1994,411.8,A,Official value
104,Myanmar,5510,Production,t,1994,1500.0,A,Official value
104,Myanmar,5312,Area harvested,ha,1995,3642.0,A,Official value
104,Myanmar,5412,Yield,kg/ha,1995,411.8,A,Official value
104,Myanmar,5510,Production,t,1995,1500.0,A,Official value
104,Myanmar,5312,Area harvested,ha,1996,4047.0,A,Official value
104,Myanmar,5412,Yield,kg/ha,1996,420.1,A,Official value
104,Myanmar,5510,Production,t,1996,1700.0,A,Official value
104,Myanmar,5312,Area harvested,ha,1997,4047.0,A,Official value
104,Myanmar,5412,Yield,kg/ha,1997,469.5,A,Official value
104,Myanmar,5510,Production,t,1997,1900.0,A,Official value
104,Myanmar,5312,Area harvested,ha,1998,4047.0,A,Official value
104,Myanmar,5412,Yield,kg/ha,1998,420.1,A,Official value
104,Myanmar,5510,Production,t,1998,1700.0,A,Official value
104,Myanmar,5312,Area harvested,ha,1999,4047.0,A,Official value
104,Myanmar,5412,Yield,kg/ha,1999,444.8,A,Official value
104,Myanmar,5510,Production,t,1999,1800.0,A,Official value
104,Myanmar,5312,Area harvested,ha,2000,4452.0,A,Official value
104,Myanmar,5412,Yield,kg/ha,2000,471.7,A,Official value
104,Myanmar,5510,Production,t,2000,2100.0,A,Official value
104,Myanmar,5312,Area harvested,ha,2001,4856.0,A,Official value
104,Myanmar,5412,Yield,kg/ha,2001,473.6,A,Official value
104,Myanmar,5510,Production,t,2001,2300.0,A,Official value
104,Myanmar,5312,Area harvested,ha,2002,4856.0,A,Official value
104,Myanmar,5412,Yield,kg/ha,2002,556.0,A,Official value
104,Myanmar,5510,Production,t,2002,2700.0,A,Official value
104,Myanmar,5312,Area harvested,ha,2003,5666.0,A,Official value
104,Myanmar,5412,Yield,kg/ha,2003,522.5,A,Official value
104,Myanmar,5510,Production,t,2003,2960.0,A,Official value
104,Myanmar,5312,Area harvested,ha,2004,6475.0,A,Official value
104,Myanmar,5412,Yield,kg/ha,2004,540.5,A,Official value
104,Myanmar,5510,Production,t,2004,3500.0,A,Official value
104,Myanmar,5312,Area harvested,ha,2005,7284.0,A,Official value
104,Myanmar,5412,Yield,kg/ha,2005,549.1,A,Official value
104,Myanmar,5510,Production,t,2005,4000.0,A,Official value
104,Myanmar,5312,Area harvested,ha,2006,8498.0,A,Official value
104,Myanmar,5412,Yield,kg/ha,2006,564.8,A,Official value
104,Myanmar,5510,Production,t,2006,4800.0,A,Official value
104,Myanmar,5312,Area harvested,ha,2007,9308.0,A,Official value
104,Myanmar,5412,Yield,kg/ha,2007,633.9,A,Official value
104,Myanmar,5510,Production,t,2007,5900.0,A,Official value
104,Myanmar,5312,Area harvested,ha,2008,9712.0,A,Official value
104,Myanmar,5412,Yield,kg/ha,2008,648.7,A,Official value
104,Myanmar,5510,Production,t,2008,6300.0,A,Official value
104,Myanmar,5312,Area harvested,ha,2009,10522.0,A,Official value
104,Myanmar,5412,Yield,kg/ha,2009,665.3,A,Official value
104,Myanmar,5510,Production,t,2009,7000.0,A,Official value
104,Myanmar,5312,Area harvested,ha,2010,10927.0,A,Official value
104,Myanmar,5412,Yield,kg/ha,2010,668.1,A,Official value
104,Myanmar,5510,Production,t,2010,7300.0,A,Official value
104,Myanmar,5312,Area harvested,ha,2011,10927.0,A,Official value
104,Myanmar,5412,Yield,kg/ha,2011,695.6,A,Official value
104,Myanmar,5510,Production,t,2011,7600.0,A,Official value
104,Myanmar,5312,Area harvested,ha,2012,11736.0,A,Official value
104,Myanmar,5412,Yield,kg/ha,2012,681.7,A,Official value
104,Myanmar,5510,Production,t,2012,8000.0,A,Official value
104,Myanmar,5312,Area harvested,ha,2013,11736.0,A,Official value
104,Myanmar,5412,Yield,kg/ha,2013,690.2,A,Official value
104,Myanmar,5510,Production,t,2013,8100.0,A,Official value
104,Myanmar,5312,Area harvested,ha,2014,11736.0,A,Official value
104,Myanmar,5412,Yield,kg/ha,2014,715.8,A,Official value
104,Myanmar,5510,Production,t,2014,8400.0,A,Official value
104,Myanmar,5312,Area harvested,ha,2015,11736.0,A,Official value
104,Myanmar,5412,Yield,kg/ha,2015,707.2,A,Official value
104,Myanmar,5510,Production,t,2015,8300.0,A,Official value
104,Myanmar,5312,Area harvested,ha,2016,12239.0,A,Official value
104,Myanmar,5412,Yield,kg/ha,2016,692.4,A,Official value
104,Myanmar,5510,Production,t,2016,8474.0,A,Official value
104,Myanmar,5312,Area harvested,ha,2017,12394.0,A,Official value
104,Myanmar,5412,Yield,kg/ha,2017,689.6,A,Official value
104,Myanmar,5510,Production,t,2017,8547.0,A,Official value
104,Myanmar,5312,Area harvested,ha,2018,12597.0,A,Official value
104,Myanmar,5412,Yield,kg/ha,2018,688.9,A,Official value
104,Myanmar,5510,Production,t,2018,8677.84,A,Official value
104,Myanmar,5312,Area harvested,ha,2019,12772.0,A,Official value
104,Myanmar,5412,Yield,kg/ha,2019,686.6,A,Official value
104,Myanmar,5510,Production,t,2019,8769.0,A,Official value
104,Myanmar,5312,Area harvested,ha,2020,12935.0,A,Official value
104,Myanmar,5412,Yield,kg/ha,2020,688.7,A,Official value
104,Myanmar,5510,Production,t,2020,8908.0,A,Official value
104,Myanmar,5312,Area harvested,ha,2021,12900.0,A,Official value
104,Myanmar,5412,Yield,kg/ha,2021,690.5,A,Official value
104,Myanmar,5510,Production,t,2021,8908.0,A,Official value
104,Myanmar,5312,Area harvested,ha,2022,12203.0,A,Official value
104,Myanmar,5412,Yield,kg/ha,2022,701.2,A,Official value
104,Myanmar,5510,Production,t,2022,8557.0,A,Official value
524,Nepal,5312,Area harvested,ha,1996,220.0,A,Official value
524,Nepal,5412,Yield,kg/ha,1996,131.8,A,Official value
524,Nepal,5510,Production,t,1996,29.0,A,Official value
524,Nepal,5312,Area harvested,ha,1997,260.0,A,Official value
524,Nepal,5412,Yield,kg/ha,1997,142.3,A,Official value
524,Nepal,5510,Production,t,1997,37.0,A,Official value
524,Nepal,5312,Area harvested,ha,1998,272.0,A,Official value
524,Nepal,5412,Yield,kg/ha,1998,205.9,A,Official value
524,Nepal,5510,Production,t,1998,56.0,A,Official value
524,Nepal,5312,Area harvested,ha,1999,277.0,A,Official value
524,Nepal,5412,Yield,kg/ha,1999,162.5,A,Official value
524,Nepal,5510,Production,t,1999,45.0,A,Official value
524,Nepal,5312,Area harvested,ha,2000,314.0,A,Official value
524,Nepal,5412,Yield,kg/ha,2000,229.3,A,Official value
524,Nepal,5510,Production,t,2000,72.0,A,Official value
524,Nepal,5312,Area harvested,ha,2001,424.0,A,Official value
524,Nepal,5412,Yield,kg/ha,2001,209.9,A,Official value
524,Nepal,5510,Production,t,2001,89.0,A,Official value
524,Nepal,5312,Area harvested,ha,2002,596.0,A,Official value
524,Nepal,5412,Yield,kg/ha,2002,233.2,A,Official value
524,Nepal,5510,Production,t,2002,139.0,A,Official value
524,Nepal,5312,Area harvested,ha,2003,764.0,A,Official value
524,Nepal,5412,Yield,kg/ha,2003,246.1,A,Official value
524,Nepal,5510,Production,t,2003,188.0,A,Official value
524,Nepal,5312,Area harvested,ha,2004,925.0,A,Official value
524,Nepal,5412,Yield,kg/ha,2004,235.7,A,Official value
524,Nepal,5510,Production,t,2004,218.0,A,Official value
524,Nepal,5312,Area harvested,ha,2005,1078.0,A,Official value
524,Nepal,5412,Yield,kg/ha,2005,231.9,A,Official value
524,Nepal,5510,Production,t,2005,250.0,A,Official value
524,Nepal,5312,Area harvested,ha,2006,1285.0,A,Official value
524,Nepal,5412,Yield,kg/ha,2006,233.5,A,Official value
524,Nepal,5510,Production,t,2006,300.0,A,Official value
524,Nepal,5312,Area harvested,ha,2007,1395.0,A,Official value
524,Nepal,5412,Yield,kg/ha,2007,329.7,A,Official value
524,Nepal,5510,Production,t,2007,460.0,A,Official value
524,Nepal,5312,Area harvested,ha,2008,1495.0,A,Official value
524,Nepal,5412,Yield,kg/ha,2008,334.4,A,Official value
524,Nepal,5510,Production,t,2008,500.0,A,Official value
524,Nepal,5312,Area harvested,ha,2009,1531.0,A,Official value
524,Nepal,5412,Yield,kg/ha,2009,175.0,A,Official value
524,Nepal,5510,Production,t,2009,268.0,A,Official value
524,Nepal,5312,Area harvested,ha,2010,1650.0,A,Official value
524,Nepal,5412,Yield,kg/ha,2010,186.1,A,Official value
524,Nepal,5510,Production,t,2010,307.0,A,Official value
524,Nepal,5312,Area harvested,ha,2011,1752.0,A,Official value
524,Nepal,5412,Yield,kg/ha,2011,229.5,A,Official value
524,Nepal,5510,Production,t,2011,402.0,A,Official value
524,Nepal,5312,Area harvested,ha,2012,1780.0,A,Official value
524,Nepal,5412,Yield,kg/ha,2012,238.8,A,Official value
524,Nepal,5510,Production,t,2012,425.0,A,Official value
524,Nepal,5312,Area harvested,ha,2013,1750.0,A,Official value
524,Nepal,5412,Yield,kg/ha,2013,209.1,A,Official value
524,Nepal,5510,Production,t,2013,366.0,A,Official value
524,Nepal,5312,Area harvested,ha,2014,1911.0,A,Official value
524,Nepal,5412,Yield,kg/ha,2014,225.0,A,Official value
524,Nepal,5510,Production,t,2014,430.0,A,Official value
524,Nepal,5312,Area harvested,ha,2015,2381.0,A,Official value
524,Nepal,5412,Yield,kg/ha,2015,194.7,A,Official value
524,Nepal,5510,Production,t,2015,463.58,A,Official value
524,Nepal,5312,Area harvested,ha,2016,2618.0,A,Official value
524,Nepal,5412,Yield,kg/ha,2016,203.2,A,Official value
524,Nepal,5510,Production,t,2016,532.0,A,Official value
524,Nepal,5312,Area harvested,ha,2017,2646.0,A,Official value
524,Nepal,5412,Yield,kg/ha,2017,176.1,A,Official value
524,Nepal,5510,Production,t,2017,466.0,A,Official value
524,Nepal,5312,Area harvested,ha,2018,2650.0,A,Official value
524,Nepal,5412,Yield,kg/ha,2018,193.6,A,Official value
524,Nepal,5510,Production,t,2018,513.0,A,Official value
524,Nepal,5312,Area harvested,ha,2019,2761.0,A,Official value
524,Nepal,5412,Yield,kg/ha,2019,192.0,A,Official value
524,Nepal,5510,Production,t,2019,530.0,A,Official value
524,Nepal,5312,Area harvested,ha,2020,2355.0,A,Official value
524,Nepal,5412,Yield,kg/ha,2020,126.1,A,Official value
524,Nepal,5510,Production,t,2020,297.0,A,Official value
524,Nepal,5312,Area harvested,ha,2021,2355.0,A,Official value
524,Nepal,5412,Yield,kg/ha,2021,133.8,A,Official value
524,Nepal,5510,Production,t,2021,315.0,A,Official value
524,Nepal,5312,Area harvested,ha,2022,3346.0,A,Official value
524,Nepal,5412,Yield,kg/ha,2022,106.1,A,Official value
524,Nepal,5510,Production,t,2022,355.0,A,Official value
524,Nepal,5312,Area harvested,ha,2023,3659.0,A,Official value
524,Nepal,5412,Yield,kg/ha,2023,107.8,A,Official value
524,Nepal,5510,Production,t,2023,394.4,A,Official value
524,Nepal,5312,Area harvested,ha,2024,4305.0,A,Official value
524,Nepal,5412,Yield,kg/ha,2024,116.4,A,Official value
524,Nepal,5510,Production,t,2024,501.3,A,Official value
540,New Caledonia,5312,Area harvested,ha,1961,6000.0,A,Official value
540,New Caledonia,5412,Yield,kg/ha,1961,375.0,A,Official value
540,New Caledonia,5510,Production,t,1961,2250.0,A,Official value
540,New Caledonia,5510,Production,t,1962,2125.0,A,Official value
540,New Caledonia,5510,Production,t,1963,2250.0,A,Official value
540,New Caledonia,5510,Production,t,1964,2437.0,A,Official value
540,New Caledonia,5510,Production,t,1965,2200.0,A,Official value
540,New Caledonia,5510,Production,t,1966,1770.0,A,Official value
540,New Caledonia,5510,Production,t,1967,1537.0,A,Official value
540,New Caledonia,5510,Production,t,1968,870.0,A,Official value
540,New Caledonia,5510,Production,t,1969,1620.0,A,Official value
540,New Caledonia,5510,Production,t,1970,780.0,A,Official value
540,New Caledonia,5510,Production,t,1971,1000.0,A,Official value
540,New Caledonia,5510,Production,t,1972,1100.0,A,Official value
540,New Caledonia,5510,Production,t,1973,1500.0,A,Official value
540,New Caledonia,5510,Production,t,1974,727.0,A,Official value
540,New Caledonia,5510,Production,t,1975,1500.0,A,Official value
540,New Caledonia,5510,Production,t,1976,1500.0,A,Official value
540,New Caledonia,5312,Area harvested,ha,1977,2800.0,A,Official value
540,New Caledonia,5412,Yield,kg/ha,1977,192.1,A,Official value
540,New Caledonia,5510,Production,t,1977,538.0,A,Official value
540,New Caledonia,5312,Area harvested,ha,1978,2800.0,A,Official value
540,New Caledonia,5412,Yield,kg/ha,1978,181.1,A,Official value
540,New Caledonia,5510,Production,t,1978,507.0,A,Official value
540,New Caledonia,5312,Area harvested,ha,1979,2800.0,A,Official value
540,New Caledonia,5412,Yield,kg/ha,1979,237.1,A,Official value
540,New Caledonia,5510,Production,t,1979,664.0,A,Official value
540,New Caledonia,5312,Area harvested,ha,1980,2800.0,A,Official value
540,New Caledonia,5412,Yield,kg/ha,1980,235.4,A,Official value
540,New Caledonia,5510,Production,t,1980,659.0,A,Official value
540,New Caledonia,5312,Area harvested,ha,1981,2800.0,A,Official value
540,New Caledonia,5412,Yield,kg/ha,1981,213.2,A,Official value
540,New Caledonia,5510,Production,t,1981,597.0,A,Official value
540,New Caledonia,5510,Production,t,1982,347.0,A,Official value
540,New Caledonia,5312,Area harvested,ha,1983,3642.0,A,Official value
540,New Caledonia,5412,Yield,kg/ha,1983,103.5,A,Official value
540,New Caledonia,5510,Production,t,1983,377.0,A,Official value
540,New Caledonia,5312,Area harvested,ha,1984,3794.0,A,Official value
540,New Caledonia,5412,Yield,kg/ha,1984,80.1,A,Official value
540,New Caledonia,5510,Production,t,1984,304.0,A,Official value
540,New Caledonia,5510,Production,t,1985,552.0,A,Official value
540,New Caledonia,5510,Production,t,1986,472.0,A,Official value
540,New Caledonia,5510,Production,t,1987,438.0,A,Official value
540,New Caledonia,5510,Production,t,1988,107.0,A,Official value
540,New Caledonia,5510,Production,t,1989,273.0,A,Official value
540,New Caledonia,5510,Production,t,1990,300.0,A,Official value
540,New Caledonia,5312,Area harvested,ha,1991,1026.0,A,Official value
540,New Caledonia,5412,Yield,kg/ha,1991,67.3,A,Official value
540,New Caledonia,5510,Production,t,1991,69.0,A,Official value
540,New Caledonia,5510,Production,t,1992,78.0,A,Official value
540,New Caledonia,5510,Production,t,1993,59.0,A,Official value
540,New Caledonia,5510,Production,t,1994,44.0,A,Official value
540,New Caledonia,5510,Production,t,1995,29.0,A,Official value
540,New Caledonia,5510,Production,t,1996,25.0,A,Official value
540,New Caledonia,5510,Production,t,1997,42.0,A,Official value
540,New Caledonia,5510,Production,t,1998,35.0,A,Official value
540,New Caledonia,5510,Production,t,1999,48.0,A,Official value
540,New Caledonia,5510,Production,t,2000,18.0,A,Official value
540,New Caledonia,5510,Production,t,2001,56.0,A,Official value
540,New Caledonia,5312,Area harvested,ha,2002,232.0,A,Official value
540,New Caledonia,5412,Yield,kg/ha,2002,86.2,A,Official value
540,New Caledonia,5510,Production,t,2002,20.0,A,Official value
540,New Caledonia,5510,Production,t,2003,18.0,A,Official value
540,New Caledonia,5510,Production,t,2004,60.0,A,Official value
540,New Caledonia,5510,Production,t,2005,25.0,A,Official value
540,New Caledonia,5510,Production,t,2006,25.0,A,Official value
540,New Caledonia,5510,Production,t,2007,21.0,A,Official value
540,New Caledonia,5510,Production,t,2008,33.0,A,Official value
540,New Caledonia,5510,Production,t,2009,9.0,A,Official value
540,New Caledonia,5510,Production,t,2010,13.0,A,Official value
540,New Caledonia,5510,Production,t,2011,19.0,A,Official value
540,New Caledonia,5312,Area harvested,ha,2012,73.0,A,Official value
540,New Caledonia,5412,Yield,kg/ha,2012,82.2,A,Official value
540,New Caledonia,5510,Production,t,2012,6.0,A,Official value
540,New Caledonia,5510,Production,t,2013,7.0,A,Official value
540,New Caledonia,5510,Production,t,2014,5.0,A,Official value
540,New Caledonia,5510,Production,t,2015,6.39,A,Official value
540,New Caledonia,5510,Production,t,2016,3.55,A,Official value
540,New Caledonia,5510,Production,t,2017,5.2,A,Official value
540,New Caledonia,5510,Production,t,2018,2.6,A,Official value
540,New Caledonia,5510,Production,t,2019,2.0,A,Official value
540,New Caledonia,5510,Production,t,2020,1.94,A,Official value
540,New Caledonia,5510,Production,t,2021,1.92,A,Official value
558,Nicaragua,5312,Area harvested,ha,1961,84000.0,A,Official value
558,Nicaragua,5412,Yield,kg/ha,1961,276.2,A,Official value
558,Nicaragua,5510,Production,t,1961,23200.0,A,Official value
558,Nicaragua,5312,Area harvested,ha,1962,85000.0,A,Official value
558,Nicaragua,5412,Yield,kg/ha,1962,350.6,A,Official value
558,Nicaragua,5510,Production,t,1962,29800.0,A,Official value
558,Nicaragua,5312,Area harvested,ha,1963,85000.0,A,Official value
558,Nicaragua,5412,Yield,kg/ha,1963,308.2,A,Official value
558,Nicaragua,5510,Production,t,1963,26200.0,A,Official value
558,Nicaragua,5312,Area harvested,ha,1964,89900.0,A,Official value
558,Nicaragua,5412,Yield,kg/ha,1964,447.2,A,Official value
558,Nicaragua,5510,Production,t,1964,40200.0,A,Official value
558,Nicaragua,5312,Area harvested,ha,1965,92000.0,A,Official value
558,Nicaragua,5412,Yield,kg/ha,1965,342.4,A,Official value
558,Nicaragua,5510,Production,t,1965,31500.0,A,Official value
558,Nicaragua,5312,Area harvested,ha,1966,94100.0,A,Official value
558,Nicaragua,5412,Yield,kg/ha,1966,264.8,A,Official value
558,Nicaragua,5510,Production,t,1966,24921.0,A,Official value
558,Nicaragua,5312,Area harvested,ha,1967,98400.0,A,Official value
558,Nicaragua,5412,Yield,kg/ha,1967,337.7,A,Official value
558,Nicaragua,5510,Production,t,1967,33233.0,A,Official value
558,Nicaragua,5312,Area harvested,ha,1968,87400.0,A,Official value
558,Nicaragua,5412,Yield,kg/ha,1968,346.1,A,Official value
558,Nicaragua,5510,Production,t,1968,30246.0,A,Official value
558,Nicaragua,5312,Area harvested,ha,1969,87018.0,A,Official value
558,Nicaragua,5412,Yield,kg/ha,1969,389.6,A,Official value
558,Nicaragua,5510,Production,t,1969,33904.0,A,Official value
558,Nicaragua,5312,Area harvested,ha,1970,84083.0,A,Official value
558,Nicaragua,5412,Yield,kg/ha,1970,468.8,A,Official value
558,Nicaragua,5510,Production,t,1970,39418.0,A,Official value
558,Nicaragua,5312,Area harvested,ha,1971,82915.0,A,Official value
558,Nicaragua,5412,Yield,kg/ha,1971,506.7,A,Official value
558,Nicaragua,5510,Production,t,1971,42013.0,A,Official value
558,Nicaragua,5312,Area harvested,ha,1972,83027.0,A,Official value
558,Nicaragua,5412,Yield,kg/ha,1972,422.4,A,Official value
558,Nicaragua,5510,Production,t,1972,35073.0,A,Official value
558,Nicaragua,5312,Area harvested,ha,1973,83634.0,A,Official value
558,Nicaragua,5412,Yield,kg/ha,1973,438.7,A,Official value
558,Nicaragua,5510,Production,t,1973,36694.0,A,Official value
558,Nicaragua,5312,Area harvested,ha,1974,83704.0,A,Official value
558,Nicaragua,5412,Yield,kg/ha,1974,489.5,A,Official value
558,Nicaragua,5510,Production,t,1974,40972.0,A,Official value
558,Nicaragua,5312,Area harvested,ha,1975,84408.0,A,Official value
558,Nicaragua,5412,Yield,kg/ha,1975,582.1,A,Official value
558,Nicaragua,5510,Production,t,1975,49137.0,A,Official value
558,Nicaragua,5312,Area harvested,ha,1976,84400.0,A,Official value
558,Nicaragua,5412,Yield,kg/ha,1976,670.4,A,Official value
558,Nicaragua,5510,Production,t,1976,56580.0,A,Official value
558,Nicaragua,5312,Area harvested,ha,1977,87925.0,A,Official value
558,Nicaragua,5412,Yield,kg/ha,1977,627.8,A,Official value
558,Nicaragua,5510,Production,t,1977,55200.0,A,Official value
558,Nicaragua,5312,Area harvested,ha,1978,94500.0,A,Official value
558,Nicaragua,5412,Yield,kg/ha,1978,688.8,A,Official value
558,Nicaragua,5510,Production,t,1978,65092.0,A,Official value
558,Nicaragua,5312,Area harvested,ha,1979,98000.0,A,Official value
558,Nicaragua,5412,Yield,kg/ha,1979,574.5,A,Official value
558,Nicaragua,5510,Production,t,1979,56304.0,A,Official value
558,Nicaragua,5312,Area harvested,ha,1980,98643.0,A,Official value
558,Nicaragua,5412,Yield,kg/ha,1980,599.2,A,Official value
558,Nicaragua,5510,Production,t,1980,59107.0,A,Official value
558,Nicaragua,5312,Area harvested,ha,1981,87990.0,A,Official value
558,Nicaragua,5412,Yield,kg/ha,1981,694.2,A,Official value
558,Nicaragua,5510,Production,t,1981,61087.0,A,Official value
558,Nicaragua,5312,Area harvested,ha,1982,88130.0,A,Official value
558,Nicaragua,5412,Yield,kg/ha,1982,818.6,A,Official value
558,Nicaragua,5510,Production,t,1982,72145.0,A,Official value
558,Nicaragua,5312,Area harvested,ha,1983,89670.0,A,Official value
558,Nicaragua,5412,Yield,kg/ha,1983,548.7,A,Official value
558,Nicaragua,5510,Production,t,1983,49205.0,A,Official value
558,Nicaragua,5312,Area harvested,ha,1984,87920.0,A,Official value
558,Nicaragua,5412,Yield,kg/ha,1984,583.4,A,Official value
558,Nicaragua,5510,Production,t,1984,51290.0,A,Official value
558,Nicaragua,5312,Area harvested,ha,1985,84980.0,A,Official value
558,Nicaragua,5412,Yield,kg/ha,1985,416.1,A,Official value
558,Nicaragua,5510,Production,t,1985,35360.0,A,Official value
558,Nicaragua,5312,Area harvested,ha,1986,77070.0,A,Official value
558,Nicaragua,5412,Yield,kg/ha,1986,562.2,A,Official value
558,Nicaragua,5510,Production,t,1986,43332.0,A,Official value
558,Nicaragua,5312,Area harvested,ha,1987,72100.0,A,Official value
558,Nicaragua,5412,Yield,kg/ha,1987,535.7,A,Official value
558,Nicaragua,5510,Production,t,1987,38626.0,A,Official value
558,Nicaragua,5312,Area harvested,ha,1988,71470.0,A,Official value
558,Nicaragua,5412,Yield,kg/ha,1988,607.9,A,Official value
558,Nicaragua,5510,Production,t,1988,43447.0,A,Official value
558,Nicaragua,5312,Area harvested,ha,1989,69440.0,A,Official value
558,Nicaragua,5412,Yield,kg/ha,1989,650.4,A,Official value
558,Nicaragua,5510,Production,t,1989,45167.0,A,Official value
558,Nicaragua,5312,Area harvested,ha,1990,70070.0,A,Official value
558,Nicaragua,5412,Yield,kg/ha,1990,399.5,A,Official value
558,Nicaragua,5510,Production,t,1990,27996.0,A,Official value
558,Nicaragua,5312,Area harvested,ha,1991,74550.0,A,Official value
558,Nicaragua,5412,Yield,kg/ha,1991,636.1,A,Official value
558,Nicaragua,5510,Production,t,1991,47421.0,A,Official value
558,Nicaragua,5312,Area harvested,ha,1992,75250.0,A,Official value
558,Nicaragua,5412,Yield,kg/ha,1992,591.4,A,Official value
558,Nicaragua,5510,Production,t,1992,44505.0,A,Official value
558,Nicaragua,5312,Area harvested,ha,1993,73464.0,A,Official value
558,Nicaragua,5412,Yield,kg/ha,1993,569.2,A,Official value
558,Nicaragua,5510,Production,t,1993,41818.0,A,Official value
558,Nicaragua,5312,Area harvested,ha,1994,83210.0,A,Official value
558,Nicaragua,5412,Yield,kg/ha,1994,487.3,A,Official value
558,Nicaragua,5510,Production,t,1994,40551.0,A,Official value
558,Nicaragua,5312,Area harvested,ha,1995,83880.0,A,Official value
558,Nicaragua,5412,Yield,kg/ha,1995,650.8,A,Official value
558,Nicaragua,5510,Production,t,1995,54587.0,A,Official value
558,Nicaragua,5312,Area harvested,ha,1996,84490.0,A,Official value
558,Nicaragua,5412,Yield,kg/ha,1996,590.6,A,Official value
558,Nicaragua,5510,Production,t,1996,49900.0,A,Official value
558,Nicaragua,5312,Area harvested,ha,1997,92644.0,A,Official value
558,Nicaragua,5412,Yield,kg/ha,1997,703.4,A,Official value
558,Nicaragua,5510,Production,t,1997,65169.0,A,Official value
558,Nicaragua,5312,Area harvested,ha,1998,93118.0,A,Official value
558,Nicaragua,5412,Yield,kg/ha,1998,702.5,A,Official value
558,Nicaragua,5510,Production,t,1998,65420.0,A,Official value
558,Nicaragua,5312,Area harvested,ha,1999,91201.0,A,Official value
558,Nicaragua,5412,Yield,kg/ha,1999,1006.5,A,Official value
558,Nicaragua,5510,Production,t,1999,91791.0,A,Official value
558,Nicaragua,5312,Area harvested,ha,2000,107865.0,A,Official value
558,Nicaragua,5412,Yield,kg/ha,2000,762.1,A,Official value
558,Nicaragua,5510,Production,t,2000,82206.0,A,Official value
558,Nicaragua,5312,Area harvested,ha,2001,108848.0,A,Official value
558,Nicaragua,5412,Yield,kg/ha,2001,613.7,A,Official value
558,Nicaragua,5510,Production,t,2001,66799.0,A,Official value
558,Nicaragua,5312,Area harvested,ha,2002,115200.0,A,Official value
558,Nicaragua,5412,Yield,kg/ha,2002,522.9,A,Official value
558,Nicaragua,5510,Production,t,2002,60235.0,A,Official value
558,Nicaragua,5312,Area harvested,ha,2003,115200.0,A,Official value
558,Nicaragua,5412,Yield,kg/ha,2003,718.1,A,Official value
558,Nicaragua,5510,Production,t,2003,82727.0,A,Official value
558,Nicaragua,5312,Area harvested,ha,2004,115200.0,A,Official value
558,Nicaragua,5412,Yield,kg/ha,2004,499.4,A,Official value
558,Nicaragua,5510,Production,t,2004,57533.0,A,Official value
558,Nicaragua,5312,Area harvested,ha,2005,126879.0,A,Official value
558,Nicaragua,5412,Yield,kg/ha,2005,752.3,A,Official value
558,Nicaragua,5510,Production,t,2005,95455.0,A,Official value
558,Nicaragua,5312,Area harvested,ha,2006,114189.0,A,Official value
558,Nicaragua,5412,Yield,kg/ha,2006,617.0,A,Official value
558,Nicaragua,5510,Production,t,2006,70455.0,A,Official value
558,Nicaragua,5312,Area harvested,ha,2007,126879.0,A,Official value
558,Nicaragua,5412,Yield,kg/ha,2007,788.2,A,Official value
558,Nicaragua,5510,Production,t,2007,100000.0,A,Official value
558,Nicaragua,5312,Area harvested,ha,2008,115883.0,A,Official value
558,Nicaragua,5412,Yield,kg/ha,2008,655.5,A,Official value
558,Nicaragua,5510,Production,t,2008,75957.0,A,Official value
558,Nicaragua,5312,Area harvested,ha,2009,118679.0,A,Official value
558,Nicaragua,5412,Yield,kg/ha,2009,776.9,A,Official value
558,Nicaragua,5510,Production,t,2009,92204.55,A,Official value
558,Nicaragua,5312,Area harvested,ha,2010,113680.0,A,Official value
558,Nicaragua,5412,Yield,kg/ha,2010,692.4,A,Official value
558,Nicaragua,5510,Production,t,2010,78712.27,A,Official value
558,Nicaragua,5312,Area harvested,ha,2011,120283.0,A,Official value
558,Nicaragua,5412,Yield,kg/ha,2011,863.6,A,Official value
558,Nicaragua,5510,Production,t,2011,103881.73,A,Official value
558,Nicaragua,5312,Area harvested,ha,2012,119927.0,A,Official value
558,Nicaragua,5412,Yield,kg/ha,2012,725.0,A,Official value
558,Nicaragua,5510,Production,t,2012,86943.73,A,Official value
558,Nicaragua,5312,Area harvested,ha,2013,108830.0,A,Official value
558,Nicaragua,5412,Yield,kg/ha,2013,773.2,A,Official value
558,Nicaragua,5510,Production,t,2013,84146.33,A,Official value
558,Nicaragua,5312,Area harvested,ha,2014,105519.0,A,Official value
558,Nicaragua,5412,Yield,kg/ha,2014,815.9,A,Official value
558,Nicaragua,5510,Production,t,2014,86089.58,A,Official value
558,Nicaragua,5312,Area harvested,ha,2015,115454.0,A,Official value
558,Nicaragua,5412,Yield,kg/ha,2015,825.0,A,Official value
558,Nicaragua,5510,Production,t,2015,95254.51,A,Official value
558,Nicaragua,5312,Area harvested,ha,2016,120497.0,A,Official value
558,Nicaragua,5412,Yield,kg/ha,2016,1016.4,A,Official value
558,Nicaragua,5510,Production,t,2016,122470.09,A,Official value
558,Nicaragua,5510,Production,t,2017,128111.06,A,Official value
558,Nicaragua,5312,Area harvested,ha,2018,133836.0,A,Official value
558,Nicaragua,5412,Yield,kg/ha,2018,1060.5,A,Official value
558,Nicaragua,5510,Production,t,2018,141931.0,A,Official value
558,Nicaragua,5312,Area harvested,ha,2019,147671.0,A,Official value
558,Nicaragua,5412,Yield,kg/ha,2019,1062.5,A,Official value
558,Nicaragua,5510,Production,t,2019,156902.0,A,Official value
558,Nicaragua,5312,Area harvested,ha,2020,149418.0,A,Official value
558,Nicaragua,5412,Yield,kg/ha,2020,1033.4,A,Official value
558,Nicaragua,5510,Production,t,2020,154409.87,A,Official value
558,Nicaragua,5312,Area harvested,ha,2021,157786.0,A,Official value
558,Nicaragua,5412,Yield,kg/ha,2021,1049.3,A,Official value
558,Nicaragua,5510,Production,t,2021,165558.38,A,Official value
558,Nicaragua,5312,Area harvested,ha,2022,163421.0,A,Official value
558,Nicaragua,5412,Yield,kg/ha,2022,1041.4,A,Official value
558,Nicaragua,5510,Production,t,2022,170180.53,A,Official value
558,Nicaragua,5312,Area harvested,ha,2023,148393.0,A,Official value
558,Nicaragua,5412,Yield,kg/ha,2023,965.9,A,Official value
558,Nicaragua,5510,Production,t,2023,143336.66,A,Official value
566,Nigeria,5510,Production,t,1971,3600.0,A,Official value
566,Nigeria,5510,Production,t,1973,2300.0,A,Official value
566,Nigeria,5510,Production,t,1974,2400.0,A,Official value
566,Nigeria,5510,Production,t,1975,3000.0,A,Official value
566,Nigeria,5510,Production,t,1976,3000.0,A,Official value
566,Nigeria,5510,Production,t,1977,3100.0,A,Official value
566,Nigeria,5510,Production,t,1978,3100.0,A,Official value
566,Nigeria,5510,Production,t,1979,3200.0,A,Official value
566,Nigeria,5510,Production,t,1980,3500.0,A,Official value
566,Nigeria,5510,Production,t,1981,3000.0,A,Official value
566,Nigeria,5510,Production,t,1982,3000.0,A,Official value
566,Nigeria,5510,Production,t,1983,3000.0,A,Official value
566,Nigeria,5312,Area harvested,ha,1984,8000.0,A,Official value
566,Nigeria,5412,Yield,kg/ha,1984,500.0,A,Official value
566,Nigeria,5510,Production,t,1984,4000.0,A,Official value
566,Nigeria,5312,Area harvested,ha,1985,12000.0,A,Official value
566,Nigeria,5412,Yield,kg/ha,1985,500.0,A,Official value
566,Nigeria,5510,Production,t,1985,6000.0,A,Official value
566,Nigeria,5510,Production,t,1988,1570.0,A,Official value
566,Nigeria,5510,Production,t,1989,2570.0,A,Official value
566,Nigeria,5510,Production,t,1990,3030.0,A,Official value
566,Nigeria,5510,Production,t,1991,3200.0,A,Official value
566,Nigeria,5510,Production,t,1992,3380.0,A,Official value
566,Nigeria,5510,Production,t,1993,3580.0,A,Official value
566,Nigeria,5510,Production,t,1994,3720.0,A,Official value
566,Nigeria,5510,Production,t,1995,3090.0,A,Official value
566,Nigeria,5510,Production,t,1996,3780.0,A,Official value
566,Nigeria,5510,Production,t,1997,3700.0,A,Official value
566,Nigeria,5510,Production,t,1998,3700.0,A,Official value
566,Nigeria,5312,Area harvested,ha,1999,3130.0,A,Official value
566,Nigeria,5412,Yield,kg/ha,1999,1198.1,A,Official value
566,Nigeria,5510,Production,t,1999,3750.0,A,Official value
566,Nigeria,5312,Area harvested,ha,2000,3190.0,A,Official value
566,Nigeria,5412,Yield,kg/ha,2000,1200.6,A,Official value
566,Nigeria,5510,Production,t,2000,3830.0,A,Official value
566,Nigeria,5312,Area harvested,ha,2001,3210.0,A,Official value
566,Nigeria,5412,Yield,kg/ha,2001,1199.4,A,Official value
566,Nigeria,5510,Production,t,2001,3850.0,A,Official value
566,Nigeria,5312,Area harvested,ha,2002,3330.0,A,Official value
566,Nigeria,5412,Yield,kg/ha,2002,1231.2,A,Official value
566,Nigeria,5510,Production,t,2002,4100.0,A,Official value
566,Nigeria,5312,Area harvested,ha,2003,3540.0,A,Official value
566,Nigeria,5412,Yield,kg/ha,2003,1231.6,A,Official value
566,Nigeria,5510,Production,t,2003,4360.0,A,Official value
566,Nigeria,5312,Area harvested,ha,2004,3580.0,A,Official value
566,Nigeria,5412,Yield,kg/ha,2004,1301.7,A,Official value
566,Nigeria,5510,Production,t,2004,4660.0,A,Official value
566,Nigeria,5312,Area harvested,ha,2005,3670.0,A,Official value
566,Nigeria,5412,Yield,kg/ha,2005,1359.7,A,Official value
566,Nigeria,5510,Production,t,2005,4990.0,A,Official value
566,Nigeria,5312,Area harvested,ha,2006,3710.0,A,Official value
566,Nigeria,5412,Yield,kg/ha,2006,1439.4,A,Official value
566,Nigeria,5510,Production,t,2006,5340.0,A,Official value
591,Panama,5312,Area harvested,ha,1961,19000.0,A,Official value
591,Panama,5412,Yield,kg/ha,1961,263.2,A,Official value
591,Panama,5510,Production,t,1961,5000.0,A,Official value
591,Panama,5312,Area harvested,ha,1962,19000.0,A,Official value
591,Panama,5412,Yield,kg/ha,1962,231.6,A,Official value
591,Panama,5510,Production,t,1962,4400.0,A,Official value
591,Panama,5312,Area harvested,ha,1963,19000.0,A,Official value
591,Panama,5412,Yield,kg/ha,1963,236.8,A,Official value
591,Panama,5510,Production,t,1963,4500.0,A,Official value
591,Panama,5312,Area harvested,ha,1964,18000.0,A,Official value
591,Panama,5412,Yield,kg/ha,1964,238.9,A,Official value
591,Panama,5510,Production,t,1964,4300.0,A,Official value
591,Panama,5312,Area harvested,ha,1965,21000.0,A,Official value
591,Panama,5412,Yield,kg/ha,1965,204.8,A,Official value
591,Panama,5510,Production,t,1965,4300.0,A,Official value
591,Panama,5312,Area harvested,ha,1966,21000.0,A,Official value
591,Panama,5412,Yield,kg/ha,1966,238.1,A,Official value
591,Panama,5510,Production,t,1966,5000.0,A,Official value
591,Panama,5312,Area harvested,ha,1967,21000.0,A,Official value
591,Panama,5412,Yield,kg/ha,1967,246.0,A,Official value
591,Panama,5510,Production,t,1967,5166.0,A,Official value
591,Panama,5312,Area harvested,ha,1968,20000.0,A,Official value
591,Panama,5412,Yield,kg/ha,1968,225.0,A,Official value
591,Panama,5510,Production,t,1968,4500.0,A,Official value
591,Panama,5510,Production,t,1969,5139.0,A,Official value
591,Panama,5510,Production,t,1970,4436.0,A,Official value
591,Panama,5510,Production,t,1971,5307.0,A,Official value
591,Panama,5312,Area harvested,ha,1972,21774.0,A,Official value
591,Panama,5412,Yield,kg/ha,1972,227.1,A,Official value
591,Panama,5510,Production,t,1972,4944.0,A,Official value
591,Panama,5312,Area harvested,ha,1973,22509.0,A,Official value
591,Panama,5412,Yield,kg/ha,1973,191.8,A,Official value
591,Panama,5510,Production,t,1973,4318.0,A,Official value
591,Panama,5312,Area harvested,ha,1974,23999.0,A,Official value
591,Panama,5412,Yield,kg/ha,1974,187.7,A,Official value
591,Panama,5510,Production,t,1974,4504.0,A,Official value
591,Panama,5312,Area harvested,ha,1975,21770.0,A,Official value
591,Panama,5412,Yield,kg/ha,1975,220.5,A,Official value
591,Panama,5510,Production,t,1975,4801.0,A,Official value
591,Panama,5312,Area harvested,ha,1976,23703.0,A,Official value
591,Panama,5412,Yield,kg/ha,1976,197.3,A,Official value
591,Panama,5510,Production,t,1976,4677.0,A,Official value
591,Panama,5312,Area harvested,ha,1977,25021.0,A,Official value
591,Panama,5412,Yield,kg/ha,1977,220.5,A,Official value
591,Panama,5510,Production,t,1977,5516.0,A,Official value
591,Panama,5312,Area harvested,ha,1978,27566.0,A,Official value
591,Panama,5412,Yield,kg/ha,1978,223.0,A,Official value
591,Panama,5510,Production,t,1978,6146.0,A,Official value
591,Panama,5312,Area harvested,ha,1979,27118.0,A,Official value
591,Panama,5412,Yield,kg/ha,1979,224.9,A,Official value
591,Panama,5510,Production,t,1979,6100.0,A,Official value
591,Panama,5312,Area harvested,ha,1980,17341.0,A,Official value
591,Panama,5412,Yield,kg/ha,1980,419.4,A,Official value
591,Panama,5510,Production,t,1980,7272.0,A,Official value
591,Panama,5312,Area harvested,ha,1981,21984.0,A,Official value
591,Panama,5412,Yield,kg/ha,1981,321.2,A,Official value
591,Panama,5510,Production,t,1981,7062.0,A,Official value
591,Panama,5312,Area harvested,ha,1982,24033.0,A,Official value
591,Panama,5412,Yield,kg/ha,1982,338.8,A,Official value
591,Panama,5510,Production,t,1982,8142.0,A,Official value
591,Panama,5312,Area harvested,ha,1983,26369.0,A,Official value
591,Panama,5412,Yield,kg/ha,1983,335.8,A,Official value
591,Panama,5510,Production,t,1983,8854.0,A,Official value
591,Panama,5510,Production,t,1984,10750.0,A,Official value
591,Panama,5510,Production,t,1985,9390.0,A,Official value
591,Panama,5312,Area harvested,ha,1986,23906.0,A,Official value
591,Panama,5412,Yield,kg/ha,1986,443.2,A,Official value
591,Panama,5510,Production,t,1986,10596.0,A,Official value
591,Panama,5312,Area harvested,ha,1987,23906.0,A,Official value
591,Panama,5412,Yield,kg/ha,1987,425.0,A,Official value
591,Panama,5510,Production,t,1987,10160.0,A,Official value
591,Panama,5312,Area harvested,ha,1988,23906.0,A,Official value
591,Panama,5412,Yield,kg/ha,1988,429.8,A,Official value
591,Panama,5510,Production,t,1988,10274.0,A,Official value
591,Panama,5510,Production,t,1989,9757.0,A,Official value
591,Panama,5510,Production,t,1990,11547.0,A,Official value
591,Panama,5510,Production,t,1991,12174.0,A,Official value
591,Panama,5510,Production,t,1992,10945.0,A,Official value
591,Panama,5510,Production,t,1993,9766.0,A,Official value
591,Panama,5510,Production,t,1994,10400.0,A,Official value
591,Panama,5510,Production,t,1995,11702.0,A,Official value
591,Panama,5312,Area harvested,ha,1996,24400.0,A,Official value
591,Panama,5412,Yield,kg/ha,1996,455.5,A,Official value
591,Panama,5510,Production,t,1996,11113.0,A,Official value
591,Panama,5312,Area harvested,ha,1997,26200.0,A,Official value
591,Panama,5412,Yield,kg/ha,1997,401.8,A,Official value
591,Panama,5510,Production,t,1997,10527.0,A,Official value
591,Panama,5312,Area harvested,ha,1998,23800.0,A,Official value
591,Panama,5412,Yield,kg/ha,1998,480.5,A,Official value
591,Panama,5510,Production,t,1998,11435.0,A,Official value
591,Panama,5312,Area harvested,ha,1999,32900.0,A,Official value
591,Panama,5412,Yield,kg/ha,1999,365.5,A,Official value
591,Panama,5510,Production,t,1999,12024.0,A,Official value
591,Panama,5312,Area harvested,ha,2000,21565.0,A,Official value
591,Panama,5412,Yield,kg/ha,2000,475.5,A,Official value
591,Panama,5510,Production,t,2000,10255.0,A,Official value
591,Panama,5312,Area harvested,ha,2001,33500.0,A,Official value
591,Panama,5412,Yield,kg/ha,2001,450.0,A,Official value
591,Panama,5510,Production,t,2001,15074.0,A,Official value
591,Panama,5510,Production,t,2002,11390.0,A,Official value
591,Panama,5510,Production,t,2003,11586.5,A,Official value
591,Panama,5510,Production,t,2004,12778.8,A,Official value
591,Panama,5510,Production,t,2005,13153.0,A,Official value
591,Panama,5510,Production,t,2006,12844.0,A,Official value
591,Panama,5510,Production,t,2007,13790.0,A,Official value
591,Panama,5510,Production,t,2008,13324.0,A,Official value
591,Panama,5510,Production,t,2009,12961.0,A,Official value
591,Panama,5510,Production,t,2010,12470.0,A,Official value
591,Panama,5510,Production,t,2011,9826.0,A,Official value
591,Panama,5510,Production,t,2012,10049.0,A,Official value
591,Panama,5510,Production,t,2013,7096.0,A,Official value
591,Panama,5510,Production,t,2014,6688.0,A,Official value
591,Panama,5510,Production,t,2015,7464.0,A,Official value
591,Panama,5510,Production,t,2016,6135.0,A,Official value
591,Panama,5510,Production,t,2017,6588.0,A,Official value
591,Panama,5510,Production,t,2018,5579.0,A,Official value
591,Panama,5510,Production,t,2019,8371.0,A,Official value
591,Panama,5510,Production,t,2020,6254.0,A,Official value
591,Panama,5510,Production,t,2021,6020.0,A,Official value
598,Papua New Guinea,5312,Area harvested,ha,1968,18207.0,A,Official value
598,Papua New Guinea,5412,Yield,kg/ha,1968,800.2,A,Official value
598,Papua New Guinea,5510,Production,t,1968,14570.0,A,Official value
598,Papua New Guinea,5312,Area harvested,ha,1969,19987.0,A,Official value
598,Papua New Guinea,5412,Yield,kg/ha,1969,1074.6,A,Official value
598,Papua New Guinea,5510,Production,t,1969,21478.0,A,Official value
598,Papua New Guinea,5312,Area harvested,ha,1970,23344.0,A,Official value
598,Papua New Guinea,5412,Yield,kg/ha,1970,1177.8,A,Official value
598,Papua New Guinea,5510,Production,t,1970,27495.0,A,Official value
598,Papua New Guinea,5312,Area harvested,ha,1971,23263.0,A,Official value
598,Papua New Guinea,5412,Yield,kg/ha,1971,1159.2,A,Official value
598,Papua New Guinea,5510,Production,t,1971,26967.0,A,Official value
598,Papua New Guinea,5312,Area harvested,ha,1972,25090.0,A,Official value
598,Papua New Guinea,5412,Yield,kg/ha,1972,1156.4,A,Official value
598,Papua New Guinea,5510,Production,t,1972,29015.0,A,Official value
598,Papua New Guinea,5312,Area harvested,ha,1973,26538.0,A,Official value
598,Papua New Guinea,5412,Yield,kg/ha,1973,1311.3,A,Official value
598,Papua New Guinea,5510,Production,t,1973,34798.0,A,Official value
598,Papua New Guinea,5510,Production,t,1974,34084.0,A,Official value
598,Papua New Guinea,5510,Production,t,1975,36945.0,A,Official value
598,Papua New Guinea,5312,Area harvested,ha,1976,36958.0,A,Official value
598,Papua New Guinea,5412,Yield,kg/ha,1976,1067.9,A,Official value
598,Papua New Guinea,5510,Production,t,1976,39466.0,A,Official value
598,Papua New Guinea,5312,Area harvested,ha,1977,40000.0,A,Official value
598,Papua New Guinea,5412,Yield,kg/ha,1977,955.6,A,Official value
598,Papua New Guinea,5510,Production,t,1977,38224.0,A,Official value
598,Papua New Guinea,5312,Area harvested,ha,1978,41000.0,A,Official value
598,Papua New Guinea,5412,Yield,kg/ha,1978,1120.6,A,Official value
598,Papua New Guinea,5510,Production,t,1978,45945.0,A,Official value
598,Papua New Guinea,5312,Area harvested,ha,1979,40150.0,A,Official value
598,Papua New Guinea,5412,Yield,kg/ha,1979,1233.7,A,Official value
598,Papua New Guinea,5510,Production,t,1979,49532.0,A,Official value
598,Papua New Guinea,5312,Area harvested,ha,1980,40200.0,A,Official value
598,Papua New Guinea,5412,Yield,kg/ha,1980,1362.2,A,Official value
598,Papua New Guinea,5510,Production,t,1980,54762.0,A,Official value
598,Papua New Guinea,5312,Area harvested,ha,1981,40200.0,A,Official value
598,Papua New Guinea,5412,Yield,kg/ha,1981,1239.7,A,Official value
598,Papua New Guinea,5510,Production,t,1981,49837.0,A,Official value
598,Papua New Guinea,5312,Area harvested,ha,1982,41000.0,A,Official value
598,Papua New Guinea,5412,Yield,kg/ha,1982,1002.6,A,Official value
598,Papua New Guinea,5510,Production,t,1982,41108.0,A,Official value
598,Papua New Guinea,5312,Area harvested,ha,1983,43000.0,A,Official value
598,Papua New Guinea,5412,Yield,kg/ha,1983,1299.9,A,Official value
598,Papua New Guinea,5510,Production,t,1983,55894.0,A,Official value
598,Papua New Guinea,5312,Area harvested,ha,1984,42000.0,A,Official value
598,Papua New Guinea,5412,Yield,kg/ha,1984,1039.9,A,Official value
598,Papua New Guinea,5510,Production,t,1984,43675.0,A,Official value
598,Papua New Guinea,5312,Area harvested,ha,1985,44000.0,A,Official value
598,Papua New Guinea,5412,Yield,kg/ha,1985,1277.4,A,Official value
598,Papua New Guinea,5510,Production,t,1985,56206.0,A,Official value
598,Papua New Guinea,5312,Area harvested,ha,1986,44000.0,A,Official value
598,Papua New Guinea,5412,Yield,kg/ha,1986,1007.0,A,Official value
598,Papua New Guinea,5510,Production,t,1986,44310.0,A,Official value
598,Papua New Guinea,5510,Production,t,1989,65640.0,A,Official value
598,Papua New Guinea,5510,Production,t,1990,60000.0,A,Official value
598,Papua New Guinea,5510,Production,t,1991,47220.0,A,Official value
598,Papua New Guinea,5510,Production,t,1992,50460.0,A,Official value
598,Papua New Guinea,5510,Production,t,1993,63540.0,A,Official value
598,Papua New Guinea,5510,Production,t,1994,67136.0,A,Official value
598,Papua New Guinea,5510,Production,t,1995,59589.0,A,Official value
598,Papua New Guinea,5510,Production,t,1996,65091.0,A,Official value
598,Papua New Guinea,5312,Area harvested,ha,1997,87000.0,A,Official value
598,Papua New Guinea,5412,Yield,kg/ha,1997,741.7,A,Official value
598,Papua New Guinea,5510,Production,t,1997,64524.0,A,Official value
598,Papua New Guinea,5510,Production,t,1998,80940.0,A,Official value
598,Papua New Guinea,5510,Production,t,1999,83040.0,A,Official value
598,Papua New Guinea,5510,Production,t,2001,63720.0,A,Official value
598,Papua New Guinea,5510,Production,t,2002,65100.0,A,Official value
598,Papua New Guinea,5510,Production,t,2003,69300.0,A,Official value
598,Papua New Guinea,5510,Production,t,2004,59820.0,A,Official value
598,Papua New Guinea,5510,Production,t,2005,76080.0,A,Official value
598,Papua New Guinea,5510,Production,t,2006,48420.0,A,Official value
598,Papua New Guinea,5510,Production,t,2007,58080.0,A,Official value
598,Papua New Guinea,5510,Production,t,2008,61680.0,A,Official value
598,Papua New Guinea,5510,Production,t,2009,60240.0,A,Official value
598,Papua New Guinea,5510,Production,t,2010,52220.0,A,Official value
598,Papua New Guinea,5510,Production,t,2011,84870.0,A,Official value
598,Papua New Guinea,5510,Production,t,2012,43620.0,A,Official value
598,Papua New Guinea,5510,Production,t,2013,49680.0,A,Official value
598,Papua New Guinea,5510,Production,t,2019,45129.0,A,Official value
598,Papua New Guinea,5510,Production,t,2020,40500.0,A,Official value
600,Paraguay,5510,Production,t,1964,7200.0,A,Official value
600,Paraguay,5312,Area harvested,ha,1965,7500.0,A,Official value
600,Paraguay,5412,Yield,kg/ha,1965,802.4,A,Official value
600,Paraguay,5510,Production,t,1965,6018.0,A,Official value
600,Paraguay,5510,Production,t,1966,6510.0,A,Official value
600,Paraguay,5312,Area harvested,ha,1967,8360.0,A,Official value
600,Paraguay,5412,Yield,kg/ha,1967,850.5,A,Official value
600,Paraguay,5510,Production,t,1967,7110.0,A,Official value
600,Paraguay,5510,Production,t,1968,7340.0,A,Official value
600,Paraguay,5510,Production,t,1969,6090.0,A,Official value
600,Paraguay,5510,Production,t,1970,4310.0,A,Official value
600,Paraguay,5510,Production,t,1971,5810.0,A,Official value
600,Paraguay,5510,Production,t,1972,7660.0,A,Official value
600,Paraguay,5510,Production,t,1973,6930.0,A,Official value
600,Paraguay,5510,Production,t,1974,8480.0,A,Official value
600,Paraguay,5510,Production,t,1975,8340.0,A,Official value
600,Paraguay,5510,Production,t,1976,3910.0,A,Official value
600,Paraguay,5510,Production,t,1977,6000.0,A,Official value
600,Paraguay,5510,Production,t,1978,7200.0,A,Official value
600,Paraguay,5510,Production,t,1979,7560.0,A,Official value
600,Paraguay,5510,Production,t,1981,12856.0,A,Official value
600,Paraguay,5510,Production,t,1982,13865.0,A,Official value
600,Paraguay,5510,Production,t,1983,15031.0,A,Official value
600,Paraguay,5510,Production,t,1984,18359.0,A,Official value
600,Paraguay,5312,Area harvested,ha,1985,12296.0,A,Official value
600,Paraguay,5412,Yield,kg/ha,1985,1474.8,A,Official value
600,Paraguay,5510,Production,t,1985,18134.0,A,Official value
600,Paraguay,5312,Area harvested,ha,1986,16753.0,A,Official value
600,Paraguay,5412,Yield,kg/ha,1986,1138.3,A,Official value
600,Paraguay,5510,Production,t,1986,19070.0,A,Official value
600,Paraguay,5312,Area harvested,ha,1987,17282.0,A,Official value
600,Paraguay,5412,Yield,kg/ha,1987,1057.5,A,Official value
600,Paraguay,5510,Production,t,1987,18276.0,A,Official value
600,Paraguay,5312,Area harvested,ha,1988,17303.0,A,Official value
600,Paraguay,5412,Yield,kg/ha,1988,1059.6,A,Official value
600,Paraguay,5510,Production,t,1988,18335.0,A,Official value
600,Paraguay,5312,Area harvested,ha,1989,17400.0,A,Official value
600,Paraguay,5412,Yield,kg/ha,1989,1011.8,A,Official value
600,Paraguay,5510,Production,t,1989,17605.0,A,Official value
600,Paraguay,5312,Area harvested,ha,1990,17397.0,A,Official value
600,Paraguay,5412,Yield,kg/ha,1990,1010.3,A,Official value
600,Paraguay,5510,Production,t,1990,17576.0,A,Official value
600,Paraguay,5312,Area harvested,ha,1991,4956.0,A,Official value
600,Paraguay,5412,Yield,kg/ha,1991,911.8,A,Official value
600,Paraguay,5510,Production,t,1991,4519.0,A,Official value
600,Paraguay,5312,Area harvested,ha,1992,5250.0,A,Official value
600,Paraguay,5412,Yield,kg/ha,1992,923.8,A,Official value
600,Paraguay,5510,Production,t,1992,4850.0,A,Official value
600,Paraguay,5312,Area harvested,ha,1993,5694.0,A,Official value
600,Paraguay,5412,Yield,kg/ha,1993,869.3,A,Official value
600,Paraguay,5510,Production,t,1993,4950.0,A,Official value
600,Paraguay,5312,Area harvested,ha,1994,6262.0,A,Official value
600,Paraguay,5412,Yield,kg/ha,1994,798.8,A,Official value
600,Paraguay,5510,Production,t,1994,5002.0,A,Official value
600,Paraguay,5312,Area harvested,ha,1995,5947.0,A,Official value
600,Paraguay,5412,Yield,kg/ha,1995,674.0,A,Official value
600,Paraguay,5510,Production,t,1995,4008.0,A,Official value
600,Paraguay,5312,Area harvested,ha,1996,5997.0,A,Official value
600,Paraguay,5412,Yield,kg/ha,1996,671.0,A,Official value
600,Paraguay,5510,Production,t,1996,4024.0,A,Official value
600,Paraguay,5312,Area harvested,ha,1997,6001.0,A,Official value
600,Paraguay,5412,Yield,kg/ha,1997,803.7,A,Official value
600,Paraguay,5510,Production,t,1997,4823.0,A,Official value
600,Paraguay,5312,Area harvested,ha,1998,5999.0,A,Official value
600,Paraguay,5412,Yield,kg/ha,1998,792.1,A,Official value
600,Paraguay,5510,Production,t,1998,4752.0,A,Official value
600,Paraguay,5312,Area harvested,ha,1999,5994.0,A,Official value
600,Paraguay,5412,Yield,kg/ha,1999,788.5,A,Official value
600,Paraguay,5510,Production,t,1999,4726.0,A,Official value
600,Paraguay,5312,Area harvested,ha,2000,5129.0,A,Official value
600,Paraguay,5412,Yield,kg/ha,2000,699.2,A,Official value
600,Paraguay,5510,Production,t,2000,3586.0,A,Official value
600,Paraguay,5312,Area harvested,ha,2001,3857.0,A,Official value
600,Paraguay,5412,Yield,kg/ha,2001,713.2,A,Official value
600,Paraguay,5510,Production,t,2001,2751.0,A,Official value
600,Paraguay,5312,Area harvested,ha,2002,3395.0,A,Official value
600,Paraguay,5412,Yield,kg/ha,2002,716.9,A,Official value
600,Paraguay,5510,Production,t,2002,2434.0,A,Official value
600,Paraguay,5312,Area harvested,ha,2003,3094.0,A,Official value
600,Paraguay,5412,Yield,kg/ha,2003,997.1,A,Official value
600,Paraguay,5510,Production,t,2003,3085.0,A,Official value
600,Paraguay,5312,Area harvested,ha,2004,3101.0,A,Official value
600,Paraguay,5412,Yield,kg/ha,2004,1081.3,A,Official value
600,Paraguay,5510,Production,t,2004,3353.0,A,Official value
600,Paraguay,5312,Area harvested,ha,2005,2700.0,A,Official value
600,Paraguay,5412,Yield,kg/ha,2005,1074.1,A,Official value
600,Paraguay,5510,Production,t,2005,2900.0,A,Official value
600,Paraguay,5312,Area harvested,ha,2006,2570.0,A,Official value
600,Paraguay,5412,Yield,kg/ha,2006,1182.9,A,Official value
600,Paraguay,5510,Production,t,2006,3040.0,A,Official value
600,Paraguay,5312,Area harvested,ha,2008,291.0,A,Official value
600,Paraguay,5412,Yield,kg/ha,2008,938.1,A,Official value
600,Paraguay,5510,Production,t,2008,273.0,A,Official value
600,Paraguay,5312,Area harvested,ha,2009,300.0,A,Official value
600,Paraguay,5412,Yield,kg/ha,2009,936.7,A,Official value
600,Paraguay,5510,Production,t,2009,281.0,A,Official value
600,Paraguay,5312,Area harvested,ha,2010,290.0,A,Official value
600,Paraguay,5412,Yield,kg/ha,2010,1275.9,A,Official value
600,Paraguay,5510,Production,t,2010,370.0,A,Official value
600,Paraguay,5312,Area harvested,ha,2011,290.0,A,Official value
600,Paraguay,5412,Yield,kg/ha,2011,1275.9,A,Official value
600,Paraguay,5510,Production,t,2011,370.0,A,Official value
600,Paraguay,5312,Area harvested,ha,2012,294.0,A,Official value
600,Paraguay,5412,Yield,kg/ha,2012,1258.5,A,Official value
600,Paraguay,5510,Production,t,2012,370.0,A,Official value
600,Paraguay,5312,Area harvested,ha,2013,294.0,A,Official value
600,Paraguay,5412,Yield,kg/ha,2013,1299.3,A,Official value
600,Paraguay,5510,Production,t,2013,382.0,A,Official value
600,Paraguay,5312,Area harvested,ha,2014,294.0,A,Official value
600,Paraguay,5412,Yield,kg/ha,2014,1312.9,A,Official value
600,Paraguay,5510,Production,t,2014,386.0,A,Official value
600,Paraguay,5312,Area harvested,ha,2015,300.0,A,Official value
600,Paraguay,5412,Yield,kg/ha,2015,1316.7,A,Official value
600,Paraguay,5510,Production,t,2015,395.0,A,Official value
600,Paraguay,5312,Area harvested,ha,2016,300.0,A,Official value
600,Paraguay,5412,Yield,kg/ha,2016,1316.7,A,Official value
600,Paraguay,5510,Production,t,2016,395.0,A,Official value
600,Paraguay,5312,Area harvested,ha,2017,320.0,A,Official value
600,Paraguay,5412,Yield,kg/ha,2017,1381.3,A,Official value
600,Paraguay,5510,Production,t,2017,442.0,A,Official value
600,Paraguay,5312,Area harvested,ha,2018,320.0,A,Official value
600,Paraguay,5412,Yield,kg/ha,2018,1378.1,A,Official value
600,Paraguay,5510,Production,t,2018,441.0,A,Official value
600,Paraguay,5312,Area harvested,ha,2019,310.0,A,Official value
600,Paraguay,5412,Yield,kg/ha,2019,1287.1,A,Official value
600,Paraguay,5510,Production,t,2019,399.0,A,Official value
600,Paraguay,5312,Area harvested,ha,2020,306.0,A,Official value
600,Paraguay,5412,Yield,kg/ha,2020,1245.1,A,Official value
600,Paraguay,5510,Production,t,2020,381.0,A,Official value
600,Paraguay,5312,Area harvested,ha,2021,309.0,A,Official value
600,Paraguay,5412,Yield,kg/ha,2021,1255.7,A,Official value
600,Paraguay,5510,Production,t,2021,388.0,A,Official value
600,Paraguay,5312,Area harvested,ha,2022,309.0,A,Official value
604,Peru,5312,Area harvested,ha,1961,88350.0,A,Official value
604,Peru,5412,Yield,kg/ha,1961,482.7,A,Official value
604,Peru,5510,Production,t,1961,42643.0,A,Official value
604,Peru,5312,Area harvested,ha,1962,95580.0,A,Official value
604,Peru,5412,Yield,kg/ha,1962,485.0,A,Official value
604,Peru,5510,Production,t,1962,46356.0,A,Official value
604,Peru,5312,Area harvested,ha,1963,101430.0,A,Official value
604,Peru,5412,Yield,kg/ha,1963,482.5,A,Official value
604,Peru,5510,Production,t,1963,48940.0,A,Official value
604,Peru,5312,Area harvested,ha,1964,106920.0,A,Official value
604,Peru,5412,Yield,kg/ha,1964,493.3,A,Official value
604,Peru,5510,Production,t,1964,52740.0,A,Official value
604,Peru,5312,Area harvested,ha,1965,92670.0,A,Official value
604,Peru,5412,Yield,kg/ha,1965,520.8,A,Official value
604,Peru,5510,Production,t,1965,48264.0,A,Official value
604,Peru,5312,Area harvested,ha,1966,103954.0,A,Official value
604,Peru,5412,Yield,kg/ha,1966,503.9,A,Official value
604,Peru,5510,Production,t,1966,52380.0,A,Official value
604,Peru,5312,Area harvested,ha,1967,101322.0,A,Official value
604,Peru,5412,Yield,kg/ha,1967,520.6,A,Official value
604,Peru,5510,Production,t,1967,52753.0,A,Official value
604,Peru,5312,Area harvested,ha,1968,115489.0,A,Official value
604,Peru,5412,Yield,kg/ha,1968,559.8,A,Official value
604,Peru,5510,Production,t,1968,64652.0,A,Official value
604,Peru,5312,Area harvested,ha,1969,119019.0,A,Official value
604,Peru,5412,Yield,kg/ha,1969,575.0,A,Official value
604,Peru,5510,Production,t,1969,68439.0,A,Official value
604,Peru,5312,Area harvested,ha,1970,113443.0,A,Official value
604,Peru,5412,Yield,kg/ha,1970,576.2,A,Official value
604,Peru,5510,Production,t,1970,65368.0,A,Official value
604,Peru,5312,Area harvested,ha,1971,123196.0,A,Official value
604,Peru,5412,Yield,kg/ha,1971,573.0,A,Official value
604,Peru,5510,Production,t,1971,70587.0,A,Official value
604,Peru,5312,Area harvested,ha,1972,127722.0,A,Official value
604,Peru,5412,Yield,kg/ha,1972,549.6,A,Official value
604,Peru,5510,Production,t,1972,70195.0,A,Official value
604,Peru,5312,Area harvested,ha,1973,127288.0,A,Official value
604,Peru,5412,Yield,kg/ha,1973,553.0,A,Official value
604,Peru,5510,Production,t,1973,70396.0,A,Official value
604,Peru,5312,Area harvested,ha,1974,126625.0,A,Official value
604,Peru,5412,Yield,kg/ha,1974,551.7,A,Official value
604,Peru,5510,Production,t,1974,69855.0,A,Official value
604,Peru,5312,Area harvested,ha,1975,120622.0,A,Official value
604,Peru,5412,Yield,kg/ha,1975,542.1,A,Official value
604,Peru,5510,Production,t,1975,65387.0,A,Official value
604,Peru,5312,Area harvested,ha,1976,120781.0,A,Official value
604,Peru,5412,Yield,kg/ha,1976,541.8,A,Official value
604,Peru,5510,Production,t,1976,65445.0,A,Official value
604,Peru,5312,Area harvested,ha,1977,134129.0,A,Official value
604,Peru,5412,Yield,kg/ha,1977,597.9,A,Official value
604,Peru,5510,Production,t,1977,80190.0,A,Official value
604,Peru,5312,Area harvested,ha,1978,142214.0,A,Official value
604,Peru,5412,Yield,kg/ha,1978,620.0,A,Official value
604,Peru,5510,Production,t,1978,88166.0,A,Official value
604,Peru,5312,Area harvested,ha,1979,154738.0,A,Official value
604,Peru,5412,Yield,kg/ha,1979,681.7,A,Official value
604,Peru,5510,Production,t,1979,105478.0,A,Official value
604,Peru,5312,Area harvested,ha,1980,152731.0,A,Official value
604,Peru,5412,Yield,kg/ha,1980,564.2,A,Official value
604,Peru,5510,Production,t,1980,86177.0,A,Official value
604,Peru,5312,Area harvested,ha,1981,152877.0,A,Official value
604,Peru,5412,Yield,kg/ha,1981,519.1,A,Official value
604,Peru,5510,Production,t,1981,79360.0,A,Official value
604,Peru,5312,Area harvested,ha,1982,154666.0,A,Official value
604,Peru,5412,Yield,kg/ha,1982,513.5,A,Official value
604,Peru,5510,Production,t,1982,79422.0,A,Official value
604,Peru,5312,Area harvested,ha,1983,158070.0,A,Official value
604,Peru,5412,Yield,kg/ha,1983,541.8,A,Official value
604,Peru,5510,Production,t,1983,85637.0,A,Official value
604,Peru,5312,Area harvested,ha,1984,157939.0,A,Official value
604,Peru,5412,Yield,kg/ha,1984,527.8,A,Official value
604,Peru,5510,Production,t,1984,83357.0,A,Official value
604,Peru,5312,Area harvested,ha,1985,161071.0,A,Official value
604,Peru,5412,Yield,kg/ha,1985,563.3,A,Official value
604,Peru,5510,Production,t,1985,90736.0,A,Official value
604,Peru,5312,Area harvested,ha,1986,163072.0,A,Official value
604,Peru,5412,Yield,kg/ha,1986,589.0,A,Official value
604,Peru,5510,Production,t,1986,96054.0,A,Official value
604,Peru,5312,Area harvested,ha,1987,170491.0,A,Official value
604,Peru,5412,Yield,kg/ha,1987,578.0,A,Official value
604,Peru,5510,Production,t,1987,98538.0,A,Official value
604,Peru,5312,Area harvested,ha,1988,185125.0,A,Official value
604,Peru,5412,Yield,kg/ha,1988,537.0,A,Official value
604,Peru,5510,Production,t,1988,99414.0,A,Official value
604,Peru,5312,Area harvested,ha,1989,190203.0,A,Official value
604,Peru,5412,Yield,kg/ha,1989,556.0,A,Official value
604,Peru,5510,Production,t,1989,105753.0,A,Official value
604,Peru,5312,Area harvested,ha,1990,162661.0,A,Official value
604,Peru,5412,Yield,kg/ha,1990,498.8,A,Official value
604,Peru,5510,Production,t,1990,81142.0,A,Official value
604,Peru,5312,Area harvested,ha,1991,163962.0,A,Official value
604,Peru,5412,Yield,kg/ha,1991,504.0,A,Official value
604,Peru,5510,Production,t,1991,82635.0,A,Official value
604,Peru,5312,Area harvested,ha,1992,164662.0,A,Official value
604,Peru,5412,Yield,kg/ha,1992,525.4,A,Official value
604,Peru,5510,Production,t,1992,86519.0,A,Official value
604,Peru,5312,Area harvested,ha,1993,160876.0,A,Official value
604,Peru,5412,Yield,kg/ha,1993,532.1,A,Official value
604,Peru,5510,Production,t,1993,85603.0,A,Official value
604,Peru,5312,Area harvested,ha,1994,164230.0,A,Official value
604,Peru,5412,Yield,kg/ha,1994,556.2,A,Official value
604,Peru,5510,Production,t,1994,91340.0,A,Official value
604,Peru,5312,Area harvested,ha,1995,163382.0,A,Official value
604,Peru,5412,Yield,kg/ha,1995,591.8,A,Official value
604,Peru,5510,Production,t,1995,96697.0,A,Official value
604,Peru,5312,Area harvested,ha,1996,176261.0,A,Official value
604,Peru,5412,Yield,kg/ha,1996,604.3,A,Official value
604,Peru,5510,Production,t,1996,106520.0,A,Official value
604,Peru,5312,Area harvested,ha,1997,184585.0,A,Official value
604,Peru,5412,Yield,kg/ha,1997,722.1,A,Official value
604,Peru,5510,Production,t,1997,133296.0,A,Official value
604,Peru,5312,Area harvested,ha,1998,188610.0,A,Official value
604,Peru,5412,Yield,kg/ha,1998,767.5,A,Official value
604,Peru,5510,Production,t,1998,144763.0,A,Official value
604,Peru,5312,Area harvested,ha,1999,212261.0,A,Official value
604,Peru,5412,Yield,kg/ha,1999,787.5,A,Official value
604,Peru,5510,Production,t,1999,167145.0,A,Official value
604,Peru,5312,Area harvested,ha,2000,264492.0,A,Official value
604,Peru,5412,Yield,kg/ha,2000,724.6,A,Official value
604,Peru,5510,Production,t,2000,191651.0,A,Official value
604,Peru,5312,Area harvested,ha,2001,274252.0,A,Official value
604,Peru,5412,Yield,kg/ha,2001,715.5,A,Official value
604,Peru,5510,Production,t,2001,196232.0,A,Official value
604,Peru,5312,Area harvested,ha,2002,287379.0,A,Official value
604,Peru,5412,Yield,kg/ha,2002,740.4,A,Official value
604,Peru,5510,Production,t,2002,212770.0,A,Official value
604,Peru,5312,Area harvested,ha,2003,291844.0,A,Official value
604,Peru,5412,Yield,kg/ha,2003,696.1,A,Official value
604,Peru,5510,Production,t,2003,203148.0,A,Official value
604,Peru,5312,Area harvested,ha,2004,295139.0,A,Official value
604,Peru,5412,Yield,kg/ha,2004,784.2,A,Official value
604,Peru,5510,Production,t,2004,231447.0,A,Official value
604,Peru,5312,Area harvested,ha,2005,301534.0,A,Official value
604,Peru,5412,Yield,kg/ha,2005,625.5,A,Official value
604,Peru,5510,Production,t,2005,188611.0,A,Official value
604,Peru,5312,Area harvested,ha,2006,321449.0,A,Official value
604,Peru,5412,Yield,kg/ha,2006,849.8,A,Official value
604,Peru,5510,Production,t,2006,273178.0,A,Official value
604,Peru,5312,Area harvested,ha,2007,324062.0,A,Official value
604,Peru,5412,Yield,kg/ha,2007,697.4,A,Official value
604,Peru,5510,Production,t,2007,225992.0,A,Official value
604,Peru,5312,Area harvested,ha,2008,333388.0,A,Official value
604,Peru,5412,Yield,kg/ha,2008,821.2,A,Official value
604,Peru,5510,Production,t,2008,273780.0,A,Official value
604,Peru,5312,Area harvested,ha,2009,342621.0,A,Official value
604,Peru,5412,Yield,kg/ha,2009,710.6,A,Official value
604,Peru,5510,Production,t,2009,243479.0,A,Official value
604,Peru,5312,Area harvested,ha,2010,349633.0,A,Official value
604,Peru,5412,Yield,kg/ha,2010,756.8,A,Official value
604,Peru,5510,Production,t,2010,264605.0,A,Official value
604,Peru,5312,Area harvested,ha,2011,367096.0,A,Official value
604,Peru,5412,Yield,kg/ha,2011,903.2,A,Official value
604,Peru,5510,Production,t,2011,331547.0,A,Official value
604,Peru,5312,Area harvested,ha,2012,370632.0,A,Official value
604,Peru,5412,Yield,kg/ha,2012,863.8,A,Official value
604,Peru,5510,Production,t,2012,320163.56,A,Official value
604,Peru,5312,Area harvested,ha,2013,399523.0,A,Official value
604,Peru,5412,Yield,kg/ha,2013,641.4,A,Official value
604,Peru,5510,Production,t,2013,256241.43,A,Official value
604,Peru,5312,Area harvested,ha,2014,361671.0,A,Official value
604,Peru,5412,Yield,kg/ha,2014,613.9,A,Official value
604,Peru,5510,Production,t,2014,222047.0,A,Official value
604,Peru,5312,Area harvested,ha,2015,379187.0,A,Official value
604,Peru,5412,Yield,kg/ha,2015,664.4,A,Official value
604,Peru,5510,Production,t,2015,251938.0,A,Official value
604,Peru,5312,Area harvested,ha,2016,383973.0,A,Official value
604,Peru,5412,Yield,kg/ha,2016,723.4,A,Official value
604,Peru,5510,Production,t,2016,277760.4,A,Official value
604,Peru,5312,Area harvested,ha,2017,424129.0,A,Official value
604,Peru,5412,Yield,kg/ha,2017,795.3,A,Official value
604,Peru,5510,Production,t,2017,337330.0,A,Official value
604,Peru,5312,Area harvested,ha,2018,432409.0,A,Official value
604,Peru,5412,Yield,kg/ha,2018,854.8,A,Official value
604,Peru,5510,Production,t,2018,369621.99,A,Official value
604,Peru,5312,Area harvested,ha,2019,438177.0,A,Official value
604,Peru,5412,Yield,kg/ha,2019,829.2,A,Official value
604,Peru,5510,Production,t,2019,363319.59,A,Official value
604,Peru,5312,Area harvested,ha,2020,430820.0,A,Official value
604,Peru,5412,Yield,kg/ha,2020,819.8,A,Official value
604,Peru,5510,Production,t,2020,353205.74,A,Official value
604,Peru,5312,Area harvested,ha,2021,429717.0,A,Official value
604,Peru,5412,Yield,kg/ha,2021,847.1,A,Official value
604,Peru,5510,Production,t,2021,363996.83,A,Official value
604,Peru,5312,Area harvested,ha,2022,418790.0,A,Official value
604,Peru,5412,Yield,kg/ha,2022,853.3,A,Official value
604,Peru,5510,Production,t,2022,357346.42,A,Official value
604,Peru,5312,Area harvested,ha,2023,428738.0,A,Official value
604,Peru,5412,Yield,kg/ha,2023,855.9,A,Official value
604,Peru,5510,Production,t,2023,366940.03,A,Official value
604,Peru,5312,Area harvested,ha,2024,421972.0,A,Official value
604,Peru,5412,Yield,kg/ha,2024,850.8,A,Official value
604,Peru,5510,Production,t,2024,358993.78,A,Official value
608,Philippines,5312,Area harvested,ha,1961,39000.0,A,Official value
608,Philippines,5412,Yield,kg/ha,1961,828.2,A,Official value
608,Philippines,5510,Production,t,1961,32300.0,A,Official value
608,Philippines,5312,Area harvested,ha,1962,50000.0,A,Official value
608,Philippines,5412,Yield,kg/ha,1962,862.0,A,Official value
608,Philippines,5510,Production,t,1962,43100.0,A,Official value
608,Philippines,5312,Area harvested,ha,1963,42000.0,A,Official value
608,Philippines,5412,Yield,kg/ha,1963,783.3,A,Official value
608,Philippines,5510,Production,t,1963,32900.0,A,Official value
608,Philippines,5312,Area harvested,ha,1964,41970.0,A,Official value
608,Philippines,5412,Yield,kg/ha,1964,936.6,A,Official value
608,Philippines,5510,Production,t,1964,39311.0,A,Official value
608,Philippines,5312,Area harvested,ha,1965,44330.0,A,Official value
608,Philippines,5412,Yield,kg/ha,1965,995.8,A,Official value
608,Philippines,5510,Production,t,1965,44145.0,A,Official value
608,Philippines,5312,Area harvested,ha,1966,45730.0,A,Official value
608,Philippines,5412,Yield,kg/ha,1966,935.8,A,Official value
608,Philippines,5510,Production,t,1966,42793.0,A,Official value
608,Philippines,5312,Area harvested,ha,1967,50100.0,A,Official value
608,Philippines,5412,Yield,kg/ha,1967,884.2,A,Official value
608,Philippines,5510,Production,t,1967,44300.0,A,Official value
608,Philippines,5312,Area harvested,ha,1968,49380.0,A,Official value
608,Philippines,5412,Yield,kg/ha,1968,888.3,A,Official value
608,Philippines,5510,Production,t,1968,43862.0,A,Official value
608,Philippines,5312,Area harvested,ha,1969,51990.0,A,Official value
608,Philippines,5412,Yield,kg/ha,1969,849.6,A,Official value
608,Philippines,5510,Production,t,1969,44172.0,A,Official value
608,Philippines,5312,Area harvested,ha,1970,53980.0,A,Official value
608,Philippines,5412,Yield,kg/ha,1970,908.1,A,Official value
608,Philippines,5510,Production,t,1970,49017.0,A,Official value
608,Philippines,5312,Area harvested,ha,1971,54300.0,A,Official value
608,Philippines,5412,Yield,kg/ha,1971,911.6,A,Official value
608,Philippines,5510,Production,t,1971,49500.0,A,Official value
608,Philippines,5312,Area harvested,ha,1972,54800.0,A,Official value
608,Philippines,5412,Yield,kg/ha,1972,941.6,A,Official value
608,Philippines,5510,Production,t,1972,51600.0,A,Official value
608,Philippines,5312,Area harvested,ha,1973,60790.0,A,Official value
608,Philippines,5412,Yield,kg/ha,1973,837.5,A,Official value
608,Philippines,5510,Production,t,1973,50910.0,A,Official value
608,Philippines,5312,Area harvested,ha,1974,64920.0,A,Official value
608,Philippines,5412,Yield,kg/ha,1974,816.9,A,Official value
608,Philippines,5510,Production,t,1974,53031.0,A,Official value
608,Philippines,5312,Area harvested,ha,1975,65380.0,A,Official value
608,Philippines,5412,Yield,kg/ha,1975,1398.7,A,Official value
608,Philippines,5510,Production,t,1975,91444.0,A,Official value
608,Philippines,5312,Area harvested,ha,1976,76820.0,A,Official value
608,Philippines,5412,Yield,kg/ha,1976,1051.8,A,Official value
608,Philippines,5510,Production,t,1976,80800.0,A,Official value
608,Philippines,5312,Area harvested,ha,1977,76200.0,A,Official value
608,Philippines,5412,Yield,kg/ha,1977,1379.3,A,Official value
608,Philippines,5510,Production,t,1977,105100.0,A,Official value
608,Philippines,5312,Area harvested,ha,1978,84510.0,A,Official value
608,Philippines,5412,Yield,kg/ha,1978,1405.2,A,Official value
608,Philippines,5510,Production,t,1978,118750.0,A,Official value
608,Philippines,5312,Area harvested,ha,1979,95330.0,A,Official value
608,Philippines,5412,Yield,kg/ha,1979,1211.6,A,Official value
608,Philippines,5510,Production,t,1979,115500.0,A,Official value
608,Philippines,5312,Area harvested,ha,1980,101830.0,A,Official value
608,Philippines,5412,Yield,kg/ha,1980,1230.3,A,Official value
608,Philippines,5510,Production,t,1980,125285.0,A,Official value
608,Philippines,5312,Area harvested,ha,1981,118700.0,A,Official value
608,Philippines,5412,Yield,kg/ha,1981,1235.9,A,Official value
608,Philippines,5510,Production,t,1981,146700.0,A,Official value
608,Philippines,5312,Area harvested,ha,1982,135660.0,A,Official value
608,Philippines,5412,Yield,kg/ha,1982,1263.5,A,Official value
608,Philippines,5510,Production,t,1982,171400.0,A,Official value
608,Philippines,5312,Area harvested,ha,1983,137340.0,A,Official value
608,Philippines,5412,Yield,kg/ha,1983,1069.8,A,Official value
608,Philippines,5510,Production,t,1983,146927.0,A,Official value
608,Philippines,5312,Area harvested,ha,1984,140230.0,A,Official value
608,Philippines,5412,Yield,kg/ha,1984,832.6,A,Official value
608,Philippines,5510,Production,t,1984,116755.0,A,Official value
608,Philippines,5312,Area harvested,ha,1985,145800.0,A,Official value
608,Philippines,5412,Yield,kg/ha,1985,928.4,A,Official value
608,Philippines,5510,Production,t,1985,135354.0,A,Official value
608,Philippines,5312,Area harvested,ha,1986,141279.0,A,Official value
608,Philippines,5412,Yield,kg/ha,1986,1028.5,A,Official value
608,Philippines,5510,Production,t,1986,145301.0,A,Official value
608,Philippines,5312,Area harvested,ha,1987,143232.0,A,Official value
608,Philippines,5412,Yield,kg/ha,1987,978.3,A,Official value
608,Philippines,5510,Production,t,1987,140119.0,A,Official value
608,Philippines,5312,Area harvested,ha,1988,142460.0,A,Official value
608,Philippines,5412,Yield,kg/ha,1988,996.0,A,Official value
608,Philippines,5510,Production,t,1988,141892.0,A,Official value
608,Philippines,5312,Area harvested,ha,1989,143156.0,A,Official value
608,Philippines,5412,Yield,kg/ha,1989,1089.0,A,Official value
608,Philippines,5510,Production,t,1989,155900.0,A,Official value
608,Philippines,5312,Area harvested,ha,1990,144007.0,A,Official value
608,Philippines,5412,Yield,kg/ha,1990,872.6,A,Official value
608,Philippines,5510,Production,t,1990,125659.0,A,Official value
608,Philippines,5312,Area harvested,ha,1991,145377.0,A,Official value
608,Philippines,5412,Yield,kg/ha,1991,860.0,A,Official value
608,Philippines,5510,Production,t,1991,125017.0,A,Official value
608,Philippines,5312,Area harvested,ha,1992,144851.0,A,Official value
608,Philippines,5412,Yield,kg/ha,1992,875.6,A,Official value
608,Philippines,5510,Production,t,1992,126832.0,A,Official value
608,Philippines,5312,Area harvested,ha,1993,143843.0,A,Official value
608,Philippines,5412,Yield,kg/ha,1993,864.9,A,Official value
608,Philippines,5510,Production,t,1993,124415.0,A,Official value
608,Philippines,5312,Area harvested,ha,1994,142651.0,A,Official value
608,Philippines,5412,Yield,kg/ha,1994,866.1,A,Official value
608,Philippines,5510,Production,t,1994,123553.0,A,Official value
608,Philippines,5312,Area harvested,ha,1995,140897.0,A,Official value
608,Philippines,5412,Yield,kg/ha,1995,904.3,A,Official value
608,Philippines,5510,Production,t,1995,127412.0,A,Official value
608,Philippines,5312,Area harvested,ha,1996,137215.0,A,Official value
608,Philippines,5412,Yield,kg/ha,1996,854.3,A,Official value
608,Philippines,5510,Production,t,1996,117226.0,A,Official value
608,Philippines,5312,Area harvested,ha,1997,136533.0,A,Official value
608,Philippines,5412,Yield,kg/ha,1997,879.0,A,Official value
608,Philippines,5510,Production,t,1997,120006.0,A,Official value
608,Philippines,5312,Area harvested,ha,1998,133902.0,A,Official value
608,Philippines,5412,Yield,kg/ha,1998,805.1,A,Official value
608,Philippines,5510,Production,t,1998,107802.0,A,Official value
608,Philippines,5312,Area harvested,ha,1999,133208.0,A,Official value
608,Philippines,5412,Yield,kg/ha,1999,781.7,A,Official value
608,Philippines,5510,Production,t,1999,104124.0,A,Official value
608,Philippines,5312,Area harvested,ha,2000,136921.0,A,Official value
608,Philippines,5412,Yield,kg/ha,2000,785.5,A,Official value
608,Philippines,5510,Production,t,2000,107557.0,A,Official value
608,Philippines,5312,Area harvested,ha,2001,135354.0,A,Official value
608,Philippines,5412,Yield,kg/ha,2001,829.5,A,Official value
608,Philippines,5510,Production,t,2001,112271.0,A,Official value
608,Philippines,5312,Area harvested,ha,2002,132408.0,A,Official value
608,Philippines,5412,Yield,kg/ha,2002,808.7,A,Official value
608,Philippines,5510,Production,t,2002,107080.0,A,Official value
608,Philippines,5312,Area harvested,ha,2003,131790.0,A,Official value
608,Philippines,5412,Yield,kg/ha,2003,807.3,A,Official value
608,Philippines,5510,Production,t,2003,106388.0,A,Official value
608,Philippines,5312,Area harvested,ha,2004,131206.0,A,Official value
608,Philippines,5412,Yield,kg/ha,2004,784.0,A,Official value
608,Philippines,5510,Production,t,2004,102865.0,A,Official value
608,Philippines,5312,Area harvested,ha,2005,127975.0,A,Official value
608,Philippines,5412,Yield,kg/ha,2005,827.1,A,Official value
608,Philippines,5510,Production,t,2005,105847.0,A,Official value
608,Philippines,5312,Area harvested,ha,2006,126063.0,A,Official value
608,Philippines,5412,Yield,kg/ha,2006,825.7,A,Official value
608,Philippines,5510,Production,t,2006,104093.0,A,Official value
608,Philippines,5312,Area harvested,ha,2007,123975.0,A,Official value
608,Philippines,5412,Yield,kg/ha,2007,789.5,A,Official value
608,Philippines,5510,Production,t,2007,97877.0,A,Official value
608,Philippines,5312,Area harvested,ha,2008,123269.0,A,Official value
608,Philippines,5412,Yield,kg/ha,2008,790.4,A,Official value
608,Philippines,5510,Production,t,2008,97428.0,A,Official value
608,Philippines,5312,Area harvested,ha,2009,122645.0,A,Official value
608,Philippines,5412,Yield,kg/ha,2009,786.3,A,Official value
608,Philippines,5510,Production,t,2009,96433.0,A,Official value
608,Philippines,5312,Area harvested,ha,2010,121399.0,A,Official value
608,Philippines,5412,Yield,kg/ha,2010,778.7,A,Official value
608,Philippines,5510,Production,t,2010,94536.0,A,Official value
608,Philippines,5312,Area harvested,ha,2011,119637.0,A,Official value
608,Philippines,5412,Yield,kg/ha,2011,740.0,A,Official value
608,Philippines,5510,Production,t,2011,88526.0,A,Official value
608,Philippines,5312,Area harvested,ha,2012,120000.0,A,Official value
608,Philippines,5412,Yield,kg/ha,2012,741.2,A,Official value
608,Philippines,5510,Production,t,2012,88943.0,A,Official value
608,Philippines,5312,Area harvested,ha,2013,116460.0,A,Official value
608,Philippines,5412,Yield,kg/ha,2013,675.2,A,Official value
608,Philippines,5510,Production,t,2013,78634.0,A,Official value
608,Philippines,5312,Area harvested,ha,2014,117451.0,A,Official value
608,Philippines,5412,Yield,kg/ha,2014,642.4,A,Official value
608,Philippines,5510,Production,t,2014,75454.0,A,Official value
608,Philippines,5312,Area harvested,ha,2015,113738.0,A,Official value
608,Philippines,5412,Yield,kg/ha,2015,636.0,A,Official value
608,Philippines,5510,Production,t,2015,72342.0,A,Official value
608,Philippines,5312,Area harvested,ha,2016,114839.0,A,Official value
608,Philippines,5412,Yield,kg/ha,2016,599.3,A,Official value
608,Philippines,5510,Production,t,2016,68822.93,A,Official value
608,Philippines,5312,Area harvested,ha,2017,112843.0,A,Official value
608,Philippines,5412,Yield,kg/ha,2017,550.1,A,Official value
608,Philippines,5510,Production,t,2017,62077.95,A,Official value
608,Philippines,5312,Area harvested,ha,2018,113352.0,A,Official value
608,Philippines,5412,Yield,kg/ha,2018,532.1,A,Official value
608,Philippines,5510,Production,t,2018,60312.76,A,Official value
608,Philippines,5312,Area harvested,ha,2019,112024.0,A,Official value
608,Philippines,5412,Yield,kg/ha,2019,536.0,A,Official value
608,Philippines,5510,Production,t,2019,60043.88,A,Official value
608,Philippines,5312,Area harvested,ha,2020,113265.0,A,Official value
608,Philippines,5412,Yield,kg/ha,2020,535.4,A,Official value
608,Philippines,5510,Production,t,2020,60640.95,A,Official value
608,Philippines,5312,Area harvested,ha,2021,112553.0,A,Official value
608,Philippines,5412,Yield,kg/ha,2021,538.5,A,Official value
608,Philippines,5510,Production,t,2021,60607.18,A,Official value
608,Philippines,5312,Area harvested,ha,2022,112279.0,A,Official value
608,Philippines,5312,Area harvested,ha,2023,112890.0,A,Official value
608,Philippines,5312,Area harvested,ha,2024,115779.0,A,Official value
630,Puerto Rico,5312,Area harvested,ha,1961,63000.0,A,Official value
630,Puerto Rico,5412,Yield,kg/ha,1961,252.0,A,Official value
630,Puerto Rico,5510,Production,t,1961,15876.0,A,Official value
630,Puerto Rico,5312,Area harvested,ha,1962,63000.0,A,Official value
630,Puerto Rico,5412,Yield,kg/ha,1962,284.4,A,Official value
630,Puerto Rico,5510,Production,t,1962,17917.0,A,Official value
630,Puerto Rico,5312,Area harvested,ha,1963,63000.0,A,Official value
630,Puerto Rico,5412,Yield,kg/ha,1963,226.8,A,Official value
630,Puerto Rico,5510,Production,t,1963,14288.0,A,Official value
630,Puerto Rico,5312,Area harvested,ha,1964,63000.0,A,Official value
630,Puerto Rico,5412,Yield,kg/ha,1964,270.0,A,Official value
630,Puerto Rico,5510,Production,t,1964,17010.0,A,Official value
630,Puerto Rico,5312,Area harvested,ha,1965,63000.0,A,Official value
630,Puerto Rico,5412,Yield,kg/ha,1965,215.9,A,Official value
630,Puerto Rico,5510,Production,t,1965,13600.0,A,Official value
630,Puerto Rico,5312,Area harvested,ha,1966,63000.0,A,Official value
630,Puerto Rico,5412,Yield,kg/ha,1966,204.5,A,Official value
630,Puerto Rico,5510,Production,t,1966,12882.0,A,Official value
630,Puerto Rico,5312,Area harvested,ha,1967,63000.0,A,Official value
630,Puerto Rico,5412,Yield,kg/ha,1967,234.0,A,Official value
630,Puerto Rico,5510,Production,t,1967,14742.0,A,Official value
630,Puerto Rico,5312,Area harvested,ha,1968,63000.0,A,Official value
630,Puerto Rico,5412,Yield,kg/ha,1968,187.2,A,Official value
630,Puerto Rico,5510,Production,t,1968,11793.0,A,Official value
630,Puerto Rico,5312,Area harvested,ha,1969,51000.0,A,Official value
630,Puerto Rico,5412,Yield,kg/ha,1969,178.0,A,Official value
630,Puerto Rico,5510,Production,t,1969,9078.0,A,Official value
630,Puerto Rico,5312,Area harvested,ha,1970,51090.0,A,Official value
630,Puerto Rico,5412,Yield,kg/ha,1970,301.9,A,Official value
630,Puerto Rico,5510,Production,t,1970,15422.0,A,Official value
630,Puerto Rico,5312,Area harvested,ha,1971,51090.0,A,Official value
630,Puerto Rico,5412,Yield,kg/ha,1971,213.1,A,Official value
630,Puerto Rico,5510,Production,t,1971,10886.0,A,Official value
630,Puerto Rico,5312,Area harvested,ha,1972,51090.0,A,Official value
630,Puerto Rico,5412,Yield,kg/ha,1972,239.7,A,Official value
630,Puerto Rico,5510,Production,t,1972,12247.0,A,Official value
630,Puerto Rico,5312,Area harvested,ha,1973,51090.0,A,Official value
630,Puerto Rico,5412,Yield,kg/ha,1973,268.1,A,Official value
630,Puerto Rico,5510,Production,t,1973,13698.0,A,Official value
630,Puerto Rico,5312,Area harvested,ha,1974,51090.0,A,Official value
630,Puerto Rico,5412,Yield,kg/ha,1974,205.1,A,Official value
630,Puerto Rico,5510,Production,t,1974,10478.0,A,Official value
630,Puerto Rico,5312,Area harvested,ha,1975,51090.0,A,Official value
630,Puerto Rico,5412,Yield,kg/ha,1975,223.7,A,Official value
630,Puerto Rico,5510,Production,t,1975,11430.0,A,Official value
630,Puerto Rico,5312,Area harvested,ha,1976,55025.0,A,Official value
630,Puerto Rico,5412,Yield,kg/ha,1976,207.7,A,Official value
630,Puerto Rico,5510,Production,t,1976,11428.0,A,Official value
630,Puerto Rico,5312,Area harvested,ha,1977,51095.0,A,Official value
630,Puerto Rico,5412,Yield,kg/ha,1977,170.4,A,Official value
630,Puerto Rico,5510,Production,t,1977,8707.0,A,Official value
630,Puerto Rico,5312,Area harvested,ha,1978,51095.0,A,Official value
630,Puerto Rico,5412,Yield,kg/ha,1978,233.4,A,Official value
630,Puerto Rico,5510,Production,t,1978,11927.0,A,Official value
630,Puerto Rico,5312,Area harvested,ha,1979,47164.0,A,Official value
630,Puerto Rico,5412,Yield,kg/ha,1979,202.0,A,Official value
630,Puerto Rico,5510,Production,t,1979,9526.0,A,Official value
630,Puerto Rico,5312,Area harvested,ha,1980,50800.0,A,Official value
630,Puerto Rico,5412,Yield,kg/ha,1980,233.9,A,Official value
630,Puerto Rico,5510,Production,t,1980,11884.0,A,Official value
630,Puerto Rico,5312,Area harvested,ha,1981,50800.0,A,Official value
630,Puerto Rico,5412,Yield,kg/ha,1981,267.9,A,Official value
630,Puerto Rico,5510,Production,t,1981,13608.0,A,Official value
630,Puerto Rico,5312,Area harvested,ha,1982,50800.0,A,Official value
630,Puerto Rico,5412,Yield,kg/ha,1982,255.4,A,Official value
630,Puerto Rico,5510,Production,t,1982,12973.0,A,Official value
630,Puerto Rico,5312,Area harvested,ha,1983,50800.0,A,Official value
630,Puerto Rico,5412,Yield,kg/ha,1983,308.1,A,Official value
630,Puerto Rico,5510,Production,t,1983,15649.0,A,Official value
630,Puerto Rico,5312,Area harvested,ha,1984,50800.0,A,Official value
630,Puerto Rico,5412,Yield,kg/ha,1984,241.1,A,Official value
630,Puerto Rico,5510,Production,t,1984,12247.0,A,Official value
630,Puerto Rico,5312,Area harvested,ha,1985,50800.0,A,Official value
630,Puerto Rico,5412,Yield,kg/ha,1985,276.8,A,Official value
630,Puerto Rico,5510,Production,t,1985,14061.0,A,Official value
630,Puerto Rico,5312,Area harvested,ha,1986,50800.0,A,Official value
630,Puerto Rico,5412,Yield,kg/ha,1986,223.2,A,Official value
630,Puerto Rico,5510,Production,t,1986,11340.0,A,Official value
630,Puerto Rico,5312,Area harvested,ha,1987,50800.0,A,Official value
630,Puerto Rico,5412,Yield,kg/ha,1987,314.3,A,Official value
630,Puerto Rico,5510,Production,t,1987,15967.0,A,Official value
630,Puerto Rico,5510,Production,t,1988,13154.0,A,Official value
630,Puerto Rico,5510,Production,t,1989,14515.0,A,Official value
630,Puerto Rico,5510,Production,t,1990,12927.0,A,Official value
630,Puerto Rico,5510,Production,t,1991,12701.0,A,Official value
630,Puerto Rico,5312,Area harvested,ha,1992,29748.0,A,Official value
630,Puerto Rico,5412,Yield,kg/ha,1992,427.0,A,Official value
630,Puerto Rico,5510,Production,t,1992,12701.0,A,Official value
630,Puerto Rico,5312,Area harvested,ha,1993,32150.0,A,Official value
630,Puerto Rico,5412,Yield,kg/ha,1993,481.4,A,Official value
630,Puerto Rico,5510,Production,t,1993,15478.0,A,Official value
630,Puerto Rico,5312,Area harvested,ha,1994,29748.0,A,Official value
630,Puerto Rico,5412,Yield,kg/ha,1994,426.9,A,Official value
630,Puerto Rico,5510,Production,t,1994,12700.0,A,Official value
630,Puerto Rico,5312,Area harvested,ha,1995,32425.0,A,Official value
630,Puerto Rico,5412,Yield,kg/ha,1995,391.7,A,Official value
630,Puerto Rico,5510,Production,t,1995,12701.0,A,Official value
630,Puerto Rico,5312,Area harvested,ha,1996,32465.0,A,Official value
630,Puerto Rico,5412,Yield,kg/ha,1996,375.0,A,Official value
630,Puerto Rico,5510,Production,t,1996,12175.0,A,Official value
630,Puerto Rico,5312,Area harvested,ha,1997,32622.0,A,Official value
630,Puerto Rico,5412,Yield,kg/ha,1997,354.6,A,Official value
630,Puerto Rico,5510,Production,t,1997,11567.0,A,Official value
630,Puerto Rico,5312,Area harvested,ha,1998,30450.0,A,Official value
630,Puerto Rico,5412,Yield,kg/ha,1998,439.8,A,Official value
630,Puerto Rico,5510,Production,t,1998,13393.0,A,Official value
630,Puerto Rico,5312,Area harvested,ha,1999,30590.0,A,Official value
630,Puerto Rico,5412,Yield,kg/ha,1999,228.8,A,Official value
630,Puerto Rico,5510,Production,t,1999,7000.0,A,Official value
630,Puerto Rico,5312,Area harvested,ha,2000,30190.0,A,Official value
630,Puerto Rico,5412,Yield,kg/ha,2000,273.3,A,Official value
630,Puerto Rico,5510,Production,t,2000,8250.0,A,Official value
630,Puerto Rico,5312,Area harvested,ha,2001,30590.0,A,Official value
630,Puerto Rico,5412,Yield,kg/ha,2001,282.8,A,Official value
630,Puerto Rico,5510,Production,t,2001,8650.0,A,Official value
630,Puerto Rico,5312,Area harvested,ha,2002,30590.0,A,Official value
630,Puerto Rico,5412,Yield,kg/ha,2002,248.4,A,Official value
630,Puerto Rico,5510,Production,t,2002,7600.0,A,Official value
630,Puerto Rico,5312,Area harvested,ha,2003,27510.0,A,Official value
630,Puerto Rico,5412,Yield,kg/ha,2003,338.3,A,Official value
630,Puerto Rico,5510,Production,t,2003,9308.0,A,Official value
630,Puerto Rico,5312,Area harvested,ha,2004,22008.0,A,Official value
630,Puerto Rico,5412,Yield,kg/ha,2004,463.7,A,Official value
630,Puerto Rico,5510,Production,t,2004,10206.0,A,Official value
630,Puerto Rico,5312,Area harvested,ha,2005,22008.0,A,Official value
630,Puerto Rico,5412,Yield,kg/ha,2005,360.7,A,Official value
630,Puerto Rico,5510,Production,t,2005,7938.0,A,Official value
630,Puerto Rico,5312,Area harvested,ha,2012,13053.0,A,Official value
630,Puerto Rico,5412,Yield,kg/ha,2012,441.3,A,Official value
630,Puerto Rico,5510,Production,t,2012,5760.0,A,Official value
630,Puerto Rico,5312,Area harvested,ha,2014,6437.0,A,Official value
630,Puerto Rico,5412,Yield,kg/ha,2014,726.2,A,Official value
630,Puerto Rico,5510,Production,t,2014,4674.4,A,Official value
630,Puerto Rico,5312,Area harvested,ha,2015,6287.0,A,Official value
630,Puerto Rico,5412,Yield,kg/ha,2015,535.9,A,Official value
630,Puerto Rico,5510,Production,t,2015,3369.05,A,Official value
630,Puerto Rico,5312,Area harvested,ha,2018,5220.0,A,Official value
630,Puerto Rico,5412,Yield,kg/ha,2018,186.8,A,Official value
630,Puerto Rico,5510,Production,t,2018,975.0,A,Official value
630,Puerto Rico,5312,Area harvested,ha,2022,7452.0,A,Official value
630,Puerto Rico,5412,Yield,kg/ha,2022,367.7,A,Official value
630,Puerto Rico,5510,Production,t,2022,2740.0,A,Official value
646,Rwanda,5312,Area harvested,ha,1962,17190.0,A,Official value
646,Rwanda,5312,Area harvested,ha,1963,17550.0,A,Official value
646,Rwanda,5412,Yield,kg/ha,1963,267.8,A,Official value
646,Rwanda,5510,Production,t,1963,4700.0,A,Official value
646,Rwanda,5312,Area harvested,ha,1964,17710.0,A,Official value
646,Rwanda,5412,Yield,kg/ha,1964,457.4,A,Official value
646,Rwanda,5510,Production,t,1964,8100.0,A,Official value
646,Rwanda,5312,Area harvested,ha,1965,18700.0,A,Official value
646,Rwanda,5412,Yield,kg/ha,1965,534.7,A,Official value
646,Rwanda,5510,Production,t,1965,9998.0,A,Official value
646,Rwanda,5312,Area harvested,ha,1966,18888.0,A,Official value
646,Rwanda,5412,Yield,kg/ha,1966,455.5,A,Official value
646,Rwanda,5510,Production,t,1966,8603.0,A,Official value
646,Rwanda,5312,Area harvested,ha,1967,19650.0,A,Official value
646,Rwanda,5412,Yield,kg/ha,1967,567.8,A,Official value
646,Rwanda,5510,Production,t,1967,11157.0,A,Official value
646,Rwanda,5312,Area harvested,ha,1968,21430.0,A,Official value
646,Rwanda,5412,Yield,kg/ha,1968,560.7,A,Official value
646,Rwanda,5510,Production,t,1968,12015.0,A,Official value
646,Rwanda,5312,Area harvested,ha,1969,23234.0,A,Official value
646,Rwanda,5412,Yield,kg/ha,1969,533.7,A,Official value
646,Rwanda,5510,Production,t,1969,12399.0,A,Official value
646,Rwanda,5312,Area harvested,ha,1970,23934.0,A,Official value
646,Rwanda,5412,Yield,kg/ha,1970,595.0,A,Official value
646,Rwanda,5510,Production,t,1970,14240.0,A,Official value
646,Rwanda,5312,Area harvested,ha,1971,25285.0,A,Official value
646,Rwanda,5412,Yield,kg/ha,1971,602.9,A,Official value
646,Rwanda,5510,Production,t,1971,15245.0,A,Official value
646,Rwanda,5312,Area harvested,ha,1972,26902.0,A,Official value
646,Rwanda,5412,Yield,kg/ha,1972,394.1,A,Official value
646,Rwanda,5510,Production,t,1972,10602.0,A,Official value
646,Rwanda,5312,Area harvested,ha,1973,27000.0,A,Official value
646,Rwanda,5412,Yield,kg/ha,1973,524.4,A,Official value
646,Rwanda,5510,Production,t,1973,14160.0,A,Official value
646,Rwanda,5312,Area harvested,ha,1974,28672.0,A,Official value
646,Rwanda,5412,Yield,kg/ha,1974,490.4,A,Official value
646,Rwanda,5510,Production,t,1974,14062.0,A,Official value
646,Rwanda,5312,Area harvested,ha,1975,28842.0,A,Official value
646,Rwanda,5412,Yield,kg/ha,1975,625.7,A,Official value
646,Rwanda,5510,Production,t,1975,18045.0,A,Official value
646,Rwanda,5312,Area harvested,ha,1976,30819.0,A,Official value
646,Rwanda,5412,Yield,kg/ha,1976,659.8,A,Official value
646,Rwanda,5510,Production,t,1976,20334.0,A,Official value
646,Rwanda,5312,Area harvested,ha,1977,31932.0,A,Official value
646,Rwanda,5412,Yield,kg/ha,1977,647.8,A,Official value
646,Rwanda,5510,Production,t,1977,20684.0,A,Official value
646,Rwanda,5312,Area harvested,ha,1978,32400.0,A,Official value
646,Rwanda,5412,Yield,kg/ha,1978,678.8,A,Official value
646,Rwanda,5510,Production,t,1978,21994.0,A,Official value
646,Rwanda,5312,Area harvested,ha,1983,37300.0,A,Official value
646,Rwanda,5412,Yield,kg/ha,1983,898.1,A,Official value
646,Rwanda,5510,Production,t,1983,33500.0,A,Official value
646,Rwanda,5312,Area harvested,ha,1984,33713.0,A,Official value
646,Rwanda,5312,Area harvested,ha,1985,39025.0,A,Official value
646,Rwanda,5312,Area harvested,ha,1986,47570.0,A,Official value
646,Rwanda,5412,Yield,kg/ha,1986,869.2,A,Official value
646,Rwanda,5510,Production,t,1986,41348.0,A,Official value
646,Rwanda,5312,Area harvested,ha,1987,50200.0,A,Official value
646,Rwanda,5412,Yield,kg/ha,1987,832.6,A,Official value
646,Rwanda,5510,Production,t,1987,41797.0,A,Official value
646,Rwanda,5312,Area harvested,ha,1988,53700.0,A,Official value
646,Rwanda,5412,Yield,kg/ha,1988,794.5,A,Official value
646,Rwanda,5510,Production,t,1988,42666.0,A,Official value
646,Rwanda,5312,Area harvested,ha,1989,54400.0,A,Official value
646,Rwanda,5412,Yield,kg/ha,1989,562.3,A,Official value
646,Rwanda,5510,Production,t,1989,30591.0,A,Official value
646,Rwanda,5510,Production,t,1990,34680.0,A,Official value
646,Rwanda,5510,Production,t,1992,38824.0,A,Official value
646,Rwanda,5510,Production,t,1993,27510.0,A,Official value
646,Rwanda,5510,Production,t,1994,1274.0,A,Official value
646,Rwanda,5510,Production,t,1995,21952.0,A,Official value
646,Rwanda,5510,Production,t,1996,15285.0,A,Official value
646,Rwanda,5510,Production,t,1997,14830.0,A,Official value
646,Rwanda,5510,Production,t,1998,14268.0,A,Official value
646,Rwanda,5312,Area harvested,ha,1999,26728.0,A,Official value
646,Rwanda,5412,Yield,kg/ha,1999,703.4,A,Official value
646,Rwanda,5510,Production,t,1999,18800.0,A,Official value
646,Rwanda,5510,Production,t,2000,16098.0,A,Official value
646,Rwanda,5510,Production,t,2001,18366.0,A,Official value
646,Rwanda,5510,Production,t,2002,19427.0,A,Official value
646,Rwanda,5510,Production,t,2003,13805.0,A,Official value
646,Rwanda,5312,Area harvested,ha,2004,29000.0,A,Official value
646,Rwanda,5412,Yield,kg/ha,2004,690.2,A,Official value
646,Rwanda,5510,Production,t,2004,20017.0,A,Official value
646,Rwanda,5312,Area harvested,ha,2005,29625.0,A,Official value
646,Rwanda,5412,Yield,kg/ha,2005,627.7,A,Official value
646,Rwanda,5510,Production,t,2005,18597.0,A,Official value
646,Rwanda,5312,Area harvested,ha,2006,30750.0,A,Official value
646,Rwanda,5412,Yield,kg/ha,2006,722.7,A,Official value
646,Rwanda,5510,Production,t,2006,22223.0,A,Official value
646,Rwanda,5312,Area harvested,ha,2007,31875.0,A,Official value
646,Rwanda,5412,Yield,kg/ha,2007,460.6,A,Official value
646,Rwanda,5510,Production,t,2007,14683.0,A,Official value
646,Rwanda,5312,Area harvested,ha,2008,42900.0,A,Official value
646,Rwanda,5412,Yield,kg/ha,2008,483.1,A,Official value
646,Rwanda,5510,Production,t,2008,20724.0,A,Official value
646,Rwanda,5312,Area harvested,ha,2009,28828.0,A,Official value
646,Rwanda,5412,Yield,kg/ha,2009,672.0,A,Official value
646,Rwanda,5510,Production,t,2009,19371.89,A,Official value
646,Rwanda,5312,Area harvested,ha,2010,33977.0,A,Official value
646,Rwanda,5412,Yield,kg/ha,2010,568.6,A,Official value
646,Rwanda,5510,Production,t,2010,19319.0,A,Official value
646,Rwanda,5312,Area harvested,ha,2011,37377.0,A,Official value
646,Rwanda,5412,Yield,kg/ha,2011,583.8,A,Official value
646,Rwanda,5510,Production,t,2011,21820.4,A,Official value
646,Rwanda,5312,Area harvested,ha,2012,41762.0,A,Official value
646,Rwanda,5412,Yield,kg/ha,2012,478.8,A,Official value
646,Rwanda,5510,Production,t,2012,19995.0,A,Official value
646,Rwanda,5312,Area harvested,ha,2013,52030.0,A,Official value
646,Rwanda,5412,Yield,kg/ha,2013,352.6,A,Official value
646,Rwanda,5510,Production,t,2013,18346.0,A,Official value
646,Rwanda,5312,Area harvested,ha,2014,55030.0,A,Official value
646,Rwanda,5412,Yield,kg/ha,2014,297.6,A,Official value
646,Rwanda,5510,Production,t,2014,16379.0,A,Official value
646,Rwanda,5312,Area harvested,ha,2015,35500.0,A,Official value
646,Rwanda,5412,Yield,kg/ha,2015,614.3,A,Official value
646,Rwanda,5510,Production,t,2015,21808.0,A,Official value
646,Rwanda,5312,Area harvested,ha,2017,29558.0,A,Official value
646,Rwanda,5412,Yield,kg/ha,2017,1073.1,A,Official value
646,Rwanda,5510,Production,t,2017,31717.52,A,Official value
646,Rwanda,5312,Area harvested,ha,2018,23412.0,A,Official value
646,Rwanda,5412,Yield,kg/ha,2018,1650.6,A,Official value
646,Rwanda,5510,Production,t,2018,38643.34,A,Official value
646,Rwanda,5312,Area harvested,ha,2019,21793.0,A,Official value
646,Rwanda,5412,Yield,kg/ha,2019,1347.5,A,Official value
646,Rwanda,5510,Production,t,2019,29366.01,A,Official value
646,Rwanda,5510,Production,t,2020,20459.0,A,Official value
646,Rwanda,5312,Area harvested,ha,2021,18220.0,A,Official value
646,Rwanda,5412,Yield,kg/ha,2021,1068.5,A,Official value
646,Rwanda,5510,Production,t,2021,19466.88,A,Official value
646,Rwanda,5312,Area harvested,ha,2022,39500.0,A,Official value
646,Rwanda,5412,Yield,kg/ha,2022,479.6,A,Official value
646,Rwanda,5510,Production,t,2022,18945.39,A,Official value
646,Rwanda,5312,Area harvested,ha,2023,20219.0,A,Official value
646,Rwanda,5412,Yield,kg/ha,2023,1340.5,A,Official value
646,Rwanda,5510,Production,t,2023,27104.4,A,Official value
646,Rwanda,5510,Production,t,2024,17839.78,A,Official value
662,Saint Lucia,5510,Production,t,1961,25.0,A,Official value
662,Saint Lucia,5510,Production,t,1973,24.0,A,Official value
662,Saint Lucia,5510,Production,t,1980,17.0,A,Official value
662,Saint Lucia,5510,Production,t,1981,12.0,A,Official value
882,Samoa,5312,Area harvested,ha,1961,202.0,A,Official value
882,Samoa,5510,Production,t,1966,150.0,A,Official value
882,Samoa,5510,Production,t,1967,150.0,A,Official value
882,Samoa,5510,Production,t,1968,150.0,A,Official value
882,Samoa,5510,Production,t,1969,150.0,A,Official value
882,Samoa,5510,Production,t,1970,150.0,A,Official value
882,Samoa,5510,Production,t,1971,150.0,A,Official value
882,Samoa,5510,Production,t,1972,40.0,A,Official value
882,Samoa,5510,Production,t,1973,40.0,A,Official value
882,Samoa,5510,Production,t,1974,40.0,A,Official value
882,Samoa,5312,Area harvested,ha,1975,160.0,A,Official value
882,Samoa,5412,Yield,kg/ha,1975,125.0,A,Official value
882,Samoa,5510,Production,t,1975,20.0,A,Official value
882,Samoa,5312,Area harvested,ha,1976,160.0,A,Official value
882,Samoa,5312,Area harvested,ha,1977,160.0,A,Official value
882,Samoa,5312,Area harvested,ha,1978,160.0,A,Official value
882,Samoa,5412,Yield,kg/ha,1978,125.0,A,Official value
882,Samoa,5510,Production,t,1978,20.0,A,Official value
882,Samoa,5312,Area harvested,ha,1979,160.0,A,Official value
882,Samoa,5412,Yield,kg/ha,1979,125.0,A,Official value
882,Samoa,5510,Production,t,1979,20.0,A,Official value
882,Samoa,5312,Area harvested,ha,1980,160.0,A,Official value
882,Samoa,5412,Yield,kg/ha,1980,125.0,A,Official value
882,Samoa,5510,Production,t,1980,20.0,A,Official value
678,Sao Tome and Principe,5510,Production,t,1961,258.0,A,Official value
678,Sao Tome and Principe,5510,Production,t,1962,297.0,A,Official value
678,Sao Tome and Principe,5510,Production,t,1963,258.0,A,Official value
678,Sao Tome and Principe,5510,Production,t,1964,197.0,A,Official value
678,Sao Tome and Principe,5510,Production,t,1965,214.0,A,Official value
678,Sao Tome and Principe,5510,Production,t,1966,158.0,A,Official value
678,Sao Tome and Principe,5510,Production,t,1967,175.0,A,Official value
678,Sao Tome and Principe,5510,Production,t,1968,133.0,A,Official value
678,Sao Tome and Principe,5510,Production,t,1969,151.0,A,Official value
678,Sao Tome and Principe,5510,Production,t,1970,125.0,A,Official value
678,Sao Tome and Principe,5510,Production,t,1971,70.0,A,Official value
678,Sao Tome and Principe,5510,Production,t,1972,143.0,A,Official value
678,Sao Tome and Principe,5510,Production,t,1973,61.0,A,Official value
678,Sao Tome and Principe,5510,Production,t,1974,93.0,A,Official value
678,Sao Tome and Principe,5510,Production,t,1975,28.0,A,Official value
678,Sao Tome and Principe,5510,Production,t,1976,45.0,A,Official value
678,Sao Tome and Principe,5510,Production,t,1984,54.0,A,Official value
678,Sao Tome and Principe,5510,Production,t,1985,14.0,A,Official value
678,Sao Tome and Principe,5510,Production,t,1986,22.0,A,Official value
678,Sao Tome and Principe,5510,Production,t,1987,9.0,A,Official value
678,Sao Tome and Principe,5510,Production,t,1988,31.0,A,Official value
678,Sao Tome and Principe,5510,Production,t,1989,8.0,A,Official value
678,Sao Tome and Principe,5510,Production,t,1990,37.0,A,Official value
678,Sao Tome and Principe,5510,Production,t,1991,11.0,A,Official value
678,Sao Tome and Principe,5510,Production,t,1992,13.0,A,Official value
678,Sao Tome and Principe,5510,Production,t,1993,20.0,A,Official value
678,Sao Tome and Principe,5510,Production,t,1994,22.0,A,Official value
678,Sao Tome and Principe,5510,Production,t,1996,21.0,A,Official value
678,Sao Tome and Principe,5510,Production,t,1997,45.0,A,Official value
678,Sao Tome and Principe,5510,Production,t,1998,36.0,A,Official value
678,Sao Tome and Principe,5510,Production,t,1999,58.0,A,Official value
678,Sao Tome and Principe,5510,Production,t,2000,18.0,A,Official value
678,Sao Tome and Principe,5312,Area harvested,ha,2011,1004.0,A,Official value
678,Sao Tome and Principe,5412,Yield,kg/ha,2011,5.6,A,Official value
678,Sao Tome and Principe,5510,Production,t,2011,5.6,A,Official value
678,Sao Tome and Principe,5510,Production,t,2012,6.2,A,Official value
678,Sao Tome and Principe,5510,Production,t,2013,3.9,A,Official value
682,Saudi Arabia,5510,Production,t,1963,200.0,A,Official value
682,Saudi Arabia,5510,Production,t,1964,100.0,A,Official value
682,Saudi Arabia,5510,Production,t,1965,100.0,A,Official value
682,Saudi Arabia,5312,Area harvested,ha,1972,745.0,A,Official value
682,Saudi Arabia,5412,Yield,kg/ha,1972,326.2,A,Official value
682,Saudi Arabia,5510,Production,t,1972,243.0,A,Official value
682,Saudi Arabia,5312,Area harvested,ha,1982,327.0,A,Official value
682,Saudi Arabia,5412,Yield,kg/ha,1982,1180.4,A,Official value
682,Saudi Arabia,5510,Production,t,1982,386.0,A,Official value
682,Saudi Arabia,5312,Area harvested,ha,1986,0.0,A,Official value
682,Saudi Arabia,5510,Production,t,1986,0.0,A,Official value
682,Saudi Arabia,5312,Area harvested,ha,1987,0.0,A,Official value
682,Saudi Arabia,5510,Production,t,1987,0.0,A,Official value
682,Saudi Arabia,5312,Area harvested,ha,1988,0.0,A,Official value
682,Saudi Arabia,5510,Production,t,1988,0.0,A,Official value
682,Saudi Arabia,5312,Area harvested,ha,1989,0.0,A,Official value
682,Saudi Arabia,5510,Production,t,1989,0.0,A,Official value
682,Saudi Arabia,5312,Area harvested,ha,1990,0.0,A,Official value
682,Saudi Arabia,5510,Production,t,1990,0.0,A,Official value
682,Saudi Arabia,5312,Area harvested,ha,1991,0.0,A,Official value
682,Saudi Arabia,5510,Production,t,1991,0.0,A,Official value
682,Saudi Arabia,5312,Area harvested,ha,1992,0.0,A,Official value
682,Saudi Arabia,5510,Production,t,1992,0.0,A,Official value
682,Saudi Arabia,5312,Area harvested,ha,1993,0.0,A,Official value
682,Saudi Arabia,5510,Production,t,1993,0.0,A,Official value
682,Saudi Arabia,5312,Area harvested,ha,1994,0.0,A,Official value
682,Saudi Arabia,5510,Production,t,1994,0.0,A,Official value
682,Saudi Arabia,5312,Area harvested,ha,1995,0.0,A,Official value
682,Saudi Arabia,5510,Production,t,1995,0.0,A,Official value
682,Saudi Arabia,5312,Area harvested,ha,1996,0.0,A,Official value
682,Saudi Arabia,5510,Production,t,1996,0.0,A,Official value
682,Saudi Arabia,5510,Production,t,2023,763.34,A,Official value
694,Sierra Leone,5510,Production,t,1968,4131.0,A,Official value
694,Sierra Leone,5510,Production,t,1969,8257.0,A,Official value
694,Sierra Leone,5510,Production,t,1970,6188.0,A,Official value
694,Sierra Leone,5510,Production,t,1971,9527.0,A,Official value
694,Sierra Leone,5510,Production,t,1972,7297.0,A,Official value
694,Sierra Leone,5510,Production,t,1973,11971.0,A,Official value
694,Sierra Leone,5510,Production,t,1974,3188.0,A,Official value
694,Sierra Leone,5510,Production,t,1975,7416.0,A,Official value
694,Sierra Leone,5510,Production,t,1976,4702.0,A,Official value
694,Sierra Leone,5510,Production,t,1977,10273.0,A,Official value
694,Sierra Leone,5510,Production,t,1978,4367.0,A,Official value
694,Sierra Leone,5510,Production,t,1979,13690.0,A,Official value
694,Sierra Leone,5510,Production,t,1980,10146.0,A,Official value
694,Sierra Leone,5510,Production,t,1981,9288.0,A,Official value
694,Sierra Leone,5510,Production,t,1982,8658.0,A,Official value
694,Sierra Leone,5510,Production,t,1983,16500.0,A,Official value
694,Sierra Leone,5510,Production,t,1984,18000.0,A,Official value
694,Sierra Leone,5510,Production,t,1985,26000.0,A,Official value
694,Sierra Leone,5510,Production,t,1986,23100.0,A,Official value
694,Sierra Leone,5510,Production,t,1987,24200.0,A,Official value
694,Sierra Leone,5312,Area harvested,ha,1988,10500.0,A,Official value
694,Sierra Leone,5412,Yield,kg/ha,1988,2409.5,A,Official value
694,Sierra Leone,5510,Production,t,1988,25300.0,A,Official value
694,Sierra Leone,5312,Area harvested,ha,1989,10200.0,A,Official value
694,Sierra Leone,5412,Yield,kg/ha,1989,2509.8,A,Official value
694,Sierra Leone,5510,Production,t,1989,25600.0,A,Official value
694,Sierra Leone,5312,Area harvested,ha,1990,11200.0,A,Official value
694,Sierra Leone,5412,Yield,kg/ha,1990,2303.6,A,Official value
694,Sierra Leone,5510,Production,t,1990,25800.0,A,Official value
694,Sierra Leone,5312,Area harvested,ha,1991,11500.0,A,Official value
694,Sierra Leone,5412,Yield,kg/ha,1991,2260.9,A,Official value
694,Sierra Leone,5510,Production,t,1991,26000.0,A,Official value
694,Sierra Leone,5312,Area harvested,ha,1992,11304.0,A,Official value
694,Sierra Leone,5412,Yield,kg/ha,1992,2300.1,A,Official value
694,Sierra Leone,5510,Production,t,1992,26000.0,A,Official value
694,Sierra Leone,5312,Area harvested,ha,1993,10739.0,A,Official value
694,Sierra Leone,5412,Yield,kg/ha,1993,2300.0,A,Official value
694,Sierra Leone,5510,Production,t,1993,24700.0,A,Official value
694,Sierra Leone,5510,Production,t,1994,27805.0,A,Official value
694,Sierra Leone,5510,Production,t,1995,25025.0,A,Official value
694,Sierra Leone,5510,Production,t,1997,30700.0,A,Official value
694,Sierra Leone,5312,Area harvested,ha,1999,14000.0,A,Official value
694,Sierra Leone,5412,Yield,kg/ha,1999,1096.4,A,Official value
694,Sierra Leone,5510,Production,t,1999,15350.0,A,Official value
694,Sierra Leone,5312,Area harvested,ha,2023,1607.0,A,Official value
694,Sierra Leone,5412,Yield,kg/ha,2023,1452.3,A,Official value
694,Sierra Leone,5510,Production,t,2023,2333.16,A,Official value
724,Spain,5510,Production,t,1961,5.0,A,Official value
724,Spain,5510,Production,t,1962,5.0,A,Official value
724,Spain,5510,Production,t,1963,5.0,A,Official value
724,Spain,5510,Production,t,1964,5.0,A,Official value
724,Spain,5510,Production,t,1965,6.0,A,Official value
724,Spain,5510,Production,t,1966,8.0,A,Official value
724,Spain,5510,Production,t,1967,8.0,A,Official value
724,Spain,5510,Production,t,1968,8.0,A,Official value
724,Spain,5510,Production,t,1969,7.0,A,Official value
724,Spain,5510,Production,t,1970,8.0,A,Official value
724,Spain,5510,Production,t,1971,6.0,A,Official value
724,Spain,5510,Production,t,1972,0.0,A,Official value
724,Spain,5510,Production,t,1973,6.0,A,Official value
724,Spain,5510,Production,t,1974,6.0,A,Official value
724,Spain,5510,Production,t,1975,8.0,A,Official value
724,Spain,5510,Production,t,1976,8.0,A,Official value
724,Spain,5510,Production,t,1977,8.0,A,Official value
724,Spain,5510,Production,t,1978,9.0,A,Official value
724,Spain,5510,Production,t,1979,9.0,A,Official value
724,Spain,5510,Production,t,1980,9.0,A,Official value
724,Spain,5510,Production,t,1981,4.0,A,Official value
724,Spain,5510,Production,t,1982,0.0,A,Official value
724,Spain,5510,Production,t,1983,0.0,A,Official value
724,Spain,5510,Production,t,1984,0.0,A,Official value
724,Spain,5510,Production,t,1985,0.0,A,Official value
724,Spain,5510,Production,t,1986,0.0,A,Official value
724,Spain,5510,Production,t,1987,11.0,A,Official value
724,Spain,5510,Production,t,1988,13.0,A,Official value
724,Spain,5510,Production,t,1989,14.0,A,Official value
724,Spain,5510,Production,t,1990,9.0,A,Official value
724,Spain,5510,Production,t,1991,7.0,A,Official value
724,Spain,5510,Production,t,1992,5.0,A,Official value
724,Spain,5510,Production,t,1993,5.0,A,Official value
724,Spain,5510,Production,t,1994,5.0,A,Official value
144,Sri Lanka,5510,Production,t,1961,4002.0,A,Official value
144,Sri Lanka,5510,Production,t,1962,3754.0,A,Official value
144,Sri Lanka,5312,Area harvested,ha,1963,3607.0,A,Official value
144,Sri Lanka,5412,Yield,kg/ha,1963,1530.4,A,Official value
144,Sri Lanka,5510,Production,t,1963,5520.0,A,Official value
144,Sri Lanka,5312,Area harvested,ha,1964,3723.0,A,Official value
144,Sri Lanka,5412,Yield,kg/ha,1964,2254.9,A,Official value
144,Sri Lanka,5510,Production,t,1964,8395.0,A,Official value
144,Sri Lanka,5312,Area harvested,ha,1965,3911.0,A,Official value
144,Sri Lanka,5412,Yield,kg/ha,1965,1791.9,A,Official value
144,Sri Lanka,5510,Production,t,1965,7008.0,A,Official value
144,Sri Lanka,5312,Area harvested,ha,1966,3993.0,A,Official value
144,Sri Lanka,5412,Yield,kg/ha,1966,1667.9,A,Official value
144,Sri Lanka,5510,Production,t,1966,6660.0,A,Official value
144,Sri Lanka,5312,Area harvested,ha,1967,4457.0,A,Official value
144,Sri Lanka,5412,Yield,kg/ha,1967,2577.5,A,Official value
144,Sri Lanka,5510,Production,t,1967,11488.0,A,Official value
144,Sri Lanka,5312,Area harvested,ha,1968,4437.0,A,Official value
144,Sri Lanka,5412,Yield,kg/ha,1968,2258.3,A,Official value
144,Sri Lanka,5510,Production,t,1968,10020.0,A,Official value
144,Sri Lanka,5312,Area harvested,ha,1969,4392.0,A,Official value
144,Sri Lanka,5412,Yield,kg/ha,1969,2491.6,A,Official value
144,Sri Lanka,5510,Production,t,1969,10943.0,A,Official value
144,Sri Lanka,5312,Area harvested,ha,1970,4142.0,A,Official value
144,Sri Lanka,5412,Yield,kg/ha,1970,1763.9,A,Official value
144,Sri Lanka,5510,Production,t,1970,7306.0,A,Official value
144,Sri Lanka,5312,Area harvested,ha,1971,4346.0,A,Official value
144,Sri Lanka,5412,Yield,kg/ha,1971,1923.1,A,Official value
144,Sri Lanka,5510,Production,t,1971,8358.0,A,Official value
144,Sri Lanka,5312,Area harvested,ha,1972,4967.0,A,Official value
144,Sri Lanka,5412,Yield,kg/ha,1972,1370.2,A,Official value
144,Sri Lanka,5510,Production,t,1972,6806.0,A,Official value
144,Sri Lanka,5312,Area harvested,ha,1973,4785.0,A,Official value
144,Sri Lanka,5412,Yield,kg/ha,1973,1469.6,A,Official value
144,Sri Lanka,5510,Production,t,1973,7032.0,A,Official value
144,Sri Lanka,5312,Area harvested,ha,1974,4834.0,A,Official value
144,Sri Lanka,5412,Yield,kg/ha,1974,1784.0,A,Official value
144,Sri Lanka,5510,Production,t,1974,8624.0,A,Official value
144,Sri Lanka,5312,Area harvested,ha,1975,6423.0,A,Official value
144,Sri Lanka,5412,Yield,kg/ha,1975,1376.0,A,Official value
144,Sri Lanka,5510,Production,t,1975,8838.0,A,Official value
144,Sri Lanka,5312,Area harvested,ha,1976,6556.0,A,Official value
144,Sri Lanka,5412,Yield,kg/ha,1976,1353.9,A,Official value
144,Sri Lanka,5510,Production,t,1976,8876.0,A,Official value
144,Sri Lanka,5312,Area harvested,ha,1977,6921.0,A,Official value
144,Sri Lanka,5412,Yield,kg/ha,1977,1500.8,A,Official value
144,Sri Lanka,5510,Production,t,1977,10387.0,A,Official value
144,Sri Lanka,5312,Area harvested,ha,1978,7169.0,A,Official value
144,Sri Lanka,5412,Yield,kg/ha,1978,1718.2,A,Official value
144,Sri Lanka,5510,Production,t,1978,12318.0,A,Official value
144,Sri Lanka,5312,Area harvested,ha,1979,6620.0,A,Official value
144,Sri Lanka,5412,Yield,kg/ha,1979,1525.7,A,Official value
144,Sri Lanka,5510,Production,t,1979,10100.0,A,Official value
144,Sri Lanka,5312,Area harvested,ha,1980,7712.0,A,Official value
144,Sri Lanka,5412,Yield,kg/ha,1980,1515.6,A,Official value
144,Sri Lanka,5510,Production,t,1980,11688.0,A,Official value
144,Sri Lanka,5312,Area harvested,ha,1981,8120.0,A,Official value
144,Sri Lanka,5412,Yield,kg/ha,1981,1539.4,A,Official value
144,Sri Lanka,5510,Production,t,1981,12500.0,A,Official value
144,Sri Lanka,5312,Area harvested,ha,1982,8419.0,A,Official value
144,Sri Lanka,5412,Yield,kg/ha,1982,1565.4,A,Official value
144,Sri Lanka,5510,Production,t,1982,13179.0,A,Official value
144,Sri Lanka,5312,Area harvested,ha,1983,8720.0,A,Official value
144,Sri Lanka,5412,Yield,kg/ha,1983,1903.7,A,Official value
144,Sri Lanka,5510,Production,t,1983,16600.0,A,Official value
144,Sri Lanka,5312,Area harvested,ha,1984,10170.0,A,Official value
144,Sri Lanka,5412,Yield,kg/ha,1984,1032.4,A,Official value
144,Sri Lanka,5510,Production,t,1984,10500.0,A,Official value
144,Sri Lanka,5312,Area harvested,ha,1985,10800.0,A,Official value
144,Sri Lanka,5412,Yield,kg/ha,1985,861.1,A,Official value
144,Sri Lanka,5510,Production,t,1985,9300.0,A,Official value
144,Sri Lanka,5312,Area harvested,ha,1986,12894.0,A,Official value
144,Sri Lanka,5412,Yield,kg/ha,1986,436.0,A,Official value
144,Sri Lanka,5510,Production,t,1986,5622.0,A,Official value
144,Sri Lanka,5312,Area harvested,ha,1987,13730.0,A,Official value
144,Sri Lanka,5412,Yield,kg/ha,1987,439.2,A,Official value
144,Sri Lanka,5510,Production,t,1987,6030.0,A,Official value
144,Sri Lanka,5312,Area harvested,ha,1988,13630.0,A,Official value
144,Sri Lanka,5412,Yield,kg/ha,1988,410.9,A,Official value
144,Sri Lanka,5510,Production,t,1988,5600.0,A,Official value
144,Sri Lanka,5312,Area harvested,ha,1989,14240.0,A,Official value
144,Sri Lanka,5412,Yield,kg/ha,1989,474.7,A,Official value
144,Sri Lanka,5510,Production,t,1989,6760.0,A,Official value
144,Sri Lanka,5312,Area harvested,ha,1990,13351.0,A,Official value
144,Sri Lanka,5412,Yield,kg/ha,1990,566.8,A,Official value
144,Sri Lanka,5510,Production,t,1990,7567.0,A,Official value
144,Sri Lanka,5312,Area harvested,ha,1991,13258.0,A,Official value
144,Sri Lanka,5412,Yield,kg/ha,1991,592.9,A,Official value
144,Sri Lanka,5510,Production,t,1991,7861.0,A,Official value
144,Sri Lanka,5312,Area harvested,ha,1992,13077.0,A,Official value
144,Sri Lanka,5412,Yield,kg/ha,1992,663.1,A,Official value
144,Sri Lanka,5510,Production,t,1992,8672.0,A,Official value
144,Sri Lanka,5312,Area harvested,ha,1993,16080.0,A,Official value
144,Sri Lanka,5412,Yield,kg/ha,1993,627.5,A,Official value
144,Sri Lanka,5510,Production,t,1993,10090.0,A,Official value
144,Sri Lanka,5312,Area harvested,ha,1994,16455.0,A,Official value
144,Sri Lanka,5412,Yield,kg/ha,1994,671.9,A,Official value
144,Sri Lanka,5510,Production,t,1994,11056.0,A,Official value
144,Sri Lanka,5312,Area harvested,ha,1995,16623.0,A,Official value
144,Sri Lanka,5412,Yield,kg/ha,1995,690.7,A,Official value
144,Sri Lanka,5510,Production,t,1995,11481.0,A,Official value
144,Sri Lanka,5312,Area harvested,ha,1996,16538.0,A,Official value
144,Sri Lanka,5412,Yield,kg/ha,1996,711.1,A,Official value
144,Sri Lanka,5510,Production,t,1996,11760.0,A,Official value
144,Sri Lanka,5312,Area harvested,ha,1997,16460.0,A,Official value
144,Sri Lanka,5412,Yield,kg/ha,1997,689.4,A,Official value
144,Sri Lanka,5510,Production,t,1997,11348.0,A,Official value
144,Sri Lanka,5312,Area harvested,ha,1998,16261.0,A,Official value
144,Sri Lanka,5412,Yield,kg/ha,1998,645.6,A,Official value
144,Sri Lanka,5510,Production,t,1998,10498.0,A,Official value
144,Sri Lanka,5312,Area harvested,ha,1999,16270.0,A,Official value
144,Sri Lanka,5412,Yield,kg/ha,1999,650.3,A,Official value
144,Sri Lanka,5510,Production,t,1999,10580.0,A,Official value
144,Sri Lanka,5312,Area harvested,ha,2000,15600.0,A,Official value
144,Sri Lanka,5412,Yield,kg/ha,2000,627.6,A,Official value
144,Sri Lanka,5510,Production,t,2000,9790.0,A,Official value
144,Sri Lanka,5312,Area harvested,ha,2001,15120.0,A,Official value
144,Sri Lanka,5412,Yield,kg/ha,2001,675.3,A,Official value
144,Sri Lanka,5510,Production,t,2001,10210.0,A,Official value
144,Sri Lanka,5312,Area harvested,ha,2002,14820.0,A,Official value
144,Sri Lanka,5412,Yield,kg/ha,2002,659.9,A,Official value
144,Sri Lanka,5510,Production,t,2002,9780.0,A,Official value
144,Sri Lanka,5312,Area harvested,ha,2003,11800.0,A,Official value
144,Sri Lanka,5412,Yield,kg/ha,2003,772.0,A,Official value
144,Sri Lanka,5510,Production,t,2003,9110.0,A,Official value
144,Sri Lanka,5312,Area harvested,ha,2004,11860.0,A,Official value
144,Sri Lanka,5412,Yield,kg/ha,2004,646.7,A,Official value
144,Sri Lanka,5510,Production,t,2004,7670.0,A,Official value
144,Sri Lanka,5312,Area harvested,ha,2005,11300.0,A,Official value
144,Sri Lanka,5412,Yield,kg/ha,2005,640.7,A,Official value
144,Sri Lanka,5510,Production,t,2005,7240.0,A,Official value
144,Sri Lanka,5312,Area harvested,ha,2006,10600.0,A,Official value
144,Sri Lanka,5412,Yield,kg/ha,2006,609.4,A,Official value
144,Sri Lanka,5510,Production,t,2006,6460.0,A,Official value
144,Sri Lanka,5312,Area harvested,ha,2007,10170.0,A,Official value
144,Sri Lanka,5412,Yield,kg/ha,2007,594.9,A,Official value
144,Sri Lanka,5510,Production,t,2007,6050.0,A,Official value
144,Sri Lanka,5312,Area harvested,ha,2008,8790.0,A,Official value
144,Sri Lanka,5412,Yield,kg/ha,2008,620.0,A,Official value
144,Sri Lanka,5510,Production,t,2008,5450.0,A,Official value
144,Sri Lanka,5312,Area harvested,ha,2009,8720.0,A,Official value
144,Sri Lanka,5412,Yield,kg/ha,2009,620.4,A,Official value
144,Sri Lanka,5510,Production,t,2009,5410.0,A,Official value
144,Sri Lanka,5312,Area harvested,ha,2010,8540.0,A,Official value
144,Sri Lanka,5412,Yield,kg/ha,2010,613.6,A,Official value
144,Sri Lanka,5510,Production,t,2010,5240.0,A,Official value
144,Sri Lanka,5312,Area harvested,ha,2011,8690.0,A,Official value
144,Sri Lanka,5412,Yield,kg/ha,2011,612.2,A,Official value
144,Sri Lanka,5510,Production,t,2011,5320.0,A,Official value
144,Sri Lanka,5312,Area harvested,ha,2012,8460.0,A,Official value
144,Sri Lanka,5412,Yield,kg/ha,2012,657.2,A,Official value
144,Sri Lanka,5510,Production,t,2012,5560.0,A,Official value
144,Sri Lanka,5312,Area harvested,ha,2013,8740.0,A,Official value
144,Sri Lanka,5412,Yield,kg/ha,2013,637.3,A,Official value
144,Sri Lanka,5510,Production,t,2013,5570.0,A,Official value
144,Sri Lanka,5312,Area harvested,ha,2014,8328.0,A,Official value
144,Sri Lanka,5412,Yield,kg/ha,2014,731.1,A,Official value
144,Sri Lanka,5510,Production,t,2014,6089.0,A,Official value
144,Sri Lanka,5312,Area harvested,ha,2016,7534.0,A,Official value
144,Sri Lanka,5412,Yield,kg/ha,2016,742.4,A,Official value
144,Sri Lanka,5510,Production,t,2016,5593.0,A,Official value
144,Sri Lanka,5312,Area harvested,ha,2017,6580.0,A,Official value
144,Sri Lanka,5412,Yield,kg/ha,2017,825.4,A,Official value
144,Sri Lanka,5510,Production,t,2017,5431.0,A,Official value
144,Sri Lanka,5312,Area harvested,ha,2018,7005.0,A,Official value
144,Sri Lanka,5412,Yield,kg/ha,2018,920.1,A,Official value
144,Sri Lanka,5510,Production,t,2018,6445.0,A,Official value
144,Sri Lanka,5312,Area harvested,ha,2019,5740.0,A,Official value
144,Sri Lanka,5412,Yield,kg/ha,2019,851.4,A,Official value
144,Sri Lanka,5510,Production,t,2019,4887.0,A,Official value
144,Sri Lanka,5312,Area harvested,ha,2020,5832.0,A,Official value
144,Sri Lanka,5412,Yield,kg/ha,2020,1153.2,A,Official value
144,Sri Lanka,5510,Production,t,2020,6724.6,A,Official value
144,Sri Lanka,5312,Area harvested,ha,2021,5857.0,A,Official value
144,Sri Lanka,5412,Yield,kg/ha,2021,906.0,A,Official value
144,Sri Lanka,5510,Production,t,2021,5306.2,A,Official value
144,Sri Lanka,5312,Area harvested,ha,2022,5607.0,A,Official value
144,Sri Lanka,5412,Yield,kg/ha,2022,861.1,A,Official value
144,Sri Lanka,5510,Production,t,2022,4828.0,A,Official value
144,Sri Lanka,5312,Area harvested,ha,2023,5281.0,A,Official value
144,Sri Lanka,5412,Yield,kg/ha,2023,899.5,A,Official value
144,Sri Lanka,5510,Production,t,2023,4750.0,A,Official value
144,Sri Lanka,5312,Area harvested,ha,2024,4900.0,A,Official value
144,Sri Lanka,5412,Yield,kg/ha,2024,1044.3,A,Official value
144,Sri Lanka,5510,Production,t,2024,5117.0,A,Official value
740,Suriname,5312,Area harvested,ha,1961,1777.0,A,Official value
740,Suriname,5412,Yield,kg/ha,1961,192.5,A,Official value
740,Suriname,5510,Production,t,1961,342.0,A,Official value
740,Suriname,5312,Area harvested,ha,1962,1791.0,A,Official value
740,Suriname,5412,Yield,kg/ha,1962,183.7,A,Official value
740,Suriname,5510,Production,t,1962,329.0,A,Official value
740,Suriname,5312,Area harvested,ha,1963,1288.0,A,Official value
740,Suriname,5412,Yield,kg/ha,1963,293.5,A,Official value
740,Suriname,5510,Production,t,1963,378.0,A,Official value
740,Suriname,5312,Area harvested,ha,1964,1228.0,A,Official value
740,Suriname,5412,Yield,kg/ha,1964,309.4,A,Official value
740,Suriname,5510,Production,t,1964,380.0,A,Official value
740,Suriname,5312,Area harvested,ha,1965,1120.0,A,Official value
740,Suriname,5412,Yield,kg/ha,1965,354.5,A,Official value
740,Suriname,5510,Production,t,1965,397.0,A,Official value
740,Suriname,5312,Area harvested,ha,1966,1089.0,A,Official value
740,Suriname,5412,Yield,kg/ha,1966,346.2,A,Official value
740,Suriname,5510,Production,t,1966,377.0,A,Official value
740,Suriname,5312,Area harvested,ha,1967,996.0,A,Official value
740,Suriname,5412,Yield,kg/ha,1967,432.7,A,Official value
740,Suriname,5510,Production,t,1967,431.0,A,Official value
740,Suriname,5312,Area harvested,ha,1968,891.0,A,Official value
740,Suriname,5412,Yield,kg/ha,1968,402.9,A,Official value
740,Suriname,5510,Production,t,1968,359.0,A,Official value
740,Suriname,5312,Area harvested,ha,1969,929.0,A,Official value
740,Suriname,5412,Yield,kg/ha,1969,250.8,A,Official value
740,Suriname,5510,Production,t,1969,233.0,A,Official value
740,Suriname,5312,Area harvested,ha,1970,747.0,A,Official value
740,Suriname,5412,Yield,kg/ha,1970,277.1,A,Official value
740,Suriname,5510,Production,t,1970,207.0,A,Official value
740,Suriname,5312,Area harvested,ha,1971,524.0,A,Official value
740,Suriname,5412,Yield,kg/ha,1971,381.7,A,Official value
740,Suriname,5510,Production,t,1971,200.0,A,Official value
740,Suriname,5312,Area harvested,ha,1972,442.0,A,Official value
740,Suriname,5412,Yield,kg/ha,1972,221.7,A,Official value
740,Suriname,5510,Production,t,1972,98.0,A,Official value
740,Suriname,5312,Area harvested,ha,1973,433.0,A,Official value
740,Suriname,5412,Yield,kg/ha,1973,205.5,A,Official value
740,Suriname,5510,Production,t,1973,89.0,A,Official value
740,Suriname,5312,Area harvested,ha,1974,448.0,A,Official value
740,Suriname,5412,Yield,kg/ha,1974,203.1,A,Official value
740,Suriname,5510,Production,t,1974,91.0,A,Official value
740,Suriname,5312,Area harvested,ha,1975,420.0,A,Official value
740,Suriname,5412,Yield,kg/ha,1975,209.5,A,Official value
740,Suriname,5510,Production,t,1975,88.0,A,Official value
740,Suriname,5312,Area harvested,ha,1976,360.0,A,Official value
740,Suriname,5412,Yield,kg/ha,1976,211.1,A,Official value
740,Suriname,5510,Production,t,1976,76.0,A,Official value
740,Suriname,5312,Area harvested,ha,1977,360.0,A,Official value
740,Suriname,5412,Yield,kg/ha,1977,250.0,A,Official value
740,Suriname,5510,Production,t,1977,90.0,A,Official value
740,Suriname,5312,Area harvested,ha,1978,209.0,A,Official value
740,Suriname,5412,Yield,kg/ha,1978,248.8,A,Official value
740,Suriname,5510,Production,t,1978,52.0,A,Official value
740,Suriname,5312,Area harvested,ha,1979,199.0,A,Official value
740,Suriname,5412,Yield,kg/ha,1979,296.5,A,Official value
740,Suriname,5510,Production,t,1979,59.0,A,Official value
740,Suriname,5312,Area harvested,ha,1980,152.0,A,Official value
740,Suriname,5412,Yield,kg/ha,1980,296.1,A,Official value
740,Suriname,5510,Production,t,1980,45.0,A,Official value
740,Suriname,5312,Area harvested,ha,1981,345.0,A,Official value
740,Suriname,5412,Yield,kg/ha,1981,153.6,A,Official value
740,Suriname,5510,Production,t,1981,53.0,A,Official value
740,Suriname,5312,Area harvested,ha,1982,195.0,A,Official value
740,Suriname,5412,Yield,kg/ha,1982,225.6,A,Official value
740,Suriname,5510,Production,t,1982,44.0,A,Official value
740,Suriname,5312,Area harvested,ha,1983,229.0,A,Official value
740,Suriname,5412,Yield,kg/ha,1983,205.2,A,Official value
740,Suriname,5510,Production,t,1983,47.0,A,Official value
740,Suriname,5312,Area harvested,ha,1984,247.0,A,Official value
740,Suriname,5412,Yield,kg/ha,1984,161.9,A,Official value
740,Suriname,5510,Production,t,1984,40.0,A,Official value
740,Suriname,5312,Area harvested,ha,1985,236.0,A,Official value
740,Suriname,5412,Yield,kg/ha,1985,148.3,A,Official value
740,Suriname,5510,Production,t,1985,35.0,A,Official value
740,Suriname,5312,Area harvested,ha,1986,247.0,A,Official value
740,Suriname,5412,Yield,kg/ha,1986,178.1,A,Official value
740,Suriname,5510,Production,t,1986,44.0,A,Official value
740,Suriname,5312,Area harvested,ha,1987,269.0,A,Official value
740,Suriname,5412,Yield,kg/ha,1987,133.8,A,Official value
740,Suriname,5510,Production,t,1987,36.0,A,Official value
740,Suriname,5312,Area harvested,ha,1988,239.0,A,Official value
740,Suriname,5412,Yield,kg/ha,1988,163.2,A,Official value
740,Suriname,5510,Production,t,1988,39.0,A,Official value
740,Suriname,5312,Area harvested,ha,1989,242.0,A,Official value
740,Suriname,5412,Yield,kg/ha,1989,202.5,A,Official value
740,Suriname,5510,Production,t,1989,49.0,A,Official value
740,Suriname,5312,Area harvested,ha,1990,239.0,A,Official value
740,Suriname,5412,Yield,kg/ha,1990,192.5,A,Official value
740,Suriname,5510,Production,t,1990,46.0,A,Official value
740,Suriname,5312,Area harvested,ha,1991,235.0,A,Official value
740,Suriname,5412,Yield,kg/ha,1991,234.0,A,Official value
740,Suriname,5510,Production,t,1991,55.0,A,Official value
740,Suriname,5312,Area harvested,ha,1992,237.0,A,Official value
740,Suriname,5412,Yield,kg/ha,1992,181.4,A,Official value
740,Suriname,5510,Production,t,1992,43.0,A,Official value
740,Suriname,5312,Area harvested,ha,1994,246.0,A,Official value
740,Suriname,5412,Yield,kg/ha,1994,170.7,A,Official value
740,Suriname,5510,Production,t,1994,42.0,A,Official value
740,Suriname,5312,Area harvested,ha,1995,190.0,A,Official value
740,Suriname,5412,Yield,kg/ha,1995,263.2,A,Official value
740,Suriname,5510,Production,t,1995,50.0,A,Official value
740,Suriname,5312,Area harvested,ha,1996,242.0,A,Official value
740,Suriname,5412,Yield,kg/ha,1996,136.4,A,Official value
740,Suriname,5510,Production,t,1996,33.0,A,Official value
740,Suriname,5312,Area harvested,ha,1997,215.0,A,Official value
740,Suriname,5412,Yield,kg/ha,1997,74.4,A,Official value
740,Suriname,5510,Production,t,1997,16.0,A,Official value
740,Suriname,5312,Area harvested,ha,1998,215.0,A,Official value
740,Suriname,5412,Yield,kg/ha,1998,51.2,A,Official value
740,Suriname,5510,Production,t,1998,11.0,A,Official value
740,Suriname,5312,Area harvested,ha,1999,210.0,A,Official value
740,Suriname,5412,Yield,kg/ha,1999,47.6,A,Official value
740,Suriname,5510,Production,t,1999,10.0,A,Official value
740,Suriname,5312,Area harvested,ha,2000,210.0,A,Official value
740,Suriname,5412,Yield,kg/ha,2000,19.0,A,Official value
740,Suriname,5510,Production,t,2000,4.0,A,Official value
740,Suriname,5312,Area harvested,ha,2001,210.0,A,Official value
740,Suriname,5412,Yield,kg/ha,2001,19.0,A,Official value
740,Suriname,5510,Production,t,2001,4.0,A,Official value
764,Thailand,5510,Production,t,1972,1657.0,A,Official value
764,Thailand,5510,Production,t,1973,2240.0,A,Official value
764,Thailand,5510,Production,t,1974,4020.0,A,Official value
764,Thailand,5510,Production,t,1975,5816.0,A,Official value
764,Thailand,5510,Production,t,1976,7635.0,A,Official value
764,Thailand,5312,Area harvested,ha,1977,8726.0,A,Official value
764,Thailand,5412,Yield,kg/ha,1977,722.0,A,Official value
764,Thailand,5510,Production,t,1977,6300.0,A,Official value
764,Thailand,5312,Area harvested,ha,1978,10036.0,A,Official value
764,Thailand,5412,Yield,kg/ha,1978,687.5,A,Official value
764,Thailand,5510,Production,t,1978,6900.0,A,Official value
764,Thailand,5312,Area harvested,ha,1979,12000.0,A,Official value
764,Thailand,5412,Yield,kg/ha,1979,625.0,A,Official value
764,Thailand,5510,Production,t,1979,7500.0,A,Official value
764,Thailand,5312,Area harvested,ha,1980,17186.0,A,Official value
764,Thailand,5412,Yield,kg/ha,1980,530.7,A,Official value
764,Thailand,5510,Production,t,1980,9120.0,A,Official value
764,Thailand,5312,Area harvested,ha,1981,21140.0,A,Official value
764,Thailand,5412,Yield,kg/ha,1981,570.5,A,Official value
764,Thailand,5510,Production,t,1981,12060.0,A,Official value
764,Thailand,5312,Area harvested,ha,1982,24121.0,A,Official value
764,Thailand,5412,Yield,kg/ha,1982,768.6,A,Official value
764,Thailand,5510,Production,t,1982,18539.0,A,Official value
764,Thailand,5312,Area harvested,ha,1983,24896.0,A,Official value
764,Thailand,5412,Yield,kg/ha,1983,724.4,A,Official value
764,Thailand,5510,Production,t,1983,18035.0,A,Official value
764,Thailand,5312,Area harvested,ha,1984,26286.0,A,Official value
764,Thailand,5412,Yield,kg/ha,1984,688.5,A,Official value
764,Thailand,5510,Production,t,1984,18099.0,A,Official value
764,Thailand,5312,Area harvested,ha,1985,35040.0,A,Official value
764,Thailand,5412,Yield,kg/ha,1985,760.3,A,Official value
764,Thailand,5510,Production,t,1985,26641.0,A,Official value
764,Thailand,5312,Area harvested,ha,1986,35520.0,A,Official value
764,Thailand,5412,Yield,kg/ha,1986,885.6,A,Official value
764,Thailand,5510,Production,t,1986,31455.0,A,Official value
764,Thailand,5312,Area harvested,ha,1987,37920.0,A,Official value
764,Thailand,5412,Yield,kg/ha,1987,665.1,A,Official value
764,Thailand,5510,Production,t,1987,25220.0,A,Official value
764,Thailand,5312,Area harvested,ha,1988,40800.0,A,Official value
764,Thailand,5412,Yield,kg/ha,1988,861.6,A,Official value
764,Thailand,5510,Production,t,1988,35154.0,A,Official value
764,Thailand,5312,Area harvested,ha,1989,50560.0,A,Official value
764,Thailand,5412,Yield,kg/ha,1989,1178.4,A,Official value
764,Thailand,5510,Production,t,1989,59580.0,A,Official value
764,Thailand,5312,Area harvested,ha,1990,60320.0,A,Official value
764,Thailand,5412,Yield,kg/ha,1990,1185.1,A,Official value
764,Thailand,5510,Production,t,1990,71483.0,A,Official value
764,Thailand,5312,Area harvested,ha,1991,67200.0,A,Official value
764,Thailand,5412,Yield,kg/ha,1991,704.3,A,Official value
764,Thailand,5510,Production,t,1991,47328.0,A,Official value
764,Thailand,5312,Area harvested,ha,1992,74720.0,A,Official value
764,Thailand,5412,Yield,kg/ha,1992,1075.8,A,Official value
764,Thailand,5510,Production,t,1992,80386.0,A,Official value
764,Thailand,5312,Area harvested,ha,1993,72480.0,A,Official value
764,Thailand,5412,Yield,kg/ha,1993,971.7,A,Official value
764,Thailand,5510,Production,t,1993,70426.0,A,Official value
764,Thailand,5312,Area harvested,ha,1994,69920.0,A,Official value
764,Thailand,5412,Yield,kg/ha,1994,1118.1,A,Official value
764,Thailand,5510,Production,t,1994,78175.0,A,Official value
764,Thailand,5312,Area harvested,ha,1995,71423.0,A,Official value
764,Thailand,5412,Yield,kg/ha,1995,1210.4,A,Official value
764,Thailand,5510,Production,t,1995,86450.0,A,Official value
764,Thailand,5312,Area harvested,ha,1996,69405.0,A,Official value
764,Thailand,5412,Yield,kg/ha,1996,1156.8,A,Official value
764,Thailand,5510,Production,t,1996,80287.0,A,Official value
764,Thailand,5312,Area harvested,ha,1997,67832.0,A,Official value
764,Thailand,5412,Yield,kg/ha,1997,1235.6,A,Official value
764,Thailand,5510,Production,t,1997,83810.0,A,Official value
764,Thailand,5312,Area harvested,ha,1998,65027.0,A,Official value
764,Thailand,5412,Yield,kg/ha,1998,1206.3,A,Official value
764,Thailand,5510,Production,t,1998,78444.0,A,Official value
764,Thailand,5312,Area harvested,ha,1999,65120.0,A,Official value
764,Thailand,5412,Yield,kg/ha,1999,843.4,A,Official value
764,Thailand,5510,Production,t,1999,54923.0,A,Official value
764,Thailand,5312,Area harvested,ha,2000,67486.0,A,Official value
764,Thailand,5412,Yield,kg/ha,2000,1201.1,A,Official value
764,Thailand,5510,Production,t,2000,81057.0,A,Official value
764,Thailand,5312,Area harvested,ha,2001,69170.0,A,Official value
764,Thailand,5412,Yield,kg/ha,2001,1243.4,A,Official value
764,Thailand,5510,Production,t,2001,86009.0,A,Official value
764,Thailand,5312,Area harvested,ha,2002,70289.0,A,Official value
764,Thailand,5412,Yield,kg/ha,2002,760.4,A,Official value
764,Thailand,5510,Production,t,2002,53447.0,A,Official value
764,Thailand,5312,Area harvested,ha,2003,70447.0,A,Official value
764,Thailand,5412,Yield,kg/ha,2003,765.2,A,Official value
764,Thailand,5510,Production,t,2003,53907.0,A,Official value
764,Thailand,5312,Area harvested,ha,2004,70932.0,A,Official value
764,Thailand,5412,Yield,kg/ha,2004,870.8,A,Official value
764,Thailand,5510,Production,t,2004,61765.0,A,Official value
764,Thailand,5312,Area harvested,ha,2005,69535.0,A,Official value
764,Thailand,5412,Yield,kg/ha,2005,857.8,A,Official value
764,Thailand,5510,Production,t,2005,59644.0,A,Official value
764,Thailand,5312,Area harvested,ha,2006,68780.0,A,Official value
764,Thailand,5412,Yield,kg/ha,2006,681.5,A,Official value
764,Thailand,5510,Production,t,2006,46873.0,A,Official value
764,Thailand,5312,Area harvested,ha,2007,67941.0,A,Official value
764,Thailand,5412,Yield,kg/ha,2007,819.2,A,Official value
764,Thailand,5510,Production,t,2007,55660.0,A,Official value
764,Thailand,5312,Area harvested,ha,2008,62186.0,A,Official value
764,Thailand,5412,Yield,kg/ha,2008,811.1,A,Official value
764,Thailand,5510,Production,t,2008,50442.0,A,Official value
764,Thailand,5312,Area harvested,ha,2009,58454.0,A,Official value
764,Thailand,5412,Yield,kg/ha,2009,963.4,A,Official value
764,Thailand,5510,Production,t,2009,56315.0,A,Official value
764,Thailand,5312,Area harvested,ha,2010,57518.0,A,Official value
764,Thailand,5412,Yield,kg/ha,2010,851.1,A,Official value
764,Thailand,5510,Production,t,2010,48955.0,A,Official value
764,Thailand,5312,Area harvested,ha,2011,51663.0,A,Official value
764,Thailand,5412,Yield,kg/ha,2011,820.6,A,Official value
764,Thailand,5510,Production,t,2011,42394.0,A,Official value
764,Thailand,5312,Area harvested,ha,2012,48978.0,A,Official value
764,Thailand,5412,Yield,kg/ha,2012,846.5,A,Official value
764,Thailand,5510,Production,t,2012,41461.0,A,Official value
764,Thailand,5312,Area harvested,ha,2013,47733.0,A,Official value
764,Thailand,5412,Yield,kg/ha,2013,787.1,A,Official value
764,Thailand,5510,Production,t,2013,37569.0,A,Official value
764,Thailand,5312,Area harvested,ha,2014,41754.0,A,Official value
764,Thailand,5412,Yield,kg/ha,2014,908.9,A,Official value
764,Thailand,5510,Production,t,2014,37950.0,A,Official value
764,Thailand,5312,Area harvested,ha,2015,40229.0,A,Official value
764,Thailand,5412,Yield,kg/ha,2015,648.5,A,Official value
764,Thailand,5510,Production,t,2015,26089.0,A,Official value
764,Thailand,5510,Production,t,2016,30579.0,A,Official value
764,Thailand,5312,Area harvested,ha,2017,40489.0,A,Official value
764,Thailand,5412,Yield,kg/ha,2017,639.9,A,Official value
764,Thailand,5510,Production,t,2017,25909.0,A,Official value
764,Thailand,5312,Area harvested,ha,2018,41253.0,A,Official value
764,Thailand,5412,Yield,kg/ha,2018,572.5,A,Official value
764,Thailand,5510,Production,t,2018,23619.0,A,Official value
764,Thailand,5312,Area harvested,ha,2019,36804.0,A,Official value
764,Thailand,5412,Yield,kg/ha,2019,718.0,A,Official value
764,Thailand,5510,Production,t,2019,26424.38,A,Official value
764,Thailand,5312,Area harvested,ha,2020,35949.0,A,Official value
764,Thailand,5412,Yield,kg/ha,2020,625.4,A,Official value
764,Thailand,5510,Production,t,2020,22483.0,A,Official value
764,Thailand,5312,Area harvested,ha,2021,36593.0,A,Official value
764,Thailand,5412,Yield,kg/ha,2021,595.0,A,Official value
764,Thailand,5510,Production,t,2021,21774.51,A,Official value
764,Thailand,5312,Area harvested,ha,2022,32520.0,A,Official value
764,Thailand,5412,Yield,kg/ha,2022,576.3,A,Official value
764,Thailand,5510,Production,t,2022,18740.0,A,Official value
764,Thailand,5312,Area harvested,ha,2023,32872.0,A,Official value
764,Thailand,5412,Yield,kg/ha,2023,507.7,A,Official value
764,Thailand,5510,Production,t,2023,16690.0,A,Official value
764,Thailand,5312,Area harvested,ha,2024,31364.0,A,Official value
764,Thailand,5412,Yield,kg/ha,2024,530.0,A,Official value
764,Thailand,5510,Production,t,2024,16623.48,A,Official value
626,Timor-Leste,5510,Production,t,1961,1700.0,A,Official value
626,Timor-Leste,5510,Production,t,1962,2127.0,A,Official value
626,Timor-Leste,5510,Production,t,1963,2453.0,A,Official value
626,Timor-Leste,5510,Production,t,1964,2378.0,A,Official value
626,Timor-Leste,5510,Production,t,1965,2806.0,A,Official value
626,Timor-Leste,5510,Production,t,1966,2088.0,A,Official value
626,Timor-Leste,5510,Production,t,1967,6602.0,A,Official value
626,Timor-Leste,5510,Production,t,1968,1023.0,A,Official value
626,Timor-Leste,5510,Production,t,1969,5025.0,A,Official value
626,Timor-Leste,5510,Production,t,1970,4906.0,A,Official value
626,Timor-Leste,5510,Production,t,1971,5275.0,A,Official value
626,Timor-Leste,5510,Production,t,1972,4701.0,A,Official value
626,Timor-Leste,5510,Production,t,1973,5355.0,A,Official value
626,Timor-Leste,5312,Area harvested,ha,1996,56000.0,A,Official value
626,Timor-Leste,5412,Yield,kg/ha,1996,196.2,A,Official value
626,Timor-Leste,5510,Production,t,1996,10987.0,A,Official value
626,Timor-Leste,5312,Area harvested,ha,2008,52182.0,A,Official value
626,Timor-Leste,5412,Yield,kg/ha,2008,268.5,A,Official value
626,Timor-Leste,5510,Production,t,2008,14009.0,A,Official value
626,Timor-Leste,5312,Area harvested,ha,2009,53816.0,A,Official value
626,Timor-Leste,5412,Yield,kg/ha,2009,188.1,A,Official value
626,Timor-Leste,5510,Production,t,2009,10122.0,A,Official value
626,Timor-Leste,5312,Area harvested,ha,2010,53832.0,A,Official value
626,Timor-Leste,5412,Yield,kg/ha,2010,235.0,A,Official value
626,Timor-Leste,5510,Production,t,2010,12653.0,A,Official value
626,Timor-Leste,5312,Area harvested,ha,2011,54341.0,A,Official value
626,Timor-Leste,5412,Yield,kg/ha,2011,153.1,A,Official value
626,Timor-Leste,5510,Production,t,2011,8320.0,A,Official value
626,Timor-Leste,5312,Area harvested,ha,2021,22627.0,A,Official value
626,Timor-Leste,5412,Yield,kg/ha,2021,588.4,A,Official value
626,Timor-Leste,5510,Production,t,2021,13313.98,A,Official value
768,Togo,5312,Area harvested,ha,1968,36000.0,A,Official value
768,Togo,5412,Yield,kg/ha,1968,478.0,A,Official value
768,Togo,5510,Production,t,1968,17208.0,A,Official value
768,Togo,5312,Area harvested,ha,1969,35000.0,A,Official value
768,Togo,5412,Yield,kg/ha,1969,394.1,A,Official value
768,Togo,5510,Production,t,1969,13795.0,A,Official value
768,Togo,5312,Area harvested,ha,1970,38000.0,A,Official value
768,Togo,5412,Yield,kg/ha,1970,365.2,A,Official value
768,Togo,5510,Production,t,1970,13877.0,A,Official value
768,Togo,5510,Production,t,1971,6459.0,A,Official value
768,Togo,5510,Production,t,1972,6806.0,A,Official value
768,Togo,5510,Production,t,1973,6756.0,A,Official value
768,Togo,5510,Production,t,1974,7694.0,A,Official value
768,Togo,5510,Production,t,1975,10800.0,A,Official value
768,Togo,5510,Production,t,1976,8512.0,A,Official value
768,Togo,5510,Production,t,1977,10430.0,A,Official value
768,Togo,5510,Production,t,1978,4707.0,A,Official value
768,Togo,5510,Production,t,1979,6229.0,A,Official value
768,Togo,5510,Production,t,1980,10385.0,A,Official value
768,Togo,5510,Production,t,1981,8878.0,A,Official value
768,Togo,5510,Production,t,1982,9237.0,A,Official value
768,Togo,5510,Production,t,1983,5941.0,A,Official value
768,Togo,5510,Production,t,1984,2689.0,A,Official value
768,Togo,5510,Production,t,1985,10044.0,A,Official value
768,Togo,5510,Production,t,1986,8179.0,A,Official value
768,Togo,5510,Production,t,1987,13611.0,A,Official value
768,Togo,5312,Area harvested,ha,1988,21000.0,A,Official value
768,Togo,5412,Yield,kg/ha,1988,690.5,A,Official value
768,Togo,5510,Production,t,1988,14500.0,A,Official value
768,Togo,5312,Area harvested,ha,1989,21000.0,A,Official value
768,Togo,5412,Yield,kg/ha,1989,577.2,A,Official value
768,Togo,5510,Production,t,1989,12121.0,A,Official value
768,Togo,5312,Area harvested,ha,1990,21000.0,A,Official value
768,Togo,5412,Yield,kg/ha,1990,609.5,A,Official value
768,Togo,5510,Production,t,1990,12800.0,A,Official value
768,Togo,5510,Production,t,1991,24900.0,A,Official value
768,Togo,5510,Production,t,1992,6300.0,A,Official value
768,Togo,5510,Production,t,1993,11000.0,A,Official value
768,Togo,5510,Production,t,1994,10600.0,A,Official value
768,Togo,5312,Area harvested,ha,1995,48200.0,A,Official value
768,Togo,5412,Yield,kg/ha,1995,250.6,A,Official value
768,Togo,5510,Production,t,1995,12080.0,A,Official value
768,Togo,5510,Production,t,1996,22400.0,A,Official value
768,Togo,5510,Production,t,1997,10600.0,A,Official value
768,Togo,5510,Production,t,1998,20000.0,A,Official value
768,Togo,5510,Production,t,1999,17000.0,A,Official value
768,Togo,5510,Production,t,2000,15200.0,A,Official value
768,Togo,5510,Production,t,2001,16900.0,A,Official value
768,Togo,5510,Production,t,2002,7900.0,A,Official value
768,Togo,5510,Production,t,2003,5500.0,A,Official value
768,Togo,5510,Production,t,2004,9300.0,A,Official value
768,Togo,5510,Production,t,2005,7200.0,A,Official value
768,Togo,5510,Production,t,2006,8900.0,A,Official value
768,Togo,5510,Production,t,2007,9300.0,A,Official value
768,Togo,5510,Production,t,2008,9143.0,A,Official value
768,Togo,5510,Production,t,2009,11700.0,A,Official value
768,Togo,5510,Production,t,2010,11500.0,A,Official value
768,Togo,5510,Production,t,2011,12500.0,A,Official value
768,Togo,5510,Production,t,2012,10843.0,A,Official value
768,Togo,5510,Production,t,2013,10950.0,A,Official value
768,Togo,5510,Production,t,2014,15500.0,A,Official value
768,Togo,5510,Production,t,2015,16093.0,A,Official value
768,Togo,5510,Production,t,2016,17933.0,A,Official value
768,Togo,5312,Area harvested,ha,2017,41237.0,A,Official value
768,Togo,5412,Yield,kg/ha,2017,448.0,A,Official value
768,Togo,5510,Production,t,2017,18476.0,A,Official value
768,Togo,5312,Area harvested,ha,2018,41950.0,A,Official value
768,Togo,5412,Yield,kg/ha,2018,454.7,A,Official value
768,Togo,5510,Production,t,2018,19076.0,A,Official value
768,Togo,5312,Area harvested,ha,2019,42691.0,A,Official value
768,Togo,5412,Yield,kg/ha,2019,499.3,A,Official value
768,Togo,5510,Production,t,2019,21316.0,A,Official value
768,Togo,5312,Area harvested,ha,2020,42691.0,A,Official value
768,Togo,5412,Yield,kg/ha,2020,515.5,A,Official value
768,Togo,5510,Production,t,2020,22006.0,A,Official value
768,Togo,5312,Area harvested,ha,2021,43682.0,A,Official value
768,Togo,5412,Yield,kg/ha,2021,529.0,A,Official value
768,Togo,5510,Production,t,2021,23106.0,A,Official value
768,Togo,5312,Area harvested,ha,2022,44394.0,A,Official value
768,Togo,5412,Yield,kg/ha,2022,566.1,A,Official value
768,Togo,5510,Production,t,2022,25132.0,A,Official value
776,Tonga,5312,Area harvested,ha,1961,0.0,A,Official value
776,Tonga,5510,Production,t,1961,0.0,A,Official value
776,Tonga,5312,Area harvested,ha,1962,0.0,A,Official value
776,Tonga,5510,Production,t,1962,0.0,A,Official value
776,Tonga,5312,Area harvested,ha,1963,0.0,A,Official value
776,Tonga,5510,Production,t,1963,0.0,A,Official value
776,Tonga,5312,Area harvested,ha,1964,0.0,A,Official value
776,Tonga,5510,Production,t,1964,0.0,A,Official value
776,Tonga,5312,Area harvested,ha,1965,0.0,A,Official value
776,Tonga,5510,Production,t,1965,0.0,A,Official value
776,Tonga,5312,Area harvested,ha,1966,0.0,A,Official value
776,Tonga,5510,Production,t,1966,0.0,A,Official value
776,Tonga,5312,Area harvested,ha,1967,0.0,A,Official value
776,Tonga,5510,Production,t,1967,0.0,A,Official value
776,Tonga,5312,Area harvested,ha,1968,0.0,A,Official value
776,Tonga,5510,Production,t,1968,0.0,A,Official value
776,Tonga,5312,Area harvested,ha,1969,0.0,A,Official value
776,Tonga,5510,Production,t,1969,0.0,A,Official value
776,Tonga,5312,Area harvested,ha,1970,0.0,A,Official value
776,Tonga,5510,Production,t,1970,0.0,A,Official value
776,Tonga,5312,Area harvested,ha,1971,0.0,A,Official value
776,Tonga,5510,Production,t,1971,0.0,A,Official value
776,Tonga,5312,Area harvested,ha,1972,0.0,A,Official value
776,Tonga,5510,Production,t,1972,0.0,A,Official value
776,Tonga,5312,Area harvested,ha,1973,0.0,A,Official value
776,Tonga,5510,Production,t,1973,0.0,A,Official value
776,Tonga,5312,Area harvested,ha,1974,0.0,A,Official value
776,Tonga,5510,Production,t,1974,0.0,A,Official value
776,Tonga,5312,Area harvested,ha,1975,0.0,A,Official value
776,Tonga,5510,Production,t,1975,0.0,A,Official value
776,Tonga,5312,Area harvested,ha,1976,0.0,A,Official value
776,Tonga,5510,Production,t,1976,0.0,A,Official value
776,Tonga,5312,Area harvested,ha,1977,0.0,A,Official value
776,Tonga,5510,Production,t,1977,0.0,A,Official value
776,Tonga,5312,Area harvested,ha,1978,0.0,A,Official value
776,Tonga,5510,Production,t,1978,0.0,A,Official value
776,Tonga,5312,Area harvested,ha,1979,0.0,A,Official value
776,Tonga,5510,Production,t,1979,0.0,A,Official value
776,Tonga,5312,Area harvested,ha,1980,0.0,A,Official value
776,Tonga,5510,Production,t,1980,0.0,A,Official value
776,Tonga,5312,Area harvested,ha,1981,0.0,A,Official value
776,Tonga,5510,Production,t,1981,0.0,A,Official value
776,Tonga,5312,Area harvested,ha,1982,0.0,A,Official value
776,Tonga,5510,Production,t,1982,0.0,A,Official value
776,Tonga,5312,Area harvested,ha,1995,8.0,A,Official value
776,Tonga,5412,Yield,kg/ha,1995,1750.0,A,Official value
776,Tonga,5510,Production,t,1995,14.0,A,Official value
780,Trinidad and Tobago,5510,Production,t,1961,2885.0,A,Official value
780,Trinidad and Tobago,5510,Production,t,1962,3900.0,A,Official value
780,Trinidad and Tobago,5510,Production,t,1963,3625.0,A,Official value
780,Trinidad and Tobago,5510,Production,t,1964,4181.0,A,Official value
780,Trinidad and Tobago,5510,Production,t,1965,4198.0,A,Official value
780,Trinidad and Tobago,5510,Production,t,1966,2920.0,A,Official value
780,Trinidad and Tobago,5510,Production,t,1967,3117.0,A,Official value
780,Trinidad and Tobago,5510,Production,t,1968,4586.0,A,Official value
780,Trinidad and Tobago,5510,Production,t,1969,3191.0,A,Official value
780,Trinidad and Tobago,5510,Production,t,1970,2302.0,A,Official value
780,Trinidad and Tobago,5510,Production,t,1971,3894.0,A,Official value
780,Trinidad and Tobago,5510,Production,t,1972,3300.0,A,Official value
780,Trinidad and Tobago,5510,Production,t,1973,2717.0,A,Official value
780,Trinidad and Tobago,5510,Production,t,1974,1940.0,A,Official value
780,Trinidad and Tobago,5510,Production,t,1975,4024.0,A,Official value
780,Trinidad and Tobago,5510,Production,t,1976,2671.0,A,Official value
780,Trinidad and Tobago,5510,Production,t,1977,2918.0,A,Official value
780,Trinidad and Tobago,5510,Production,t,1978,2500.0,A,Official value
780,Trinidad and Tobago,5510,Production,t,1979,2497.0,A,Official value
780,Trinidad and Tobago,5510,Production,t,1980,2240.0,A,Official value
780,Trinidad and Tobago,5510,Production,t,1981,2433.0,A,Official value
780,Trinidad and Tobago,5312,Area harvested,ha,1982,9310.0,A,Official value
780,Trinidad and Tobago,5412,Yield,kg/ha,1982,192.7,A,Official value
780,Trinidad and Tobago,5510,Production,t,1982,1794.0,A,Official value
780,Trinidad and Tobago,5510,Production,t,1983,1389.0,A,Official value
780,Trinidad and Tobago,5510,Production,t,1984,852.0,A,Official value
780,Trinidad and Tobago,5510,Production,t,1985,2141.0,A,Official value
780,Trinidad and Tobago,5510,Production,t,1986,1334.0,A,Official value
780,Trinidad and Tobago,5510,Production,t,1987,1842.0,A,Official value
780,Trinidad and Tobago,5510,Production,t,1988,582.0,A,Official value
780,Trinidad and Tobago,5510,Production,t,1989,1206.0,A,Official value
780,Trinidad and Tobago,5510,Production,t,1990,1944.0,A,Official value
780,Trinidad and Tobago,5510,Production,t,1991,914.0,A,Official value
780,Trinidad and Tobago,5510,Production,t,1992,707.0,A,Official value
780,Trinidad and Tobago,5510,Production,t,1993,874.0,A,Official value
780,Trinidad and Tobago,5510,Production,t,1994,1015.0,A,Official value
780,Trinidad and Tobago,5510,Production,t,1995,831.0,A,Official value
780,Trinidad and Tobago,5510,Production,t,1996,352.0,A,Official value
780,Trinidad and Tobago,5510,Production,t,1997,1102.0,A,Official value
780,Trinidad and Tobago,5510,Production,t,1998,367.0,A,Official value
780,Trinidad and Tobago,5510,Production,t,1999,343.0,A,Official value
780,Trinidad and Tobago,5510,Production,t,2000,553.0,A,Official value
780,Trinidad and Tobago,5510,Production,t,2001,406.0,A,Official value
780,Trinidad and Tobago,5510,Production,t,2002,247.0,A,Official value
780,Trinidad and Tobago,5510,Production,t,2003,586.0,A,Official value
780,Trinidad and Tobago,5510,Production,t,2004,109.0,A,Official value
800,Uganda,5312,Area harvested,ha,1961,245100.0,A,Official value
800,Uganda,5412,Yield,kg/ha,1961,383.9,A,Official value
800,Uganda,5510,Production,t,1961,94100.0,A,Official value
800,Uganda,5312,Area harvested,ha,1962,254500.0,A,Official value
800,Uganda,5412,Yield,kg/ha,1962,467.6,A,Official value
800,Uganda,5510,Production,t,1962,119000.0,A,Official value
800,Uganda,5312,Area harvested,ha,1963,255300.0,A,Official value
800,Uganda,5412,Yield,kg/ha,1963,619.7,A,Official value
800,Uganda,5510,Production,t,1963,158200.0,A,Official value
800,Uganda,5312,Area harvested,ha,1964,261100.0,A,Official value
800,Uganda,5412,Yield,kg/ha,1964,660.3,A,Official value
800,Uganda,5510,Production,t,1964,172400.0,A,Official value
800,Uganda,5312,Area harvested,ha,1965,293300.0,A,Official value
800,Uganda,5412,Yield,kg/ha,1965,518.6,A,Official value
800,Uganda,5510,Production,t,1965,152100.0,A,Official value
800,Uganda,5312,Area harvested,ha,1966,335300.0,A,Official value
800,Uganda,5412,Yield,kg/ha,1966,459.0,A,Official value
800,Uganda,5510,Production,t,1966,153900.0,A,Official value
800,Uganda,5312,Area harvested,ha,1967,336000.0,A,Official value
800,Uganda,5412,Yield,kg/ha,1967,495.2,A,Official value
800,Uganda,5510,Production,t,1967,166400.0,A,Official value
800,Uganda,5312,Area harvested,ha,1968,252400.0,A,Official value
800,Uganda,5412,Yield,kg/ha,1968,526.9,A,Official value
800,Uganda,5510,Production,t,1968,133000.0,A,Official value
800,Uganda,5312,Area harvested,ha,1969,281200.0,A,Official value
800,Uganda,5412,Yield,kg/ha,1969,879.1,A,Official value
800,Uganda,5510,Production,t,1969,247200.0,A,Official value
800,Uganda,5312,Area harvested,ha,1970,245700.0,A,Official value
800,Uganda,5412,Yield,kg/ha,1970,820.1,A,Official value
800,Uganda,5510,Production,t,1970,201500.0,A,Official value
800,Uganda,5312,Area harvested,ha,1971,257100.0,A,Official value
800,Uganda,5412,Yield,kg/ha,1971,682.6,A,Official value
800,Uganda,5510,Production,t,1971,175500.0,A,Official value
800,Uganda,5312,Area harvested,ha,1972,256500.0,A,Official value
800,Uganda,5412,Yield,kg/ha,1972,716.2,A,Official value
800,Uganda,5510,Production,t,1972,183700.0,A,Official value
800,Uganda,5510,Production,t,1973,212600.0,A,Official value
800,Uganda,5312,Area harvested,ha,1974,222400.0,A,Official value
800,Uganda,5412,Yield,kg/ha,1974,895.2,A,Official value
800,Uganda,5510,Production,t,1974,199100.0,A,Official value
800,Uganda,5312,Area harvested,ha,1975,223200.0,A,Official value
800,Uganda,5412,Yield,kg/ha,1975,891.6,A,Official value
800,Uganda,5510,Production,t,1975,199000.0,A,Official value
800,Uganda,5312,Area harvested,ha,1976,223922.0,A,Official value
800,Uganda,5412,Yield,kg/ha,1976,612.3,A,Official value
800,Uganda,5510,Production,t,1976,137100.0,A,Official value
800,Uganda,5510,Production,t,1977,155900.0,A,Official value
800,Uganda,5312,Area harvested,ha,1978,223000.0,A,Official value
800,Uganda,5412,Yield,kg/ha,1978,543.9,A,Official value
800,Uganda,5510,Production,t,1978,121300.0,A,Official value
800,Uganda,5312,Area harvested,ha,1979,224000.0,A,Official value
800,Uganda,5412,Yield,kg/ha,1979,459.8,A,Official value
800,Uganda,5510,Production,t,1979,103000.0,A,Official value
800,Uganda,5312,Area harvested,ha,1980,224000.0,A,Official value
800,Uganda,5412,Yield,kg/ha,1980,603.6,A,Official value
800,Uganda,5510,Production,t,1980,135200.0,A,Official value
800,Uganda,5312,Area harvested,ha,1981,224000.0,A,Official value
800,Uganda,5412,Yield,kg/ha,1981,435.3,A,Official value
800,Uganda,5510,Production,t,1981,97500.0,A,Official value
800,Uganda,5312,Area harvested,ha,1982,224000.0,A,Official value
800,Uganda,5412,Yield,kg/ha,1982,722.6,A,Official value
800,Uganda,5510,Production,t,1982,161866.0,A,Official value
800,Uganda,5312,Area harvested,ha,1983,224000.0,A,Official value
800,Uganda,5412,Yield,kg/ha,1983,661.7,A,Official value
800,Uganda,5510,Production,t,1983,148224.0,A,Official value
800,Uganda,5312,Area harvested,ha,1984,224000.0,A,Official value
800,Uganda,5412,Yield,kg/ha,1984,651.7,A,Official value
800,Uganda,5510,Production,t,1984,145971.0,A,Official value
800,Uganda,5312,Area harvested,ha,1985,224500.0,A,Official value
800,Uganda,5412,Yield,kg/ha,1985,641.4,A,Official value
800,Uganda,5510,Production,t,1985,143995.0,A,Official value
800,Uganda,5312,Area harvested,ha,1986,224700.0,A,Official value
800,Uganda,5412,Yield,kg/ha,1986,711.5,A,Official value
800,Uganda,5510,Production,t,1986,159881.0,A,Official value
800,Uganda,5312,Area harvested,ha,1987,224700.0,A,Official value
800,Uganda,5412,Yield,kg/ha,1987,743.5,A,Official value
800,Uganda,5510,Production,t,1987,167067.0,A,Official value
800,Uganda,5312,Area harvested,ha,1988,224700.0,A,Official value
800,Uganda,5412,Yield,kg/ha,1988,672.7,A,Official value
800,Uganda,5510,Production,t,1988,151157.0,A,Official value
800,Uganda,5312,Area harvested,ha,1989,237600.0,A,Official value
800,Uganda,5412,Yield,kg/ha,1989,711.5,A,Official value
800,Uganda,5510,Production,t,1989,169042.0,A,Official value
800,Uganda,5312,Area harvested,ha,1990,270000.0,A,Official value
800,Uganda,5412,Yield,kg/ha,1990,476.8,A,Official value
800,Uganda,5510,Production,t,1990,128747.0,A,Official value
800,Uganda,5312,Area harvested,ha,1991,270000.0,A,Official value
800,Uganda,5412,Yield,kg/ha,1991,545.8,A,Official value
800,Uganda,5510,Production,t,1991,147366.0,A,Official value
800,Uganda,5510,Production,t,1992,110334.0,A,Official value
800,Uganda,5510,Production,t,1993,144551.0,A,Official value
800,Uganda,5312,Area harvested,ha,1994,263000.0,A,Official value
800,Uganda,5412,Yield,kg/ha,1994,754.3,A,Official value
800,Uganda,5510,Production,t,1994,198371.0,A,Official value
800,Uganda,5312,Area harvested,ha,1995,263000.0,A,Official value
800,Uganda,5412,Yield,kg/ha,1995,690.0,A,Official value
800,Uganda,5510,Production,t,1995,181465.0,A,Official value
800,Uganda,5510,Production,t,1996,287925.0,A,Official value
800,Uganda,5312,Area harvested,ha,1997,272000.0,A,Official value
800,Uganda,5412,Yield,kg/ha,1997,807.4,A,Official value
800,Uganda,5510,Production,t,1997,219624.0,A,Official value
800,Uganda,5510,Production,t,1998,205056.0,A,Official value
800,Uganda,5312,Area harvested,ha,1999,275000.0,A,Official value
800,Uganda,5412,Yield,kg/ha,1999,915.9,A,Official value
800,Uganda,5510,Production,t,1999,251881.0,A,Official value
800,Uganda,5312,Area harvested,ha,2000,300991.0,A,Official value
800,Uganda,5412,Yield,kg/ha,2000,476.7,A,Official value
800,Uganda,5510,Production,t,2000,143475.0,A,Official value
800,Uganda,5312,Area harvested,ha,2001,264000.0,A,Official value
800,Uganda,5412,Yield,kg/ha,2001,747.8,A,Official value
800,Uganda,5510,Production,t,2001,197410.0,A,Official value
800,Uganda,5312,Area harvested,ha,2002,217504.0,A,Official value
800,Uganda,5412,Yield,kg/ha,2002,963.4,A,Official value
800,Uganda,5510,Production,t,2002,209547.0,A,Official value
800,Uganda,5510,Production,t,2003,150871.0,A,Official value
800,Uganda,5510,Production,t,2004,170081.0,A,Official value
800,Uganda,5510,Production,t,2005,158100.0,A,Official value
800,Uganda,5510,Production,t,2006,133310.0,A,Official value
800,Uganda,5510,Production,t,2007,175346.0,A,Official value
800,Uganda,5510,Production,t,2008,211726.0,A,Official value
800,Uganda,5510,Production,t,2009,195871.0,A,Official value
800,Uganda,5510,Production,t,2010,166968.0,A,Official value
800,Uganda,5510,Production,t,2011,191371.0,A,Official value
800,Uganda,5510,Production,t,2012,186125.0,A,Official value
800,Uganda,5510,Production,t,2013,222894.0,A,Official value
800,Uganda,5510,Production,t,2014,220135.0,A,Official value
800,Uganda,5510,Production,t,2015,229149.0,A,Official value
800,Uganda,5510,Production,t,2016,243061.0,A,Official value
800,Uganda,5510,Production,t,2017,302063.0,A,Official value
800,Uganda,5510,Production,t,2018,284225.0,A,Official value
800,Uganda,5510,Production,t,2019,313933.0,A,Official value
800,Uganda,5510,Production,t,2020,360103.0,A,Official value
800,Uganda,5510,Production,t,2021,414007.0,A,Official value
800,Uganda,5510,Production,t,2022,507000.0,A,Official value
800,Uganda,5510,Production,t,2023,468000.0,A,Official value
834,United Republic of Tanzania,5510,Production,t,1963,40900.0,A,Official value
834,United Republic of Tanzania,5510,Production,t,1964,43600.0,A,Official value
834,United Republic of Tanzania,5312,Area harvested,ha,1965,113000.0,A,Official value
834,United Republic of Tanzania,5412,Yield,kg/ha,1965,499.1,A,Official value
834,United Republic of Tanzania,5510,Production,t,1965,56400.0,A,Official value
834,United Republic of Tanzania,5312,Area harvested,ha,1966,135000.0,A,Official value
834,United Republic of Tanzania,5412,Yield,kg/ha,1966,495.6,A,Official value
834,United Republic of Tanzania,5510,Production,t,1966,66900.0,A,Official value
834,United Republic of Tanzania,5312,Area harvested,ha,1967,122000.0,A,Official value
834,United Republic of Tanzania,5412,Yield,kg/ha,1967,406.6,A,Official value
834,United Republic of Tanzania,5510,Production,t,1967,49600.0,A,Official value
834,United Republic of Tanzania,5312,Area harvested,ha,1968,92000.0,A,Official value
834,United Republic of Tanzania,5412,Yield,kg/ha,1968,555.4,A,Official value
834,United Republic of Tanzania,5510,Production,t,1968,51100.0,A,Official value
834,United Republic of Tanzania,5312,Area harvested,ha,1969,108000.0,A,Official value
834,United Republic of Tanzania,5412,Yield,kg/ha,1969,477.3,A,Official value
834,United Republic of Tanzania,5510,Production,t,1969,51545.0,A,Official value
834,United Republic of Tanzania,5312,Area harvested,ha,1970,109000.0,A,Official value
834,United Republic of Tanzania,5412,Yield,kg/ha,1970,423.3,A,Official value
834,United Republic of Tanzania,5510,Production,t,1970,46140.0,A,Official value
834,United Republic of Tanzania,5510,Production,t,1971,49700.0,A,Official value
834,United Republic of Tanzania,5510,Production,t,1972,52126.0,A,Official value
834,United Republic of Tanzania,5510,Production,t,1973,54997.0,A,Official value
834,United Republic of Tanzania,5510,Production,t,1974,59454.0,A,Official value
834,United Republic of Tanzania,5510,Production,t,1975,62291.0,A,Official value
834,United Republic of Tanzania,5510,Production,t,1976,43278.0,A,Official value
834,United Republic of Tanzania,5510,Production,t,1977,50216.0,A,Official value
834,United Republic of Tanzania,5510,Production,t,1978,51359.0,A,Official value
834,United Republic of Tanzania,5510,Production,t,1979,47875.0,A,Official value
834,United Republic of Tanzania,5510,Production,t,1980,47802.0,A,Official value
834,United Republic of Tanzania,5510,Production,t,1981,66441.0,A,Official value
834,United Republic of Tanzania,5510,Production,t,1982,53120.0,A,Official value
834,United Republic of Tanzania,5510,Production,t,1983,52129.0,A,Official value
834,United Republic of Tanzania,5510,Production,t,1984,56943.0,A,Official value
834,United Republic of Tanzania,5510,Production,t,1985,45808.0,A,Official value
834,United Republic of Tanzania,5510,Production,t,1986,54756.0,A,Official value
834,United Republic of Tanzania,5510,Production,t,1987,57653.0,A,Official value
834,United Republic of Tanzania,5510,Production,t,1988,45510.0,A,Official value
834,United Republic of Tanzania,5510,Production,t,1989,48800.0,A,Official value
834,United Republic of Tanzania,5510,Production,t,1990,53420.0,A,Official value
834,United Republic of Tanzania,5510,Production,t,1991,46210.0,A,Official value
834,United Republic of Tanzania,5510,Production,t,1992,56030.0,A,Official value
834,United Republic of Tanzania,5510,Production,t,1993,59574.0,A,Official value
834,United Republic of Tanzania,5510,Production,t,1994,34151.0,A,Official value
834,United Republic of Tanzania,5510,Production,t,1995,41971.0,A,Official value
834,United Republic of Tanzania,5510,Production,t,1996,52490.0,A,Official value
834,United Republic of Tanzania,5510,Production,t,1997,43568.0,A,Official value
834,United Republic of Tanzania,5510,Production,t,1998,38002.0,A,Official value
834,United Republic of Tanzania,5510,Production,t,1999,46670.0,A,Official value
834,United Republic of Tanzania,5510,Production,t,2000,47800.0,A,Official value
834,United Republic of Tanzania,5510,Production,t,2001,58100.0,A,Official value
834,United Republic of Tanzania,5510,Production,t,2002,66170.0,A,Official value
834,United Republic of Tanzania,5312,Area harvested,ha,2003,136894.0,A,Official value
834,United Republic of Tanzania,5412,Yield,kg/ha,2003,382.2,A,Official value
834,United Republic of Tanzania,5510,Production,t,2003,52320.0,A,Official value
834,United Republic of Tanzania,5510,Production,t,2004,72440.0,A,Official value
834,United Republic of Tanzania,5312,Area harvested,ha,2005,235700.0,A,Official value
834,United Republic of Tanzania,5412,Yield,kg/ha,2005,404.7,A,Official value
834,United Republic of Tanzania,5510,Production,t,2005,95390.0,A,Official value
834,United Republic of Tanzania,5312,Area harvested,ha,2006,226461.0,A,Official value
834,United Republic of Tanzania,5412,Yield,kg/ha,2006,151.5,A,Official value
834,United Republic of Tanzania,5510,Production,t,2006,34300.0,A,Official value
834,United Republic of Tanzania,5312,Area harvested,ha,2007,212105.0,A,Official value
834,United Republic of Tanzania,5412,Yield,kg/ha,2007,230.4,A,Official value
834,United Republic of Tanzania,5510,Production,t,2007,48869.0,A,Official value
834,United Republic of Tanzania,5510,Production,t,2008,43100.0,A,Official value
834,United Republic of Tanzania,5312,Area harvested,ha,2009,245890.0,A,Official value
834,United Republic of Tanzania,5412,Yield,kg/ha,2009,253.6,A,Official value
834,United Republic of Tanzania,5510,Production,t,2009,62350.0,A,Official value
834,United Republic of Tanzania,5312,Area harvested,ha,2010,223510.0,A,Official value
834,United Republic of Tanzania,5412,Yield,kg/ha,2010,179.0,A,Official value
834,United Republic of Tanzania,5510,Production,t,2010,40000.0,A,Official value
834,United Republic of Tanzania,5312,Area harvested,ha,2011,116508.0,A,Official value
834,United Republic of Tanzania,5412,Yield,kg/ha,2011,519.9,A,Official value
834,United Republic of Tanzania,5510,Production,t,2011,60575.0,A,Official value
834,United Republic of Tanzania,5312,Area harvested,ha,2012,127335.0,A,Official value
834,United Republic of Tanzania,5412,Yield,kg/ha,2012,519.9,A,Official value
834,United Republic of Tanzania,5510,Production,t,2012,66204.0,A,Official value
834,United Republic of Tanzania,5312,Area harvested,ha,2013,232923.0,A,Official value
834,United Republic of Tanzania,5412,Yield,kg/ha,2013,305.7,A,Official value
834,United Republic of Tanzania,5510,Production,t,2013,71200.0,A,Official value
834,United Republic of Tanzania,5312,Area harvested,ha,2014,160072.0,A,Official value
834,United Republic of Tanzania,5412,Yield,kg/ha,2014,306.0,A,Official value
834,United Republic of Tanzania,5510,Production,t,2014,48982.0,A,Official value
834,United Republic of Tanzania,5312,Area harvested,ha,2015,221764.0,A,Official value
834,United Republic of Tanzania,5412,Yield,kg/ha,2015,192.4,A,Official value
834,United Republic of Tanzania,5510,Production,t,2015,42674.0,A,Official value
834,United Republic of Tanzania,5510,Production,t,2016,60921.0,A,Official value
834,United Republic of Tanzania,5510,Production,t,2017,47693.0,A,Official value
834,United Republic of Tanzania,5510,Production,t,2018,45254.0,A,Official value
834,United Republic of Tanzania,5510,Production,t,2019,68147.0,A,Official value
834,United Republic of Tanzania,5510,Production,t,2020,60651.0,A,Official value
834,United Republic of Tanzania,5510,Production,t,2021,73027.0,A,Official value
834,United Republic of Tanzania,5510,Production,t,2022,66837.0,A,Official value
834,United Republic of Tanzania,5510,Production,t,2023,62917.0,A,Official value
834,United Republic of Tanzania,5510,Production,t,2024,77417.0,A,Official value
840,United States of America,5312,Area harvested,ha,1961,2000.0,A,Official value
840,United States of America,5412,Yield,kg/ha,1961,1550.0,A,Official value
840,United States of America,5510,Production,t,1961,3100.0,A,Official value
840,United States of America,5312,Area harvested,ha,1962,2000.0,A,Official value
840,United States of America,5412,Yield,kg/ha,1962,2450.0,A,Official value
840,United States of America,5510,Production,t,1962,4900.0,A,Official value
840,United States of America,5312,Area harvested,ha,1963,2000.0,A,Official value
840,United States of America,5412,Yield,kg/ha,1963,1200.0,A,Official value
840,United States of America,5510,Production,t,1963,2400.0,A,Official value
840,United States of America,5312,Area harvested,ha,1964,1578.0,A,Official value
840,United States of America,5412,Yield,kg/ha,1964,2281.4,A,Official value
840,United States of America,5510,Production,t,1964,3600.0,A,Official value
840,United States of America,5312,Area harvested,ha,1965,1538.0,A,Official value
840,United States of America,5412,Yield,kg/ha,1965,1769.8,A,Official value
840,United States of America,5510,Production,t,1965,2722.0,A,Official value
840,United States of America,5312,Area harvested,ha,1966,1497.0,A,Official value
840,United States of America,5412,Yield,kg/ha,1966,1949.2,A,Official value
840,United States of America,5510,Production,t,1966,2918.0,A,Official value
840,United States of America,5312,Area harvested,ha,1967,1416.0,A,Official value
840,United States of America,5412,Yield,kg/ha,1967,1394.1,A,Official value
840,United States of America,5510,Production,t,1967,1974.0,A,Official value
840,United States of America,5312,Area harvested,ha,1968,1295.0,A,Official value
840,United States of America,5412,Yield,kg/ha,1968,1596.9,A,Official value
840,United States of America,5510,Production,t,1968,2068.0,A,Official value
840,United States of America,5312,Area harvested,ha,1969,1174.0,A,Official value
840,United States of America,5412,Yield,kg/ha,1969,1276.0,A,Official value
840,United States of America,5510,Production,t,1969,1498.0,A,Official value
840,United States of America,5312,Area harvested,ha,1970,1093.0,A,Official value
840,United States of America,5412,Yield,kg/ha,1970,1427.3,A,Official value
840,United States of America,5510,Production,t,1970,1560.0,A,Official value
840,United States of America,5312,Area harvested,ha,1971,971.0,A,Official value
840,United States of America,5412,Yield,kg/ha,1971,1094.7,A,Official value
840,United States of America,5510,Production,t,1971,1063.0,A,Official value
840,United States of America,5312,Area harvested,ha,1972,971.0,A,Official value
840,United States of America,5412,Yield,kg/ha,1972,1360.5,A,Official value
840,United States of America,5510,Production,t,1972,1321.0,A,Official value
840,United States of America,5312,Area harvested,ha,1973,1012.0,A,Official value
840,United States of America,5412,Yield,kg/ha,1973,1089.9,A,Official value
840,United States of America,5510,Production,t,1973,1103.0,A,Official value
840,United States of America,5312,Area harvested,ha,1974,1012.0,A,Official value
840,United States of America,5412,Yield,kg/ha,1974,552.4,A,Official value
840,United States of America,5510,Production,t,1974,559.0,A,Official value
840,United States of America,5312,Area harvested,ha,1975,809.0,A,Official value
840,United States of America,5412,Yield,kg/ha,1975,834.4,A,Official value
840,United States of America,5510,Production,t,1975,675.0,A,Official value
840,United States of America,5312,Area harvested,ha,1976,809.0,A,Official value
840,United States of America,5412,Yield,kg/ha,1976,951.8,A,Official value
840,United States of America,5510,Production,t,1976,770.0,A,Official value
840,United States of America,5312,Area harvested,ha,1977,809.0,A,Official value
840,United States of America,5412,Yield,kg/ha,1977,1017.3,A,Official value
840,United States of America,5510,Production,t,1977,823.0,A,Official value
840,United States of America,5312,Area harvested,ha,1978,769.0,A,Official value
840,United States of America,5412,Yield,kg/ha,1978,793.2,A,Official value
840,United States of America,5510,Production,t,1978,610.0,A,Official value
840,United States of America,5312,Area harvested,ha,1979,730.0,A,Official value
840,United States of America,5412,Yield,kg/ha,1979,1087.7,A,Official value
840,United States of America,5510,Production,t,1979,794.0,A,Official value
840,United States of America,5312,Area harvested,ha,1980,690.0,A,Official value
840,United States of America,5412,Yield,kg/ha,1980,756.5,A,Official value
840,United States of America,5510,Production,t,1980,522.0,A,Official value
840,United States of America,5312,Area harvested,ha,1981,690.0,A,Official value
840,United States of America,5412,Yield,kg/ha,1981,1162.3,A,Official value
840,United States of America,5510,Production,t,1981,802.0,A,Official value
840,United States of America,5312,Area harvested,ha,1982,770.0,A,Official value
840,United States of America,5412,Yield,kg/ha,1982,467.5,A,Official value
840,United States of America,5510,Production,t,1982,360.0,A,Official value
840,United States of America,5312,Area harvested,ha,1983,730.0,A,Official value
840,United States of America,5412,Yield,kg/ha,1983,1391.8,A,Official value
840,United States of America,5510,Production,t,1983,1016.0,A,Official value
840,United States of America,5312,Area harvested,ha,1984,690.0,A,Official value
840,United States of America,5412,Yield,kg/ha,1984,920.3,A,Official value
840,United States of America,5510,Production,t,1984,635.0,A,Official value
840,United States of America,5312,Area harvested,ha,1985,690.0,A,Official value
840,United States of America,5412,Yield,kg/ha,1985,972.5,A,Official value
840,United States of America,5510,Production,t,1985,671.0,A,Official value
840,United States of America,5312,Area harvested,ha,1986,810.0,A,Official value
840,United States of America,5412,Yield,kg/ha,1986,1343.2,A,Official value
840,United States of America,5510,Production,t,1986,1088.0,A,Official value
840,United States of America,5312,Area harvested,ha,1987,850.0,A,Official value
840,United States of America,5412,Yield,kg/ha,1987,768.2,A,Official value
840,United States of America,5510,Production,t,1987,653.0,A,Official value
840,United States of America,5312,Area harvested,ha,1988,890.0,A,Official value
840,United States of America,5412,Yield,kg/ha,1988,814.6,A,Official value
840,United States of America,5510,Production,t,1988,725.0,A,Official value
840,United States of America,5312,Area harvested,ha,1989,930.0,A,Official value
840,United States of America,5412,Yield,kg/ha,1989,1247.3,A,Official value
840,United States of America,5510,Production,t,1989,1160.0,A,Official value
840,United States of America,5312,Area harvested,ha,1990,970.0,A,Official value
840,United States of America,5412,Yield,kg/ha,1990,1047.4,A,Official value
840,United States of America,5510,Production,t,1990,1016.0,A,Official value
840,United States of America,5312,Area harvested,ha,1991,970.0,A,Official value
840,United States of America,5412,Yield,kg/ha,1991,1047.4,A,Official value
840,United States of America,5510,Production,t,1991,1016.0,A,Official value
840,United States of America,5312,Area harvested,ha,1992,1620.0,A,Official value
840,United States of America,5412,Yield,kg/ha,1992,537.7,A,Official value
840,United States of America,5510,Production,t,1992,871.0,A,Official value
840,United States of America,5312,Area harvested,ha,1993,1700.0,A,Official value
840,United States of America,5412,Yield,kg/ha,1993,621.2,A,Official value
840,United States of America,5510,Production,t,1993,1056.0,A,Official value
840,United States of America,5312,Area harvested,ha,1994,1780.0,A,Official value
840,United States of America,5412,Yield,kg/ha,1994,876.4,A,Official value
840,United States of America,5510,Production,t,1994,1560.0,A,Official value
840,United States of America,5312,Area harvested,ha,1995,2190.0,A,Official value
840,United States of America,5412,Yield,kg/ha,1995,895.0,A,Official value
840,United States of America,5510,Production,t,1995,1960.0,A,Official value
840,United States of America,5312,Area harvested,ha,1996,2140.0,A,Official value
840,United States of America,5412,Yield,kg/ha,1996,1084.1,A,Official value
840,United States of America,5510,Production,t,1996,2320.0,A,Official value
840,United States of America,5312,Area harvested,ha,1997,2270.0,A,Official value
840,United States of America,5412,Yield,kg/ha,1997,1436.1,A,Official value
840,United States of America,5510,Production,t,1997,3260.0,A,Official value
840,United States of America,5312,Area harvested,ha,1998,2470.0,A,Official value
840,United States of America,5412,Yield,kg/ha,1998,1396.8,A,Official value
840,United States of America,5510,Production,t,1998,3450.0,A,Official value
840,United States of America,5312,Area harvested,ha,1999,2590.0,A,Official value
840,United States of America,5412,Yield,kg/ha,1999,1401.5,A,Official value
840,United States of America,5510,Production,t,1999,3630.0,A,Official value
840,United States of America,5312,Area harvested,ha,2000,2752.0,A,Official value
840,United States of America,5412,Yield,kg/ha,2000,1435.3,A,Official value
840,United States of America,5510,Production,t,2000,3950.0,A,Official value
840,United States of America,5312,Area harvested,ha,2001,2550.0,A,Official value
840,United States of America,5412,Yield,kg/ha,2001,1423.5,A,Official value
840,United States of America,5510,Production,t,2001,3630.0,A,Official value
840,United States of America,5312,Area harvested,ha,2002,2390.0,A,Official value
840,United States of America,5412,Yield,kg/ha,2002,1422.6,A,Official value
840,United States of America,5510,Production,t,2002,3400.0,A,Official value
840,United States of America,5312,Area harvested,ha,2003,2390.0,A,Official value
840,United States of America,5412,Yield,kg/ha,2003,1573.2,A,Official value
840,United States of America,5510,Production,t,2003,3760.0,A,Official value
840,United States of America,5312,Area harvested,ha,2004,2347.0,A,Official value
840,United States of America,5412,Yield,kg/ha,2004,1082.2,A,Official value
840,United States of America,5510,Production,t,2004,2540.0,A,Official value
840,United States of America,5312,Area harvested,ha,2005,2469.0,A,Official value
840,United States of America,5412,Yield,kg/ha,2005,1506.3,A,Official value
840,United States of America,5510,Production,t,2005,3719.0,A,Official value
840,United States of America,5312,Area harvested,ha,2006,2550.0,A,Official value
840,United States of America,5412,Yield,kg/ha,2006,1298.4,A,Official value
840,United States of America,5510,Production,t,2006,3311.0,A,Official value
840,United States of America,5312,Area harvested,ha,2007,2590.0,A,Official value
840,United States of America,5412,Yield,kg/ha,2007,1312.7,A,Official value
840,United States of America,5510,Production,t,2007,3400.0,A,Official value
840,United States of America,5312,Area harvested,ha,2008,2550.0,A,Official value
840,United States of America,5412,Yield,kg/ha,2008,1549.0,A,Official value
840,United States of America,5510,Production,t,2008,3950.0,A,Official value
840,United States of America,5312,Area harvested,ha,2009,2550.0,A,Official value
840,United States of America,5412,Yield,kg/ha,2009,1549.0,A,Official value
840,United States of America,5510,Production,t,2009,3950.0,A,Official value
840,United States of America,5312,Area harvested,ha,2010,2550.0,A,Official value
840,United States of America,5412,Yield,kg/ha,2010,1564.7,A,Official value
840,United States of America,5510,Production,t,2010,3990.0,A,Official value
840,United States of America,5312,Area harvested,ha,2011,2550.0,A,Official value
840,United States of America,5412,Yield,kg/ha,2011,1351.8,A,Official value
840,United States of America,5510,Production,t,2011,3447.0,A,Official value
840,United States of America,5312,Area harvested,ha,2012,2469.0,A,Official value
840,United States of America,5412,Yield,kg/ha,2012,1285.9,A,Official value
840,United States of America,5510,Production,t,2012,3175.0,A,Official value
840,United States of America,5312,Area harvested,ha,2013,3318.0,A,Official value
840,United States of America,5412,Yield,kg/ha,2013,956.9,A,Official value
840,United States of America,5510,Production,t,2013,3175.0,A,Official value
840,United States of America,5312,Area harvested,ha,2014,4047.0,A,Official value
840,United States of America,5412,Yield,kg/ha,2014,906.8,A,Official value
840,United States of America,5510,Production,t,2014,3670.0,A,Official value
840,United States of America,5312,Area harvested,ha,2015,2790.0,A,Official value
840,United States of America,5412,Yield,kg/ha,2015,856.6,A,Official value
840,United States of America,5510,Production,t,2015,2390.0,A,Official value
840,United States of America,5312,Area harvested,ha,2016,2830.0,A,Official value
840,United States of America,5412,Yield,kg/ha,2016,692.6,A,Official value
840,United States of America,5510,Production,t,2016,1960.0,A,Official value
840,United States of America,5312,Area harvested,ha,2017,2910.0,A,Official value
840,United States of America,5412,Yield,kg/ha,2017,756.0,A,Official value
840,United States of America,5510,Production,t,2017,2200.0,A,Official value
840,United States of America,5312,Area harvested,ha,2018,2870.0,A,Official value
840,United States of America,5412,Yield,kg/ha,2018,867.6,A,Official value
840,United States of America,5510,Production,t,2018,2490.0,A,Official value
840,United States of America,5312,Area harvested,ha,2019,2792.0,A,Official value
840,United States of America,5412,Yield,kg/ha,2019,830.9,A,Official value
840,United States of America,5510,Production,t,2019,2320.0,A,Official value
840,United States of America,5312,Area harvested,ha,2020,2752.0,A,Official value
840,United States of America,5412,Yield,kg/ha,2020,712.2,A,Official value
840,United States of America,5510,Production,t,2020,1960.0,A,Official value
840,United States of America,5312,Area harvested,ha,2021,2995.0,A,Official value
840,United States of America,5412,Yield,kg/ha,2021,1572.3,A,Official value
840,United States of America,5510,Production,t,2021,4709.0,A,Official value
840,United States of America,5312,Area harvested,ha,2022,3035.0,A,Official value
840,United States of America,5412,Yield,kg/ha,2022,1238.6,A,Official value
840,United States of America,5510,Production,t,2022,3759.0,A,Official value
840,United States of America,5312,Area harvested,ha,2023,2995.0,A,Official value
840,United States of America,5412,Yield,kg/ha,2023,1042.1,A,Official value
840,United States of America,5510,Production,t,2023,3121.0,A,Official value
840,United States of America,5312,Area harvested,ha,2024,2833.0,A,Official value
840,United States of America,5412,Yield,kg/ha,2024,1347.3,A,Official value
840,United States of America,5510,Production,t,2024,3817.0,A,Official value
548,Vanuatu,5510,Production,t,1981,61.0,A,Official value
548,Vanuatu,5510,Production,t,1982,21.0,A,Official value
548,Vanuatu,5510,Production,t,1983,38.0,A,Official value
548,Vanuatu,5510,Production,t,1984,55.0,A,Official value
548,Vanuatu,5312,Area harvested,ha,1985,108.0,A,Official value
548,Vanuatu,5412,Yield,kg/ha,1985,601.9,A,Official value
548,Vanuatu,5510,Production,t,1985,65.0,A,Official value
548,Vanuatu,5312,Area harvested,ha,1986,125.0,A,Official value
548,Vanuatu,5412,Yield,kg/ha,1986,456.0,A,Official value
548,Vanuatu,5510,Production,t,1986,57.0,A,Official value
548,Vanuatu,5312,Area harvested,ha,1987,117.0,A,Official value
548,Vanuatu,5412,Yield,kg/ha,1987,453.0,A,Official value
548,Vanuatu,5510,Production,t,1987,53.0,A,Official value
548,Vanuatu,5312,Area harvested,ha,1988,33.0,A,Official value
548,Vanuatu,5412,Yield,kg/ha,1988,454.5,A,Official value
548,Vanuatu,5510,Production,t,1988,15.0,A,Official value
548,Vanuatu,5312,Area harvested,ha,1989,55.0,A,Official value
548,Vanuatu,5412,Yield,kg/ha,1989,454.5,A,Official value
548,Vanuatu,5510,Production,t,1989,25.0,A,Official value
548,Vanuatu,5510,Production,t,1990,15.0,A,Official value
548,Vanuatu,5510,Production,t,1991,42.0,A,Official value
548,Vanuatu,5510,Production,t,1998,50.0,A,Official value
548,Vanuatu,5510,Production,t,2022,15.0,A,Official value
862,Venezuela (Bolivarian Republic of),5312,Area harvested,ha,1961,340000.0,A,Official value
862,Venezuela (Bolivarian Republic of),5412,Yield,kg/ha,1961,167.8,A,Official value
862,Venezuela (Bolivarian Republic of),5510,Production,t,1961,57050.0,A,Official value
862,Venezuela (Bolivarian Republic of),5312,Area harvested,ha,1962,340000.0,A,Official value
862,Venezuela (Bolivarian Republic of),5412,Yield,kg/ha,1962,159.5,A,Official value
862,Venezuela (Bolivarian Republic of),5510,Production,t,1962,54228.0,A,Official value
862,Venezuela (Bolivarian Republic of),5312,Area harvested,ha,1963,340000.0,A,Official value
862,Venezuela (Bolivarian Republic of),5412,Yield,kg/ha,1963,178.5,A,Official value
862,Venezuela (Bolivarian Republic of),5510,Production,t,1963,60678.0,A,Official value
862,Venezuela (Bolivarian Republic of),5312,Area harvested,ha,1964,291000.0,A,Official value
862,Venezuela (Bolivarian Republic of),5412,Yield,kg/ha,1964,192.9,A,Official value
862,Venezuela (Bolivarian Republic of),5510,Production,t,1964,56141.0,A,Official value
862,Venezuela (Bolivarian Republic of),5312,Area harvested,ha,1965,340000.0,A,Official value
862,Venezuela (Bolivarian Republic of),5412,Yield,kg/ha,1965,160.0,A,Official value
862,Venezuela (Bolivarian Republic of),5510,Production,t,1965,54387.0,A,Official value
862,Venezuela (Bolivarian Republic of),5312,Area harvested,ha,1966,303000.0,A,Official value
862,Venezuela (Bolivarian Republic of),5412,Yield,kg/ha,1966,201.3,A,Official value
862,Venezuela (Bolivarian Republic of),5510,Production,t,1966,61000.0,A,Official value
862,Venezuela (Bolivarian Republic of),5312,Area harvested,ha,1967,303000.0,A,Official value
862,Venezuela (Bolivarian Republic of),5412,Yield,kg/ha,1967,204.0,A,Official value
862,Venezuela (Bolivarian Republic of),5510,Production,t,1967,61824.0,A,Official value
862,Venezuela (Bolivarian Republic of),5312,Area harvested,ha,1968,289000.0,A,Official value
862,Venezuela (Bolivarian Republic of),5412,Yield,kg/ha,1968,158.8,A,Official value
862,Venezuela (Bolivarian Republic of),5510,Production,t,1968,45886.0,A,Official value
862,Venezuela (Bolivarian Republic of),5312,Area harvested,ha,1969,285000.0,A,Official value
862,Venezuela (Bolivarian Republic of),5412,Yield,kg/ha,1969,212.9,A,Official value
862,Venezuela (Bolivarian Republic of),5510,Production,t,1969,60665.0,A,Official value
862,Venezuela (Bolivarian Republic of),5312,Area harvested,ha,1970,287000.0,A,Official value
862,Venezuela (Bolivarian Republic of),5412,Yield,kg/ha,1970,211.1,A,Official value
862,Venezuela (Bolivarian Republic of),5510,Production,t,1970,60586.0,A,Official value
862,Venezuela (Bolivarian Republic of),5312,Area harvested,ha,1971,288120.0,A,Official value
862,Venezuela (Bolivarian Republic of),5412,Yield,kg/ha,1971,202.6,A,Official value
862,Venezuela (Bolivarian Republic of),5510,Production,t,1971,58385.0,A,Official value
862,Venezuela (Bolivarian Republic of),5312,Area harvested,ha,1972,276629.0,A,Official value
862,Venezuela (Bolivarian Republic of),5412,Yield,kg/ha,1972,146.1,A,Official value
862,Venezuela (Bolivarian Republic of),5510,Production,t,1972,40406.0,A,Official value
862,Venezuela (Bolivarian Republic of),5312,Area harvested,ha,1973,272461.0,A,Official value
862,Venezuela (Bolivarian Republic of),5412,Yield,kg/ha,1973,242.0,A,Official value
862,Venezuela (Bolivarian Republic of),5510,Production,t,1973,65926.0,A,Official value
862,Venezuela (Bolivarian Republic of),5312,Area harvested,ha,1974,272497.0,A,Official value
862,Venezuela (Bolivarian Republic of),5412,Yield,kg/ha,1974,168.4,A,Official value
862,Venezuela (Bolivarian Republic of),5510,Production,t,1974,45878.0,A,Official value
862,Venezuela (Bolivarian Republic of),5312,Area harvested,ha,1975,275438.0,A,Official value
862,Venezuela (Bolivarian Republic of),5412,Yield,kg/ha,1975,234.6,A,Official value
862,Venezuela (Bolivarian Republic of),5510,Production,t,1975,64611.0,A,Official value
862,Venezuela (Bolivarian Republic of),5312,Area harvested,ha,1976,261914.0,A,Official value
862,Venezuela (Bolivarian Republic of),5412,Yield,kg/ha,1976,154.1,A,Official value
862,Venezuela (Bolivarian Republic of),5510,Production,t,1976,40350.0,A,Official value
862,Venezuela (Bolivarian Republic of),5312,Area harvested,ha,1977,258168.0,A,Official value
862,Venezuela (Bolivarian Republic of),5412,Yield,kg/ha,1977,223.4,A,Official value
862,Venezuela (Bolivarian Republic of),5510,Production,t,1977,57682.0,A,Official value
862,Venezuela (Bolivarian Republic of),5312,Area harvested,ha,1978,265804.0,A,Official value
862,Venezuela (Bolivarian Republic of),5412,Yield,kg/ha,1978,221.9,A,Official value
862,Venezuela (Bolivarian Republic of),5510,Production,t,1978,58977.0,A,Official value
862,Venezuela (Bolivarian Republic of),5312,Area harvested,ha,1979,256390.0,A,Official value
862,Venezuela (Bolivarian Republic of),5412,Yield,kg/ha,1979,210.4,A,Official value
862,Venezuela (Bolivarian Republic of),5510,Production,t,1979,53935.0,A,Official value
862,Venezuela (Bolivarian Republic of),5312,Area harvested,ha,1980,257804.0,A,Official value
862,Venezuela (Bolivarian Republic of),5412,Yield,kg/ha,1980,225.6,A,Official value
862,Venezuela (Bolivarian Republic of),5510,Production,t,1980,58173.0,A,Official value
862,Venezuela (Bolivarian Republic of),5312,Area harvested,ha,1981,260566.0,A,Official value
862,Venezuela (Bolivarian Republic of),5412,Yield,kg/ha,1981,228.6,A,Official value
862,Venezuela (Bolivarian Republic of),5510,Production,t,1981,59566.0,A,Official value
862,Venezuela (Bolivarian Republic of),5312,Area harvested,ha,1982,253553.0,A,Official value
862,Venezuela (Bolivarian Republic of),5412,Yield,kg/ha,1982,228.9,A,Official value
862,Venezuela (Bolivarian Republic of),5510,Production,t,1982,58037.0,A,Official value
862,Venezuela (Bolivarian Republic of),5312,Area harvested,ha,1983,254522.0,A,Official value
862,Venezuela (Bolivarian Republic of),5412,Yield,kg/ha,1983,231.2,A,Official value
862,Venezuela (Bolivarian Republic of),5510,Production,t,1983,58848.0,A,Official value
862,Venezuela (Bolivarian Republic of),5312,Area harvested,ha,1984,256361.0,A,Official value
862,Venezuela (Bolivarian Republic of),5412,Yield,kg/ha,1984,237.4,A,Official value
862,Venezuela (Bolivarian Republic of),5510,Production,t,1984,60861.0,A,Official value
862,Venezuela (Bolivarian Republic of),5312,Area harvested,ha,1985,269346.0,A,Official value
862,Venezuela (Bolivarian Republic of),5412,Yield,kg/ha,1985,239.0,A,Official value
862,Venezuela (Bolivarian Republic of),5510,Production,t,1985,64370.0,A,Official value
862,Venezuela (Bolivarian Republic of),5312,Area harvested,ha,1986,256628.0,A,Official value
862,Venezuela (Bolivarian Republic of),5412,Yield,kg/ha,1986,258.1,A,Official value
862,Venezuela (Bolivarian Republic of),5510,Production,t,1986,66232.0,A,Official value
862,Venezuela (Bolivarian Republic of),5312,Area harvested,ha,1987,267890.0,A,Official value
862,Venezuela (Bolivarian Republic of),5412,Yield,kg/ha,1987,262.0,A,Official value
862,Venezuela (Bolivarian Republic of),5510,Production,t,1987,70188.0,A,Official value
862,Venezuela (Bolivarian Republic of),5312,Area harvested,ha,1988,273230.0,A,Official value
862,Venezuela (Bolivarian Republic of),5412,Yield,kg/ha,1988,260.0,A,Official value
862,Venezuela (Bolivarian Republic of),5510,Production,t,1988,71040.0,A,Official value
862,Venezuela (Bolivarian Republic of),5312,Area harvested,ha,1989,274977.0,A,Official value
862,Venezuela (Bolivarian Republic of),5412,Yield,kg/ha,1989,264.0,A,Official value
862,Venezuela (Bolivarian Republic of),5510,Production,t,1989,72594.0,A,Official value
862,Venezuela (Bolivarian Republic of),5312,Area harvested,ha,1990,281963.0,A,Official value
862,Venezuela (Bolivarian Republic of),5412,Yield,kg/ha,1990,271.0,A,Official value
862,Venezuela (Bolivarian Republic of),5510,Production,t,1990,76412.0,A,Official value
862,Venezuela (Bolivarian Republic of),5312,Area harvested,ha,1991,275012.0,A,Official value
862,Venezuela (Bolivarian Republic of),5412,Yield,kg/ha,1991,248.7,A,Official value
862,Venezuela (Bolivarian Republic of),5510,Production,t,1991,68404.0,A,Official value
862,Venezuela (Bolivarian Republic of),5312,Area harvested,ha,1992,270859.0,A,Official value
862,Venezuela (Bolivarian Republic of),5412,Yield,kg/ha,1992,256.0,A,Official value
862,Venezuela (Bolivarian Republic of),5510,Production,t,1992,69340.0,A,Official value
862,Venezuela (Bolivarian Republic of),5312,Area harvested,ha,1993,250083.0,A,Official value
862,Venezuela (Bolivarian Republic of),5412,Yield,kg/ha,1993,265.8,A,Official value
862,Venezuela (Bolivarian Republic of),5510,Production,t,1993,66476.0,A,Official value
862,Venezuela (Bolivarian Republic of),5312,Area harvested,ha,1994,260091.0,A,Official value
862,Venezuela (Bolivarian Republic of),5412,Yield,kg/ha,1994,263.0,A,Official value
862,Venezuela (Bolivarian Republic of),5510,Production,t,1994,68404.0,A,Official value
862,Venezuela (Bolivarian Republic of),5312,Area harvested,ha,1995,179353.0,A,Official value
862,Venezuela (Bolivarian Republic of),5412,Yield,kg/ha,1995,362.9,A,Official value
862,Venezuela (Bolivarian Republic of),5510,Production,t,1995,65088.0,A,Official value
862,Venezuela (Bolivarian Republic of),5312,Area harvested,ha,1996,183583.0,A,Official value
862,Venezuela (Bolivarian Republic of),5412,Yield,kg/ha,1996,397.8,A,Official value
862,Venezuela (Bolivarian Republic of),5510,Production,t,1996,73026.0,A,Official value
862,Venezuela (Bolivarian Republic of),5312,Area harvested,ha,1997,179367.0,A,Official value
862,Venezuela (Bolivarian Republic of),5412,Yield,kg/ha,1997,351.2,A,Official value
862,Venezuela (Bolivarian Republic of),5510,Production,t,1997,63000.0,A,Official value
862,Venezuela (Bolivarian Republic of),5312,Area harvested,ha,1998,201301.0,A,Official value
862,Venezuela (Bolivarian Republic of),5412,Yield,kg/ha,1998,332.0,A,Official value
862,Venezuela (Bolivarian Republic of),5510,Production,t,1998,66840.0,A,Official value
862,Venezuela (Bolivarian Republic of),5312,Area harvested,ha,1999,220258.0,A,Official value
862,Venezuela (Bolivarian Republic of),5412,Yield,kg/ha,1999,362.5,A,Official value
862,Venezuela (Bolivarian Republic of),5510,Production,t,1999,79854.0,A,Official value
862,Venezuela (Bolivarian Republic of),5312,Area harvested,ha,2000,226863.0,A,Official value
862,Venezuela (Bolivarian Republic of),5412,Yield,kg/ha,2000,345.8,A,Official value
862,Venezuela (Bolivarian Republic of),5510,Production,t,2000,78440.0,A,Official value
862,Venezuela (Bolivarian Republic of),5312,Area harvested,ha,2001,233873.0,A,Official value
862,Venezuela (Bolivarian Republic of),5412,Yield,kg/ha,2001,392.8,A,Official value
862,Venezuela (Bolivarian Republic of),5510,Production,t,2001,91877.0,A,Official value
862,Venezuela (Bolivarian Republic of),5312,Area harvested,ha,2002,238100.0,A,Official value
862,Venezuela (Bolivarian Republic of),5412,Yield,kg/ha,2002,354.8,A,Official value
862,Venezuela (Bolivarian Republic of),5510,Production,t,2002,84470.0,A,Official value
862,Venezuela (Bolivarian Republic of),5312,Area harvested,ha,2003,203280.0,A,Official value
862,Venezuela (Bolivarian Republic of),5412,Yield,kg/ha,2003,316.1,A,Official value
862,Venezuela (Bolivarian Republic of),5510,Production,t,2003,64265.0,A,Official value
862,Venezuela (Bolivarian Republic of),5312,Area harvested,ha,2004,207732.0,A,Official value
862,Venezuela (Bolivarian Republic of),5412,Yield,kg/ha,2004,344.2,A,Official value
862,Venezuela (Bolivarian Republic of),5510,Production,t,2004,71503.0,A,Official value
862,Venezuela (Bolivarian Republic of),5312,Area harvested,ha,2005,205805.0,A,Official value
862,Venezuela (Bolivarian Republic of),5412,Yield,kg/ha,2005,313.3,A,Official value
862,Venezuela (Bolivarian Republic of),5510,Production,t,2005,64484.0,A,Official value
862,Venezuela (Bolivarian Republic of),5312,Area harvested,ha,2006,189184.0,A,Official value
862,Venezuela (Bolivarian Republic of),5412,Yield,kg/ha,2006,392.9,A,Official value
862,Venezuela (Bolivarian Republic of),5510,Production,t,2006,74332.0,A,Official value
862,Venezuela (Bolivarian Republic of),5312,Area harvested,ha,2007,184536.0,A,Official value
862,Venezuela (Bolivarian Republic of),5412,Yield,kg/ha,2007,381.0,A,Official value
862,Venezuela (Bolivarian Republic of),5510,Production,t,2007,70311.0,A,Official value
862,Venezuela (Bolivarian Republic of),5312,Area harvested,ha,2008,186376.0,A,Official value
862,Venezuela (Bolivarian Republic of),5412,Yield,kg/ha,2008,386.3,A,Official value
862,Venezuela (Bolivarian Republic of),5510,Production,t,2008,72000.0,A,Official value
862,Venezuela (Bolivarian Republic of),5510,Production,t,2009,63193.0,A,Official value
862,Venezuela (Bolivarian Republic of),5312,Area harvested,ha,2010,190440.0,A,Official value
862,Venezuela (Bolivarian Republic of),5412,Yield,kg/ha,2010,376.4,A,Official value
862,Venezuela (Bolivarian Republic of),5510,Production,t,2010,71687.0,A,Official value
862,Venezuela (Bolivarian Republic of),5312,Area harvested,ha,2011,194607.0,A,Official value
862,Venezuela (Bolivarian Republic of),5412,Yield,kg/ha,2011,370.5,A,Official value
862,Venezuela (Bolivarian Republic of),5510,Production,t,2011,72109.0,A,Official value
862,Venezuela (Bolivarian Republic of),5312,Area harvested,ha,2012,170842.0,A,Official value
862,Venezuela (Bolivarian Republic of),5412,Yield,kg/ha,2012,356.6,A,Official value
862,Venezuela (Bolivarian Republic of),5510,Production,t,2012,60917.0,A,Official value
862,Venezuela (Bolivarian Republic of),5312,Area harvested,ha,2013,170598.0,A,Official value
862,Venezuela (Bolivarian Republic of),5412,Yield,kg/ha,2013,363.8,A,Official value
862,Venezuela (Bolivarian Republic of),5510,Production,t,2013,62069.0,A,Official value
862,Venezuela (Bolivarian Republic of),5312,Area harvested,ha,2014,159674.0,A,Official value
862,Venezuela (Bolivarian Republic of),5412,Yield,kg/ha,2014,329.9,A,Official value
862,Venezuela (Bolivarian Republic of),5510,Production,t,2014,52683.0,A,Official value
862,Venezuela (Bolivarian Republic of),5312,Area harvested,ha,2015,154779.0,A,Official value
862,Venezuela (Bolivarian Republic of),5412,Yield,kg/ha,2015,323.0,A,Official value
862,Venezuela (Bolivarian Republic of),5510,Production,t,2015,49987.0,A,Official value
862,Venezuela (Bolivarian Republic of),5312,Area harvested,ha,2016,161375.0,A,Official value
862,Venezuela (Bolivarian Republic of),5412,Yield,kg/ha,2016,315.7,A,Official value
862,Venezuela (Bolivarian Republic of),5510,Production,t,2016,50947.58,A,Official value
862,Venezuela (Bolivarian Republic of),5312,Area harvested,ha,2017,163317.0,A,Official value
862,Venezuela (Bolivarian Republic of),5412,Yield,kg/ha,2017,346.7,A,Official value
862,Venezuela (Bolivarian Republic of),5510,Production,t,2017,56630.0,A,Official value
862,Venezuela (Bolivarian Republic of),5312,Area harvested,ha,2018,149536.0,A,Official value
862,Venezuela (Bolivarian Republic of),5412,Yield,kg/ha,2018,389.1,A,Official value
862,Venezuela (Bolivarian Republic of),5510,Production,t,2018,58188.0,A,Official value
862,Venezuela (Bolivarian Republic of),5312,Area harvested,ha,2019,162900.0,A,Official value
862,Venezuela (Bolivarian Republic of),5412,Yield,kg/ha,2019,350.0,A,Official value
862,Venezuela (Bolivarian Republic of),5510,Production,t,2019,57015.0,A,Official value
862,Venezuela (Bolivarian Republic of),5312,Area harvested,ha,2020,158056.0,A,Official value
862,Venezuela (Bolivarian Republic of),5412,Yield,kg/ha,2020,343.2,A,Official value
862,Venezuela (Bolivarian Republic of),5510,Production,t,2020,54242.0,A,Official value
862,Venezuela (Bolivarian Republic of),5312,Area harvested,ha,2021,177079.0,A,Official value
862,Venezuela (Bolivarian Republic of),5412,Yield,kg/ha,2021,303.4,A,Official value
862,Venezuela (Bolivarian Republic of),5510,Production,t,2021,53723.0,A,Official value
862,Venezuela (Bolivarian Republic of),5312,Area harvested,ha,2022,160839.0,A,Official value
862,Venezuela (Bolivarian Republic of),5412,Yield,kg/ha,2022,355.5,A,Official value
862,Venezuela (Bolivarian Republic of),5510,Production,t,2022,57177.0,A,Official value
862,Venezuela (Bolivarian Republic of),5312,Area harvested,ha,2023,166792.0,A,Official value
862,Venezuela (Bolivarian Republic of),5412,Yield,kg/ha,2023,351.5,A,Official value
862,Venezuela (Bolivarian Republic of),5510,Production,t,2023,58625.0,A,Official value
704,Viet Nam,5312,Area harvested,ha,1961,21200.0,A,Official value
704,Viet Nam,5412,Yield,kg/ha,1961,193.4,A,Official value
704,Viet Nam,5510,Production,t,1961,4100.0,A,Official value
704,Viet Nam,5312,Area harvested,ha,1962,24410.0,A,Official value
704,Viet Nam,5412,Yield,kg/ha,1962,164.7,A,Official value
704,Viet Nam,5510,Production,t,1962,4020.0,A,Official value
704,Viet Nam,5312,Area harvested,ha,1965,22800.0,A,Official value
704,Viet Nam,5412,Yield,kg/ha,1965,328.9,A,Official value
704,Viet Nam,5510,Production,t,1965,7500.0,A,Official value
704,Viet Nam,5312,Area harvested,ha,1966,22200.0,A,Official value
704,Viet Nam,5412,Yield,kg/ha,1966,283.8,A,Official value
704,Viet Nam,5510,Production,t,1966,6300.0,A,Official value
704,Viet Nam,5312,Area harvested,ha,1970,18600.0,A,Official value
704,Viet Nam,5412,Yield,kg/ha,1970,392.5,A,Official value
704,Viet Nam,5510,Production,t,1970,7300.0,A,Official value
704,Viet Nam,5312,Area harvested,ha,1971,19000.0,A,Official value
704,Viet Nam,5412,Yield,kg/ha,1971,342.1,A,Official value
704,Viet Nam,5510,Production,t,1971,6500.0,A,Official value
704,Viet Nam,5312,Area harvested,ha,1975,11400.0,A,Official value
704,Viet Nam,5412,Yield,kg/ha,1975,596.5,A,Official value
704,Viet Nam,5510,Production,t,1975,6800.0,A,Official value
704,Viet Nam,5510,Production,t,1976,9700.0,A,Official value
704,Viet Nam,5312,Area harvested,ha,1977,7050.0,A,Official value
704,Viet Nam,5412,Yield,kg/ha,1977,794.3,A,Official value
704,Viet Nam,5510,Production,t,1977,5600.0,A,Official value
704,Viet Nam,5312,Area harvested,ha,1978,8130.0,A,Official value
704,Viet Nam,5412,Yield,kg/ha,1978,664.2,A,Official value
704,Viet Nam,5510,Production,t,1978,5400.0,A,Official value
704,Viet Nam,5312,Area harvested,ha,1979,9410.0,A,Official value
704,Viet Nam,5412,Yield,kg/ha,1979,542.0,A,Official value
704,Viet Nam,5510,Production,t,1979,5100.0,A,Official value
704,Viet Nam,5312,Area harvested,ha,1980,9200.0,A,Official value
704,Viet Nam,5412,Yield,kg/ha,1980,913.0,A,Official value
704,Viet Nam,5510,Production,t,1980,8400.0,A,Official value
704,Viet Nam,5312,Area harvested,ha,1981,9460.0,A,Official value
704,Viet Nam,5412,Yield,kg/ha,1981,560.3,A,Official value
704,Viet Nam,5510,Production,t,1981,5300.0,A,Official value
704,Viet Nam,5312,Area harvested,ha,1982,10960.0,A,Official value
704,Viet Nam,5412,Yield,kg/ha,1982,483.6,A,Official value
704,Viet Nam,5510,Production,t,1982,5300.0,A,Official value
704,Viet Nam,5312,Area harvested,ha,1983,11990.0,A,Official value
704,Viet Nam,5412,Yield,kg/ha,1983,475.4,A,Official value
704,Viet Nam,5510,Production,t,1983,5700.0,A,Official value
704,Viet Nam,5312,Area harvested,ha,1984,11830.0,A,Official value
704,Viet Nam,5412,Yield,kg/ha,1984,405.7,A,Official value
704,Viet Nam,5510,Production,t,1984,4800.0,A,Official value
704,Viet Nam,5312,Area harvested,ha,1985,14060.0,A,Official value
704,Viet Nam,5412,Yield,kg/ha,1985,874.8,A,Official value
704,Viet Nam,5510,Production,t,1985,12300.0,A,Official value
704,Viet Nam,5312,Area harvested,ha,1986,19100.0,A,Official value
704,Viet Nam,5312,Area harvested,ha,1987,23400.0,A,Official value
704,Viet Nam,5312,Area harvested,ha,1988,32300.0,A,Official value
704,Viet Nam,5312,Area harvested,ha,1989,43300.0,A,Official value
704,Viet Nam,5412,Yield,kg/ha,1989,944.6,A,Official value
704,Viet Nam,5510,Production,t,1989,40900.0,A,Official value
704,Viet Nam,5312,Area harvested,ha,1990,61857.0,A,Official value
704,Viet Nam,5412,Yield,kg/ha,1990,1487.3,A,Official value
704,Viet Nam,5510,Production,t,1990,92000.0,A,Official value
704,Viet Nam,5312,Area harvested,ha,1991,73200.0,A,Official value
704,Viet Nam,5412,Yield,kg/ha,1991,1366.1,A,Official value
704,Viet Nam,5510,Production,t,1991,100000.0,A,Official value
704,Viet Nam,5312,Area harvested,ha,1992,81800.0,A,Official value
704,Viet Nam,5412,Yield,kg/ha,1992,1457.2,A,Official value
704,Viet Nam,5510,Production,t,1992,119200.0,A,Official value
704,Viet Nam,5312,Area harvested,ha,1993,82100.0,A,Official value
704,Viet Nam,5412,Yield,kg/ha,1993,1657.7,A,Official value
704,Viet Nam,5510,Production,t,1993,136100.0,A,Official value
704,Viet Nam,5312,Area harvested,ha,1994,99900.0,A,Official value
704,Viet Nam,5412,Yield,kg/ha,1994,1801.8,A,Official value
704,Viet Nam,5510,Production,t,1994,180000.0,A,Official value
704,Viet Nam,5312,Area harvested,ha,1995,114100.0,A,Official value
704,Viet Nam,5412,Yield,kg/ha,1995,1910.6,A,Official value
704,Viet Nam,5510,Production,t,1995,218000.0,A,Official value
704,Viet Nam,5312,Area harvested,ha,1996,157500.0,A,Official value
704,Viet Nam,5412,Yield,kg/ha,1996,2032.4,A,Official value
704,Viet Nam,5510,Production,t,1996,320100.0,A,Official value
704,Viet Nam,5312,Area harvested,ha,1997,174400.0,A,Official value
704,Viet Nam,5412,Yield,kg/ha,1997,2411.1,A,Official value
704,Viet Nam,5510,Production,t,1997,420500.0,A,Official value
704,Viet Nam,5312,Area harvested,ha,1998,218300.0,A,Official value
704,Viet Nam,5412,Yield,kg/ha,1998,1874.9,A,Official value
704,Viet Nam,5510,Production,t,1998,409300.0,A,Official value
704,Viet Nam,5312,Area harvested,ha,1999,269800.0,A,Official value
704,Viet Nam,5412,Yield,kg/ha,1999,2050.4,A,Official value
704,Viet Nam,5510,Production,t,1999,553200.0,A,Official value
704,Viet Nam,5312,Area harvested,ha,2000,476900.0,A,Official value
704,Viet Nam,5412,Yield,kg/ha,2000,1682.7,A,Official value
704,Viet Nam,5510,Production,t,2000,802500.0,A,Official value
704,Viet Nam,5312,Area harvested,ha,2001,473500.0,A,Official value
704,Viet Nam,5412,Yield,kg/ha,2001,1775.3,A,Official value
704,Viet Nam,5510,Production,t,2001,840600.0,A,Official value
704,Viet Nam,5312,Area harvested,ha,2002,492500.0,A,Official value
704,Viet Nam,5412,Yield,kg/ha,2002,1420.3,A,Official value
704,Viet Nam,5510,Production,t,2002,699500.0,A,Official value
704,Viet Nam,5312,Area harvested,ha,2003,480500.0,A,Official value
704,Viet Nam,5412,Yield,kg/ha,2003,1651.8,A,Official value
704,Viet Nam,5510,Production,t,2003,793700.0,A,Official value
704,Viet Nam,5312,Area harvested,ha,2004,479100.0,A,Official value
704,Viet Nam,5312,Area harvested,ha,2005,483600.0,A,Official value
704,Viet Nam,5312,Area harvested,ha,2006,483200.0,A,Official value
704,Viet Nam,5412,Yield,kg/ha,2006,2039.1,A,Official value
704,Viet Nam,5510,Production,t,2006,985300.0,A,Official value
704,Viet Nam,5312,Area harvested,ha,2007,488900.0,A,Official value
704,Viet Nam,5312,Area harvested,ha,2008,500200.0,A,Official value
704,Viet Nam,5412,Yield,kg/ha,2008,2110.8,A,Official value
704,Viet Nam,5510,Production,t,2008,1055811.0,A,Official value
704,Viet Nam,5312,Area harvested,ha,2009,507200.0,A,Official value
704,Viet Nam,5412,Yield,kg/ha,2009,2085.1,A,Official value
704,Viet Nam,5510,Production,t,2009,1057539.6,A,Official value
704,Viet Nam,5312,Area harvested,ha,2010,511900.0,A,Official value
704,Viet Nam,5412,Yield,kg/ha,2010,2160.0,A,Official value
704,Viet Nam,5510,Production,t,2010,1105700.0,A,Official value
704,Viet Nam,5312,Area harvested,ha,2011,543865.0,A,Official value
704,Viet Nam,5412,Yield,kg/ha,2011,2347.1,A,Official value
704,Viet Nam,5510,Production,t,2011,1276506.0,A,Official value
704,Viet Nam,5312,Area harvested,ha,2012,572600.0,A,Official value
704,Viet Nam,5412,Yield,kg/ha,2012,2201.3,A,Official value
704,Viet Nam,5510,Production,t,2012,1260463.0,A,Official value
704,Viet Nam,5312,Area harvested,ha,2013,581381.0,A,Official value
704,Viet Nam,5412,Yield,kg/ha,2013,2282.0,A,Official value
704,Viet Nam,5510,Production,t,2013,1326688.0,A,Official value
704,Viet Nam,5312,Area harvested,ha,2014,589041.0,A,Official value
704,Viet Nam,5412,Yield,kg/ha,2014,2387.7,A,Official value
704,Viet Nam,5510,Production,t,2014,1406469.0,A,Official value
704,Viet Nam,5312,Area harvested,ha,2015,593800.0,A,Official value
704,Viet Nam,5412,Yield,kg/ha,2015,2446.9,A,Official value
704,Viet Nam,5510,Production,t,2015,1452999.3,A,Official value
704,Viet Nam,5312,Area harvested,ha,2016,597597.0,A,Official value
704,Viet Nam,5412,Yield,kg/ha,2016,2444.5,A,Official value
704,Viet Nam,5510,Production,t,2016,1460800.01,A,Official value
704,Viet Nam,5312,Area harvested,ha,2017,605178.0,A,Official value
704,Viet Nam,5412,Yield,kg/ha,2017,2548.7,A,Official value
704,Viet Nam,5510,Production,t,2017,1542397.88,A,Official value
704,Viet Nam,5312,Area harvested,ha,2018,618879.0,A,Official value
704,Viet Nam,5412,Yield,kg/ha,2018,2611.7,A,Official value
704,Viet Nam,5510,Production,t,2018,1616307.25,A,Official value
704,Viet Nam,5312,Area harvested,ha,2019,624100.0,A,Official value
704,Viet Nam,5412,Yield,kg/ha,2019,2702.7,A,Official value
704,Viet Nam,5510,Production,t,2019,1686765.17,A,Official value
704,Viet Nam,5312,Area harvested,ha,2020,637563.0,A,Official value
704,Viet Nam,5412,Yield,kg/ha,2020,2766.0,A,Official value
704,Viet Nam,5510,Production,t,2020,1763476.04,A,Official value
704,Viet Nam,5312,Area harvested,ha,2021,653192.0,A,Official value
704,Viet Nam,5412,Yield,kg/ha,2021,2824.6,A,Official value
704,Viet Nam,5510,Production,t,2021,1845032.98,A,Official value
704,Viet Nam,5312,Area harvested,ha,2022,655921.0,A,Official value
704,Viet Nam,5412,Yield,kg/ha,2022,2979.0,A,Official value
704,Viet Nam,5510,Production,t,2022,1953990.16,A,Official value
704,Viet Nam,5312,Area harvested,ha,2023,666954.0,A,Official value
704,Viet Nam,5412,Yield,kg/ha,2023,2933.9,A,Official value
704,Viet Nam,5510,Production,t,2023,1956782.46,A,Official value
704,Viet Nam,5312,Area harvested,ha,2024,678569.0,A,Official value
704,Viet Nam,5412,Yield,kg/ha,2024,2969.9,A,Official value
704,Viet Nam,5510,Production,t,2024,2015289.0,A,Official value
887,Yemen,5312,Area harvested,ha,1970,10607.0,A,Official value
887,Yemen,5412,Yield,kg/ha,1970,453.8,A,Official value
887,Yemen,5510,Production,t,1970,4813.0,A,Official value
887,Yemen,5312,Area harvested,ha,1971,10607.0,A,Official value
887,Yemen,5412,Yield,kg/ha,1971,454.7,A,Official value
887,Yemen,5510,Production,t,1971,4823.0,A,Official value
887,Yemen,5312,Area harvested,ha,1972,9607.0,A,Official value
887,Yemen,5412,Yield,kg/ha,1972,448.9,A,Official value
887,Yemen,5510,Production,t,1972,4313.0,A,Official value
887,Yemen,5312,Area harvested,ha,1973,9607.0,A,Official value
887,Yemen,5412,Yield,kg/ha,1973,448.9,A,Official value
887,Yemen,5510,Production,t,1973,4313.0,A,Official value
887,Yemen,5312,Area harvested,ha,1974,9607.0,A,Official value
887,Yemen,5412,Yield,kg/ha,1974,448.9,A,Official value
887,Yemen,5510,Production,t,1974,4313.0,A,Official value
887,Yemen,5312,Area harvested,ha,1975,8607.0,A,Official value
887,Yemen,5412,Yield,kg/ha,1975,442.7,A,Official value
887,Yemen,5510,Production,t,1975,3810.0,A,Official value
887,Yemen,5312,Area harvested,ha,1976,7607.0,A,Official value
887,Yemen,5412,Yield,kg/ha,1976,500.9,A,Official value
887,Yemen,5510,Production,t,1976,3810.0,A,Official value
887,Yemen,5312,Area harvested,ha,1977,8307.0,A,Official value
887,Yemen,5412,Yield,kg/ha,1977,567.0,A,Official value
887,Yemen,5510,Production,t,1977,4710.0,A,Official value
887,Yemen,5312,Area harvested,ha,1978,8307.0,A,Official value
887,Yemen,5412,Yield,kg/ha,1978,567.7,A,Official value
887,Yemen,5510,Production,t,1978,4716.0,A,Official value
887,Yemen,5312,Area harvested,ha,1979,8308.0,A,Official value
887,Yemen,5412,Yield,kg/ha,1979,530.8,A,Official value
887,Yemen,5510,Production,t,1979,4410.0,A,Official value
887,Yemen,5312,Area harvested,ha,1980,8308.0,A,Official value
887,Yemen,5412,Yield,kg/ha,1980,528.4,A,Official value
887,Yemen,5510,Production,t,1980,4390.0,A,Official value
887,Yemen,5312,Area harvested,ha,1981,8298.0,A,Official value
887,Yemen,5412,Yield,kg/ha,1981,530.9,A,Official value
887,Yemen,5510,Production,t,1981,4405.0,A,Official value
887,Yemen,5312,Area harvested,ha,1982,8297.0,A,Official value
887,Yemen,5312,Area harvested,ha,1983,7729.0,A,Official value
887,Yemen,5312,Area harvested,ha,1984,16783.0,A,Official value
887,Yemen,5412,Yield,kg/ha,1984,307.0,A,Official value
887,Yemen,5510,Production,t,1984,5152.0,A,Official value
887,Yemen,5312,Area harvested,ha,1985,16783.0,A,Official value
887,Yemen,5412,Yield,kg/ha,1985,292.7,A,Official value
887,Yemen,5510,Production,t,1985,4913.0,A,Official value
887,Yemen,5312,Area harvested,ha,1986,16973.0,A,Official value
887,Yemen,5412,Yield,kg/ha,1986,295.3,A,Official value
887,Yemen,5510,Production,t,1986,5012.0,A,Official value
887,Yemen,5312,Area harvested,ha,1987,17970.0,A,Official value
887,Yemen,5412,Yield,kg/ha,1987,284.4,A,Official value
887,Yemen,5510,Production,t,1987,5111.0,A,Official value
887,Yemen,5312,Area harvested,ha,1988,19463.0,A,Official value
887,Yemen,5412,Yield,kg/ha,1988,332.6,A,Official value
887,Yemen,5510,Production,t,1988,6474.0,A,Official value
887,Yemen,5312,Area harvested,ha,1989,22202.0,A,Official value
887,Yemen,5412,Yield,kg/ha,1989,306.6,A,Official value
887,Yemen,5510,Production,t,1989,6807.0,A,Official value
887,Yemen,5312,Area harvested,ha,1990,24804.0,A,Official value
887,Yemen,5412,Yield,kg/ha,1990,298.8,A,Official value
887,Yemen,5510,Production,t,1990,7411.0,A,Official value
887,Yemen,5312,Area harvested,ha,1991,23004.0,A,Official value
887,Yemen,5412,Yield,kg/ha,1991,236.0,A,Official value
887,Yemen,5510,Production,t,1991,5430.0,A,Official value
887,Yemen,5312,Area harvested,ha,1992,23665.0,A,Official value
887,Yemen,5412,Yield,kg/ha,1992,347.3,A,Official value
887,Yemen,5510,Production,t,1992,8218.0,A,Official value
887,Yemen,5312,Area harvested,ha,1993,24569.0,A,Official value
887,Yemen,5412,Yield,kg/ha,1993,355.2,A,Official value
887,Yemen,5510,Production,t,1993,8727.0,A,Official value
887,Yemen,5312,Area harvested,ha,1994,25174.0,A,Official value
887,Yemen,5412,Yield,kg/ha,1994,336.9,A,Official value
887,Yemen,5510,Production,t,1994,8480.0,A,Official value
887,Yemen,5312,Area harvested,ha,1995,27347.0,A,Official value
887,Yemen,5412,Yield,kg/ha,1995,328.8,A,Official value
887,Yemen,5510,Production,t,1995,8993.0,A,Official value
887,Yemen,5312,Area harvested,ha,1996,29220.0,A,Official value
887,Yemen,5412,Yield,kg/ha,1996,362.8,A,Official value
887,Yemen,5510,Production,t,1996,10600.0,A,Official value
887,Yemen,5312,Area harvested,ha,1997,31618.0,A,Official value
887,Yemen,5412,Yield,kg/ha,1997,326.6,A,Official value
887,Yemen,5510,Production,t,1997,10325.0,A,Official value
887,Yemen,5312,Area harvested,ha,1998,32032.0,A,Official value
887,Yemen,5412,Yield,kg/ha,1998,352.2,A,Official value
887,Yemen,5510,Production,t,1998,11283.0,A,Official value
887,Yemen,5312,Area harvested,ha,1999,32837.0,A,Official value
887,Yemen,5412,Yield,kg/ha,1999,340.5,A,Official value
887,Yemen,5510,Production,t,1999,11182.0,A,Official value
887,Yemen,5312,Area harvested,ha,2000,33443.0,A,Official value
887,Yemen,5412,Yield,kg/ha,2000,339.8,A,Official value
887,Yemen,5510,Production,t,2000,11363.0,A,Official value
887,Yemen,5312,Area harvested,ha,2001,33641.0,A,Official value
887,Yemen,5412,Yield,kg/ha,2001,353.9,A,Official value
887,Yemen,5510,Production,t,2001,11906.0,A,Official value
887,Yemen,5312,Area harvested,ha,2002,33545.0,A,Official value
887,Yemen,5412,Yield,kg/ha,2002,342.8,A,Official value
887,Yemen,5510,Production,t,2002,11499.0,A,Official value
887,Yemen,5312,Area harvested,ha,2003,33662.0,A,Official value
887,Yemen,5412,Yield,kg/ha,2003,344.8,A,Official value
887,Yemen,5510,Production,t,2003,11608.0,A,Official value
887,Yemen,5312,Area harvested,ha,2004,28354.0,A,Official value
887,Yemen,5412,Yield,kg/ha,2004,361.9,A,Official value
887,Yemen,5510,Production,t,2004,10260.0,A,Official value
887,Yemen,5312,Area harvested,ha,2005,28821.0,A,Official value
887,Yemen,5412,Yield,kg/ha,2005,393.2,A,Official value
887,Yemen,5510,Production,t,2005,11331.0,A,Official value
887,Yemen,5312,Area harvested,ha,2006,32260.0,A,Official value
887,Yemen,5412,Yield,kg/ha,2006,536.0,A,Official value
887,Yemen,5510,Production,t,2006,17292.0,A,Official value
887,Yemen,5312,Area harvested,ha,2007,33521.0,A,Official value
887,Yemen,5412,Yield,kg/ha,2007,546.8,A,Official value
887,Yemen,5510,Production,t,2007,18330.0,A,Official value
887,Yemen,5312,Area harvested,ha,2008,34292.0,A,Official value
887,Yemen,5412,Yield,kg/ha,2008,547.9,A,Official value
887,Yemen,5510,Production,t,2008,18788.0,A,Official value
887,Yemen,5312,Area harvested,ha,2009,34497.0,A,Official value
887,Yemen,5412,Yield,kg/ha,2009,548.6,A,Official value
887,Yemen,5510,Production,t,2009,18924.0,A,Official value
887,Yemen,5312,Area harvested,ha,2010,34717.0,A,Official value
887,Yemen,5412,Yield,kg/ha,2010,548.1,A,Official value
887,Yemen,5510,Production,t,2010,19029.0,A,Official value
887,Yemen,5312,Area harvested,ha,2011,34837.0,A,Official value
887,Yemen,5412,Yield,kg/ha,2011,553.3,A,Official value
887,Yemen,5510,Production,t,2011,19275.0,A,Official value
887,Yemen,5312,Area harvested,ha,2012,34987.0,A,Official value
887,Yemen,5412,Yield,kg/ha,2012,566.7,A,Official value
887,Yemen,5510,Production,t,2012,19828.0,A,Official value
887,Yemen,5312,Area harvested,ha,2013,35060.0,A,Official value
887,Yemen,5412,Yield,kg/ha,2013,570.0,A,Official value
887,Yemen,5510,Production,t,2013,19984.0,A,Official value
887,Yemen,5312,Area harvested,ha,2014,34652.0,A,Official value
887,Yemen,5412,Yield,kg/ha,2014,578.9,A,Official value
887,Yemen,5510,Production,t,2014,20059.0,A,Official value
887,Yemen,5312,Area harvested,ha,2015,33959.0,A,Official value
887,Yemen,5412,Yield,kg/ha,2015,567.1,A,Official value
887,Yemen,5510,Production,t,2015,19257.0,A,Official value
887,Yemen,5312,Area harvested,ha,2016,33929.0,A,Official value
887,Yemen,5412,Yield,kg/ha,2016,558.4,A,Official value
887,Yemen,5510,Production,t,2016,18945.0,A,Official value
887,Yemen,5312,Area harvested,ha,2017,33544.0,A,Official value
887,Yemen,5412,Yield,kg/ha,2017,559.5,A,Official value
887,Yemen,5510,Production,t,2017,18767.0,A,Official value
887,Yemen,5312,Area harvested,ha,2018,32984.0,A,Official value
887,Yemen,5412,Yield,kg/ha,2018,565.2,A,Official value
887,Yemen,5510,Production,t,2018,18642.0,A,Official value
887,Yemen,5312,Area harvested,ha,2019,34981.0,A,Official value
887,Yemen,5412,Yield,kg/ha,2019,595.0,A,Official value
887,Yemen,5510,Production,t,2019,20812.0,A,Official value
894,Zambia,5312,Area harvested,ha,1961,0.0,A,Official value
894,Zambia,5510,Production,t,1961,0.0,A,Official value
894,Zambia,5312,Area harvested,ha,1962,0.0,A,Official value
894,Zambia,5510,Production,t,1962,0.0,A,Official value
894,Zambia,5312,Area harvested,ha,1963,0.0,A,Official value
894,Zambia,5510,Production,t,1963,0.0,A,Official value
894,Zambia,5312,Area harvested,ha,1964,0.0,A,Official value
894,Zambia,5510,Production,t,1964,0.0,A,Official value
894,Zambia,5312,Area harvested,ha,1965,0.0,A,Official value
894,Zambia,5510,Production,t,1965,0.0,A,Official value
894,Zambia,5510,Production,t,1969,3.0,A,Official value
894,Zambia,5510,Production,t,1970,7.0,A,Official value
894,Zambia,5510,Production,t,1971,10.0,A,Official value
894,Zambia,5510,Production,t,1972,7.0,A,Official value
894,Zambia,5510,Production,t,1973,12.0,A,Official value
894,Zambia,5510,Production,t,1974,13.0,A,Official value
894,Zambia,5510,Production,t,1975,25.0,A,Official value
894,Zambia,5510,Production,t,1976,37.0,A,Official value
894,Zambia,5510,Production,t,1977,50.0,A,Official value
894,Zambia,5510,Production,t,1978,80.0,A,Official value
894,Zambia,5510,Production,t,1979,20.0,A,Official value
894,Zambia,5510,Production,t,1980,30.0,A,Official value
894,Zambia,5510,Production,t,1981,40.0,A,Official value
894,Zambia,5510,Production,t,1982,66.0,A,Official value
894,Zambia,5510,Production,t,1983,76.0,A,Official value
894,Zambia,5510,Production,t,1985,377.0,A,Official value
894,Zambia,5510,Production,t,1986,600.0,A,Official value
894,Zambia,5510,Production,t,1991,1329.0,A,Official value
894,Zambia,5510,Production,t,1992,1792.0,A,Official value
894,Zambia,5510,Production,t,1993,1531.0,A,Official value
894,Zambia,5510,Production,t,1994,1582.0,A,Official value
894,Zambia,5510,Production,t,1995,1232.0,A,Official value
894,Zambia,5510,Production,t,1996,1580.0,A,Official value
894,Zambia,5510,Production,t,1997,2167.0,A,Official value
894,Zambia,5510,Production,t,1998,2628.0,A,Official value
894,Zambia,5510,Production,t,1999,3450.0,A,Official value
894,Zambia,5510,Production,t,2000,2200.0,A,Official value
894,Zambia,5510,Production,t,2001,5868.0,A,Official value
894,Zambia,5510,Production,t,2002,5000.0,A,Official value
894,Zambia,5510,Production,t,2003,6500.0,A,Official value
894,Zambia,5510,Production,t,2004,5881.0,A,Official value
894,Zambia,5510,Production,t,2005,6684.64,A,Official value
894,Zambia,5510,Production,t,2006,6126.7,A,Official value
894,Zambia,5510,Production,t,2007,3431.84,A,Official value
716,Zimbabwe,5312,Area harvested,ha,1961,0.0,A,Official value
716,Zimbabwe,5510,Production,t,1961,0.0,A,Official value
716,Zimbabwe,5312,Area harvested,ha,1962,0.0,A,Official value
716,Zimbabwe,5510,Production,t,1962,0.0,A,Official value
716,Zimbabwe,5312,Area harvested,ha,1963,0.0,A,Official value
716,Zimbabwe,5510,Production,t,1963,0.0,A,Official value
716,Zimbabwe,5312,Area harvested,ha,1964,0.0,A,Official value
716,Zimbabwe,5510,Production,t,1964,0.0,A,Official value
716,Zimbabwe,5312,Area harvested,ha,1965,0.0,A,Official value
716,Zimbabwe,5510,Production,t,1965,0.0,A,Official value
716,Zimbabwe,5510,Production,t,1966,52.0,A,Official value
716,Zimbabwe,5510,Production,t,1967,62.0,A,Official value
716,Zimbabwe,5510,Production,t,1968,212.0,A,Official value
716,Zimbabwe,5510,Production,t,1969,212.0,A,Official value
716,Zimbabwe,5312,Area harvested,ha,1970,660.0,A,Official value
716,Zimbabwe,5412,Yield,kg/ha,1970,931.8,A,Official value
716,Zimbabwe,5510,Production,t,1970,615.0,A,Official value
716,Zimbabwe,5312,Area harvested,ha,1971,934.0,A,Official value
716,Zimbabwe,5412,Yield,kg/ha,1971,797.6,A,Official value
716,Zimbabwe,5510,Production,t,1971,745.0,A,Official value
716,Zimbabwe,5312,Area harvested,ha,1972,1488.0,A,Official value
716,Zimbabwe,5412,Yield,kg/ha,1972,843.4,A,Official value
716,Zimbabwe,5510,Production,t,1972,1255.0,A,Official value
716,Zimbabwe,5312,Area harvested,ha,1973,1749.0,A,Official value
716,Zimbabwe,5412,Yield,kg/ha,1973,887.9,A,Official value
716,Zimbabwe,5510,Production,t,1973,1553.0,A,Official value
716,Zimbabwe,5312,Area harvested,ha,1974,2639.0,A,Official value
716,Zimbabwe,5412,Yield,kg/ha,1974,978.0,A,Official value
716,Zimbabwe,5510,Production,t,1974,2581.0,A,Official value
716,Zimbabwe,5312,Area harvested,ha,1975,2979.0,A,Official value
716,Zimbabwe,5412,Yield,kg/ha,1975,1146.4,A,Official value
716,Zimbabwe,5510,Production,t,1975,3415.0,A,Official value
716,Zimbabwe,5312,Area harvested,ha,1976,3506.0,A,Official value
716,Zimbabwe,5412,Yield,kg/ha,1976,1323.2,A,Official value
716,Zimbabwe,5510,Production,t,1976,4639.0,A,Official value
716,Zimbabwe,5312,Area harvested,ha,1977,3617.0,A,Official value
716,Zimbabwe,5412,Yield,kg/ha,1977,1191.6,A,Official value
716,Zimbabwe,5510,Production,t,1977,4310.0,A,Official value
716,Zimbabwe,5312,Area harvested,ha,1978,3911.0,A,Official value
716,Zimbabwe,5412,Yield,kg/ha,1978,1272.6,A,Official value
716,Zimbabwe,5510,Production,t,1978,4977.0,A,Official value
716,Zimbabwe,5312,Area harvested,ha,1979,3572.0,A,Official value
716,Zimbabwe,5412,Yield,kg/ha,1979,1288.6,A,Official value
716,Zimbabwe,5510,Production,t,1979,4603.0,A,Official value
716,Zimbabwe,5312,Area harvested,ha,1980,4098.0,A,Official value
716,Zimbabwe,5412,Yield,kg/ha,1980,1283.8,A,Official value
716,Zimbabwe,5510,Production,t,1980,5261.0,A,Official value
716,Zimbabwe,5312,Area harvested,ha,1981,4608.0,A,Official value
716,Zimbabwe,5412,Yield,kg/ha,1981,1188.4,A,Official value
716,Zimbabwe,5510,Production,t,1981,5476.0,A,Official value
716,Zimbabwe,5312,Area harvested,ha,1982,5042.0,A,Official value
716,Zimbabwe,5412,Yield,kg/ha,1982,1204.5,A,Official value
716,Zimbabwe,5510,Production,t,1982,6073.0,A,Official value
716,Zimbabwe,5312,Area harvested,ha,1983,7008.0,A,Official value
716,Zimbabwe,5412,Yield,kg/ha,1983,1174.9,A,Official value
716,Zimbabwe,5510,Production,t,1983,8234.0,A,Official value
716,Zimbabwe,5312,Area harvested,ha,1984,7296.0,A,Official value
716,Zimbabwe,5412,Yield,kg/ha,1984,1469.3,A,Official value
716,Zimbabwe,5510,Production,t,1984,10720.0,A,Official value
716,Zimbabwe,5312,Area harvested,ha,1985,6973.0,A,Official value
716,Zimbabwe,5412,Yield,kg/ha,1985,1628.3,A,Official value
716,Zimbabwe,5510,Production,t,1985,11354.0,A,Official value
716,Zimbabwe,5510,Production,t,1986,13486.0,A,Official value
716,Zimbabwe,5312,Area harvested,ha,1987,6654.0,A,Official value
716,Zimbabwe,5412,Yield,kg/ha,1987,1743.2,A,Official value
716,Zimbabwe,5510,Production,t,1987,11599.0,A,Official value
716,Zimbabwe,5312,Area harvested,ha,1988,6539.0,A,Official value
716,Zimbabwe,5412,Yield,kg/ha,1988,1931.0,A,Official value
716,Zimbabwe,5510,Production,t,1988,12627.0,A,Official value
716,Zimbabwe,5312,Area harvested,ha,1989,6333.0,A,Official value
716,Zimbabwe,5412,Yield,kg/ha,1989,2305.5,A,Official value
716,Zimbabwe,5510,Production,t,1989,14601.0,A,Official value
716,Zimbabwe,5312,Area harvested,ha,1990,5843.0,A,Official value
716,Zimbabwe,5412,Yield,kg/ha,1990,2322.3,A,Official value
716,Zimbabwe,5510,Production,t,1990,13569.0,A,Official value
716,Zimbabwe,5312,Area harvested,ha,1991,6200.0,A,Official value
716,Zimbabwe,5412,Yield,kg/ha,1991,1950.2,A,Official value
716,Zimbabwe,5510,Production,t,1991,12091.0,A,Official value
716,Zimbabwe,5510,Production,t,1992,4995.0,A,Official value
716,Zimbabwe,5510,Production,t,1993,4000.0,A,Official value
716,Zimbabwe,5510,Production,t,1996,11500.0,A,Official value
716,Zimbabwe,5510,Production,t,1997,9300.0,A,Official value
716,Zimbabwe,5312,Area harvested,ha,1998,6800.0,A,Official value
716,Zimbabwe,5412,Yield,kg/ha,1998,1470.6,A,Official value
716,Zimbabwe,5510,Production,t,1998,10000.0,A,Official value
716,Zimbabwe,5510,Production,t,1999,10000.0,A,Official value
716,Zimbabwe,5510,Production,t,2000,9100.0,A,Official value
716,Zimbabwe,5510,Production,t,2001,7518.0,A,Official value
716,Zimbabwe,5510,Production,t,2002,8050.0,A,Official value
716,Zimbabwe,5510,Production,t,2003,10000.0,A,Official value
716,Zimbabwe,5312,Area harvested,ha,2019,542.0,A,Official value
716,Zimbabwe,5412,Yield,kg/ha,2019,979.7,A,Official value
716,Zimbabwe,5510,Production,t,2019,531.0,A,Official value
716,Zimbabwe,5312,Area harvested,ha,2020,573.0,A,Official value
716,Zimbabwe,5412,Yield,kg/ha,2020,1010.5,A,Official value
716,Zimbabwe,5510,Production,t,2020,579.0,A,Official value
716,Zimbabwe,5312,Area harvested,ha,2021,676.0,A,Official value
716,Zimbabwe,5412,Yield,kg/ha,2021,899.4,A,Official value
716,Zimbabwe,5510,Production,t,2021,608.0,A,Official value
716,Zimbabwe,5312,Area harvested,ha,2022,681.0,A,Official value
716,Zimbabwe,5412,Yield,kg/ha,2022,1000.0,A,Official value
716,Zimbabwe,5510,Production,t,2022,681.0,A,Official value
716,Zimbabwe,5312,Area harvested,ha,2023,685.0,A,Official value
716,Zimbabwe,5312,Area harvested,ha,2024,700.0,A,Official value
716,Zimbabwe,5412,Yield,kg/ha,2024,817.1,A,Official value
716,Zimbabwe,5510,Production,t,2024,572.0,A,Official value
