Domain Code,Domain,Area Code (M49),Area,Element Code,Element,Item Code (CPC),Item,Year Code,Year,Unit,Value,Flag,Flag Description,Note
"SCL","Supply Utilization Accounts (2010-)","008","Albania","5023","Processed","01610","Coffee, green","2010","2010","t","4642","E","Estimated value",""
"SCL","Supply Utilization Accounts (2010-)","008","Albania","5023","Processed","01610","Coffee, green","2011","2011","t","4922","E","Estimated value",""
"SCL","Supply Utilization Accounts (2010-)","008","Albania","5023","Processed","01610","Coffee, green","2012","2012","t","5189","E","Estimated value",""
"SCL","Supply Utilization Accounts (2010-)","008","Albania","5023","Processed","01610","Coffee, green","2013","2013","t","5216","E","Estimated value",""
"SCL","Supply Utilization Accounts (2010-)","008","Albania","5023","Processed","01610","Coffee, green","2014","2014","t","4199.23","E","Estimated value",""
"SCL","Supply Utilization Accounts (2010-)","008","Albania","5023","Processed","01610","Coffee, green","2015","2015","t","6375.55","E","Estimated value",""
"SCL","Supply Utilization Accounts (2010-)","008","Albania","5023","Processed","01610","Coffee, green","2016","2016","t","6363.61","E","Estimated value",""
"SCL","Supply Utilization Accounts (2010-)","008","Albania","5023","Processed","01610","Coffee, green","2017","2017","t","3176","E","Estimated value",""
"SCL","Supply Utilization Accounts (2010-)","008","Albania","5023","Processed","01610","Coffee, green","2018","2018","t","4666.34","E","Estimated value",""
"SCL","Supply Utilization Accounts (2010-)","008","Albania","5023","Processed","01610","Coffee, green","2019","2019","t","3801.52","E","Estimated value",""
"SCL","Supply Utilization Accounts (2010-)","008","Albania","5023","Processed","01610","Coffee, green","2020","2020","t","5404.38","E","Estimated value",""
"SCL","Supply Utilization Accounts (2010-)","008","Albania","5023","Processed","01610","Coffee, green","2021","2021","t","4701.72","E","Estimated value",""
"SCL","Supply Utilization Accounts (2010-)","008","Albania","5023","Processed","01610","Coffee, green","2022","2022","t","2958.82","E","Estimated value",""
"SCL","Supply Utilization Accounts (2010-)","008","Albania","5023","Processed","01610","Coffee, green","2023","2023","t","3319.14","E","Estimated value",""
"SCL","Supply Utilization Accounts (2010-)","051","Armenia","5023","Processed","01610","Coffee, green","2010","2010","t","2070.62","E","Estimated value",""
"SCL","Supply Utilization Accounts (2010-)","051","Armenia","5023","Processed","01610","Coffee, green","2011","2011","t","1975.39","E","Estimated value",""
"SCL","Supply Utilization Accounts (2010-)","051","Armenia","5023","Processed","01610","Coffee, green","2012","2012","t","1914.09","E","Estimated value",""
"SCL","Supply Utilization Accounts (2010-)","051","Armenia","5023","Processed","01610","Coffee, green","2013","2013","t","2091.24","E","Estimated value",""
"SCL","Supply Utilization Accounts (2010-)","051","Armenia","5023","Processed","01610","Coffee, green","2014","2014","t","1958.06","E","Estimated value",""
"SCL","Supply Utilization Accounts (2010-)","051","Armenia","5023","Processed","01610","Coffee, green","2015","2015","t","1977.66","E","Estimated value",""
"SCL","Supply Utilization Accounts (2010-)","051","Armenia","5023","Processed","01610","Coffee, green","2016","2016","t","2092.51","E","Estimated value",""
"SCL","Supply Utilization Accounts (2010-)","051","Armenia","5023","Processed","01610","Coffee, green","2017","2017","t","1915.25","E","Estimated value",""
"SCL","Supply Utilization Accounts (2010-)","051","Armenia","5023","Processed","01610","Coffee, green","2018","2018","t","2090.29","E","Estimated value",""
"SCL","Supply Utilization Accounts (2010-)","051","Armenia","5023","Processed","01610","Coffee, green","2019","2019","t","2248.72","E","Estimated value",""
"SCL","Supply Utilization Accounts (2010-)","051","Armenia","5023","Processed","01610","Coffee, green","2020","2020","t","2107.93","E","Estimated value",""
"SCL","Supply Utilization Accounts (2010-)","051","Armenia","5023","Processed","01610","Coffee, green","2021","2021","t","2121.28","E","Estimated value",""
"SCL","Supply Utilization Accounts (2010-)","051","Armenia","5023","Processed","01610","Coffee, green","2022","2022","t","3750","E","Estimated value",""
"SCL","Supply Utilization Accounts (2010-)","051","Armenia","5023","Processed","01610","Coffee, green","2023","2023","t","3125","E","Estimated value",""
"SCL","Supply Utilization Accounts (2010-)","036","Australia","5023","Processed","01610","Coffee, green","2010","2010","t","16328.75","E","Estimated value",""
"SCL","Supply Utilization Accounts (2010-)","036","Australia","5023","Processed","01610","Coffee, green","2011","2011","t","16567.83","E","Estimated value",""
"SCL","Supply Utilization Accounts (2010-)","036","Australia","5023","Processed","01610","Coffee, green","2012","2012","t","17716.16","E","Estimated value",""
"SCL","Supply Utilization Accounts (2010-)","036","Australia","5023","Processed","01610","Coffee, green","2013","2013","t","17582.62","E","Estimated value",""
"SCL","Supply Utilization Accounts (2010-)","036","Australia","5023","Processed","01610","Coffee, green","2014","2014","t","18722.3","E","Estimated value",""
"SCL","Supply Utilization Accounts (2010-)","036","Australia","5023","Processed","01610","Coffee, green","2015","2015","t","20444.61","E","Estimated value",""
"SCL","Supply Utilization Accounts (2010-)","036","Australia","5023","Processed","01610","Coffee, green","2016","2016","t","20705.79","E","Estimated value",""
"SCL","Supply Utilization Accounts (2010-)","036","Australia","5023","Processed","01610","Coffee, green","2017","2017","t","22691.8","E","Estimated value",""
"SCL","Supply Utilization Accounts (2010-)","036","Australia","5023","Processed","01610","Coffee, green","2018","2018","t","22991.81","E","Estimated value",""
"SCL","Supply Utilization Accounts (2010-)","036","Australia","5023","Processed","01610","Coffee, green","2019","2019","t","23914.72","E","Estimated value",""
"SCL","Supply Utilization Accounts (2010-)","036","Australia","5023","Processed","01610","Coffee, green","2020","2020","t","22471.1","E","Estimated value",""
"SCL","Supply Utilization Accounts (2010-)","036","Australia","5023","Processed","01610","Coffee, green","2021","2021","t","24428.73","E","Estimated value",""
"SCL","Supply Utilization Accounts (2010-)","036","Australia","5023","Processed","01610","Coffee, green","2022","2022","t","26394.55","E","Estimated value",""
"SCL","Supply Utilization Accounts (2010-)","036","Australia","5023","Processed","01610","Coffee, green","2023","2023","t","23921.93","E","Estimated value",""
"SCL","Supply Utilization Accounts (2010-)","040","Austria","5023","Processed","01610","Coffee, green","2010","2010","t","31108","E","Estimated value",""
"SCL","Supply Utilization Accounts (2010-)","040","Austria","5023","Processed","01610","Coffee, green","2011","2011","t","35109","E","Estimated value",""
"SCL","Supply Utilization Accounts (2010-)","040","Austria","5023","Processed","01610","Coffee, green","2012","2012","t","36281","E","Estimated value",""
"SCL","Supply Utilization Accounts (2010-)","040","Austria","5023","Processed","01610","Coffee, green","2013","2013","t","25543","E","Estimated value",""
"SCL","Supply Utilization Accounts (2010-)","040","Austria","5023","Processed","01610","Coffee, green","2014","2014","t","17596.22","E","Estimated value",""
"SCL","Supply Utilization Accounts (2010-)","040","Austria","5023","Processed","01610","Coffee, green","2015","2015","t","16333.09","E","Estimated value",""
"SCL","Supply Utilization Accounts (2010-)","040","Austria","5023","Processed","01610","Coffee, green","2016","2016","t","15954.46","E","Estimated value",""
"SCL","Supply Utilization Accounts (2010-)","040","Austria","5023","Processed","01610","Coffee, green","2017","2017","t","16824.24","E","Estimated value",""
"SCL","Supply Utilization Accounts (2010-)","040","Austria","5023","Processed","01610","Coffee, green","2018","2018","t","16875.86","E","Estimated value",""
"SCL","Supply Utilization Accounts (2010-)","040","Austria","5023","Processed","01610","Coffee, green","2019","2019","t","17985.32","E","Estimated value",""
"SCL","Supply Utilization Accounts (2010-)","040","Austria","5023","Processed","01610","Coffee, green","2020","2020","t","14000.52","E","Estimated value",""
"SCL","Supply Utilization Accounts (2010-)","040","Austria","5023","Processed","01610","Coffee, green","2021","2021","t","12000.67","E","Estimated value",""
"SCL","Supply Utilization Accounts (2010-)","040","Austria","5023","Processed","01610","Coffee, green","2022","2022","t","13627.22","E","Estimated value",""
"SCL","Supply Utilization Accounts (2010-)","040","Austria","5023","Processed","01610","Coffee, green","2023","2023","t","12928.36","E","Estimated value",""
"SCL","Supply Utilization Accounts (2010-)","048","Bahrain","5023","Processed","01610","Coffee, green","2019","2019","t","0","E","Estimated value",""
"SCL","Supply Utilization Accounts (2010-)","048","Bahrain","5023","Processed","01610","Coffee, green","2020","2020","t","0","E","Estimated value",""
"SCL","Supply Utilization Accounts (2010-)","048","Bahrain","5023","Processed","01610","Coffee, green","2021","2021","t","0","E","Estimated value",""
"SCL","Supply Utilization Accounts (2010-)","112","Belarus","5023","Processed","01610","Coffee, green","2010","2010","t","0","E","Estimated value",""
"SCL","Supply Utilization Accounts (2010-)","112","Belarus","5023","Processed","01610","Coffee, green","2011","2011","t","0","E","Estimated value",""
"SCL","Supply Utilization Accounts (2010-)","112","Belarus","5023","Processed","01610","Coffee, green","2012","2012","t","0","E","Estimated value",""
"SCL","Supply Utilization Accounts (2010-)","112","Belarus","5023","Processed","01610","Coffee, green","2013","2013","t","0","E","Estimated value",""
"SCL","Supply Utilization Accounts (2010-)","112","Belarus","5023","Processed","01610","Coffee, green","2014","2014","t","0","E","Estimated value",""
"SCL","Supply Utilization Accounts (2010-)","112","Belarus","5023","Processed","01610","Coffee, green","2015","2015","t","0","E","Estimated value",""
"SCL","Supply Utilization Accounts (2010-)","112","Belarus","5023","Processed","01610","Coffee, green","2016","2016","t","0","E","Estimated value",""
"SCL","Supply Utilization Accounts (2010-)","112","Belarus","5023","Processed","01610","Coffee, green","2017","2017","t","0","E","Estimated value",""
"SCL","Supply Utilization Accounts (2010-)","112","Belarus","5023","Processed","01610","Coffee, green","2018","2018","t","0","E","Estimated value",""
"SCL","Supply Utilization Accounts (2010-)","112","Belarus","5023","Processed","01610","Coffee, green","2019","2019","t","0","E","Estimated value",""
"SCL","Supply Utilization Accounts (2010-)","112","Belarus","5023","Processed","01610","Coffee, green","2020","2020","t","0","E","Estimated value",""
"SCL","Supply Utilization Accounts (2010-)","112","Belarus","5023","Processed","01610","Coffee, green","2021","2021","t","0","E","Estimated value",""
"SCL","Supply Utilization Accounts (2010-)","112","Belarus","5023","Processed","01610","Coffee, green","2022","2022","t","0","E","Estimated value",""
"SCL","Supply Utilization Accounts (2010-)","112","Belarus","5023","Processed","01610","Coffee, green","2023","2023","t","0","E","Estimated value",""
"SCL","Supply Utilization Accounts (2010-)","056","Belgium","5023","Processed","01610","Coffee, green","2010","2010","t","97790","I","Value imputed by a receiving agency",""
"SCL","Supply Utilization Accounts (2010-)","056","Belgium","5023","Processed","01610","Coffee, green","2011","2011","t","97088","I","Value imputed by a receiving agency",""
"SCL","Supply Utilization Accounts (2010-)","056","Belgium","5023","Processed","01610","Coffee, green","2012","2012","t","100563","I","Value imputed by a receiving agency",""
"SCL","Supply Utilization Accounts (2010-)","056","Belgium","5023","Processed","01610","Coffee, green","2013","2013","t","140914","I","Value imputed by a receiving agency",""
"SCL","Supply Utilization Accounts (2010-)","056","Belgium","5023","Processed","01610","Coffee, green","2014","2014","t","95694.38","E","Estimated value",""
"SCL","Supply Utilization Accounts (2010-)","056","Belgium","5023","Processed","01610","Coffee, green","2015","2015","t","97580.3","E","Estimated value",""
"SCL","Supply Utilization Accounts (2010-)","056","Belgium","5023","Processed","01610","Coffee, green","2016","2016","t","99958.69","E","Estimated value",""
"SCL","Supply Utilization Accounts (2010-)","056","Belgium","5023","Processed","01610","Coffee, green","2017","2017","t","65305.1","E","Estimated value",""
"SCL","Supply Utilization Accounts (2010-)","056","Belgium","5023","Processed","01610","Coffee, green","2018","2018","t","65124.73","E","Estimated value",""
"SCL","Supply Utilization Accounts (2010-)","056","Belgium","5023","Processed","01610","Coffee, green","2019","2019","t","75596.66","E","Estimated value",""
"SCL","Supply Utilization Accounts (2010-)","056","Belgium","5023","Processed","01610","Coffee, green","2020","2020","t","73082.82","E","Estimated value",""
"SCL","Supply Utilization Accounts (2010-)","056","Belgium","5023","Processed","01610","Coffee, green","2021","2021","t","74950.28","E","Estimated value",""
"SCL","Supply Utilization Accounts (2010-)","056","Belgium","5023","Processed","01610","Coffee, green","2022","2022","t","117602.88","E","Estimated value",""
"SCL","Supply Utilization Accounts (2010-)","056","Belgium","5023","Processed","01610","Coffee, green","2023","2023","t","77122.59","E","Estimated value",""
"SCL","Supply Utilization Accounts (2010-)","064","Bhutan","5023","Processed","01610","Coffee, green","2019","2019","t","0","E","Estimated value",""
"SCL","Supply Utilization Accounts (2010-)","064","Bhutan","5023","Processed","01610","Coffee, green","2020","2020","t","0","E","Estimated value",""
"SCL","Supply Utilization Accounts (2010-)","064","Bhutan","5023","Processed","01610","Coffee, green","2021","2021","t","0","E","Estimated value",""
"SCL","Supply Utilization Accounts (2010-)","064","Bhutan","5023","Processed","01610","Coffee, green","2022","2022","t","0","E","Estimated value",""
"SCL","Supply Utilization Accounts (2010-)","068","Bolivia (Plurinational State of)","5023","Processed","01610","Coffee, green","2010","2010","t","21482","E","Estimated value",""
"SCL","Supply Utilization Accounts (2010-)","068","Bolivia (Plurinational State of)","5023","Processed","01610","Coffee, green","2011","2011","t","20653","E","Estimated value",""
"SCL","Supply Utilization Accounts (2010-)","068","Bolivia (Plurinational State of)","5023","Processed","01610","Coffee, green","2012","2012","t","22734","E","Estimated value",""
"SCL","Supply Utilization Accounts (2010-)","068","Bolivia (Plurinational State of)","5023","Processed","01610","Coffee, green","2013","2013","t","24267","E","Estimated value",""
"SCL","Supply Utilization Accounts (2010-)","068","Bolivia (Plurinational State of)","5023","Processed","01610","Coffee, green","2014","2014","t","15829","E","Estimated value",""
"SCL","Supply Utilization Accounts (2010-)","068","Bolivia (Plurinational State of)","5023","Processed","01610","Coffee, green","2015","2015","t","18011","E","Estimated value",""
"SCL","Supply Utilization Accounts (2010-)","068","Bolivia (Plurinational State of)","5023","Processed","01610","Coffee, green","2016","2016","t","18949","E","Estimated value",""
"SCL","Supply Utilization Accounts (2010-)","068","Bolivia (Plurinational State of)","5023","Processed","01610","Coffee, green","2017","2017","t","18547","E","Estimated value",""
"SCL","Supply Utilization Accounts (2010-)","068","Bolivia (Plurinational State of)","5023","Processed","01610","Coffee, green","2018","2018","t","19529","E","Estimated value",""
"SCL","Supply Utilization Accounts (2010-)","068","Bolivia (Plurinational State of)","5023","Processed","01610","Coffee, green","2019","2019","t","22040","E","Estimated value",""
"SCL","Supply Utilization Accounts (2010-)","068","Bolivia (Plurinational State of)","5023","Processed","01610","Coffee, green","2020","2020","t","20872.91","E","Estimated value",""
"SCL","Supply Utilization Accounts (2010-)","068","Bolivia (Plurinational State of)","5023","Processed","01610","Coffee, green","2021","2021","t","20521.33","E","Estimated value",""
"SCL","Supply Utilization Accounts (2010-)","068","Bolivia (Plurinational State of)","5023","Processed","01610","Coffee, green","2022","2022","t","19574.3","E","Estimated value",""
"SCL","Supply Utilization Accounts (2010-)","068","Bolivia (Plurinational State of)","5023","Processed","01610","Coffee, green","2023","2023","t","20538.67","E","Estimated value",""
"SCL","Supply Utilization Accounts (2010-)","070","Bosnia and Herzegovina","5023","Processed","01610","Coffee, green","2010","2010","t","16174","E","Estimated value",""
"SCL","Supply Utilization Accounts (2010-)","070","Bosnia and Herzegovina","5023","Processed","01610","Coffee, green","2011","2011","t","19434","E","Estimated value",""
"SCL","Supply Utilization Accounts (2010-)","070","Bosnia and Herzegovina","5023","Processed","01610","Coffee, green","2012","2012","t","20711","E","Estimated value",""
"SCL","Supply Utilization Accounts (2010-)","070","Bosnia and Herzegovina","5023","Processed","01610","Coffee, green","2013","2013","t","21431","E","Estimated value",""
"SCL","Supply Utilization Accounts (2010-)","070","Bosnia and Herzegovina","5023","Processed","01610","Coffee, green","2014","2014","t","20501.76","E","Estimated value",""
"SCL","Supply Utilization Accounts (2010-)","070","Bosnia and Herzegovina","5023","Processed","01610","Coffee, green","2015","2015","t","21338.14","E","Estimated value",""
"SCL","Supply Utilization Accounts (2010-)","070","Bosnia and Herzegovina","5023","Processed","01610","Coffee, green","2016","2016","t","20889.36","E","Estimated value",""
"SCL","Supply Utilization Accounts (2010-)","070","Bosnia and Herzegovina","5023","Processed","01610","Coffee, green","2017","2017","t","20126.95","E","Estimated value",""
"SCL","Supply Utilization Accounts (2010-)","070","Bosnia and Herzegovina","5023","Processed","01610","Coffee, green","2018","2018","t","20675.66","E","Estimated value",""
"SCL","Supply Utilization Accounts (2010-)","070","Bosnia and Herzegovina","5023","Processed","01610","Coffee, green","2019","2019","t","20486.28","E","Estimated value",""
"SCL","Supply Utilization Accounts (2010-)","070","Bosnia and Herzegovina","5023","Processed","01610","Coffee, green","2020","2020","t","20012.83","E","Estimated value",""
"SCL","Supply Utilization Accounts (2010-)","070","Bosnia and Herzegovina","5023","Processed","01610","Coffee, green","2021","2021","t","20651.03","E","Estimated value",""
"SCL","Supply Utilization Accounts (2010-)","070","Bosnia and Herzegovina","5023","Processed","01610","Coffee, green","2022","2022","t","17914.77","E","Estimated value",""
"SCL","Supply Utilization Accounts (2010-)","070","Bosnia and Herzegovina","5023","Processed","01610","Coffee, green","2023","2023","t","18110.41","E","Estimated value",""
"SCL","Supply Utilization Accounts (2010-)","072","Botswana","5023","Processed","01610","Coffee, green","2010","2010","t","255.67","E","Estimated value",""
"SCL","Supply Utilization Accounts (2010-)","072","Botswana","5023","Processed","01610","Coffee, green","2011","2011","t","150.7","E","Estimated value",""
"SCL","Supply Utilization Accounts (2010-)","072","Botswana","5023","Processed","01610","Coffee, green","2012","2012","t","209.52","E","Estimated value",""
"SCL","Supply Utilization Accounts (2010-)","072","Botswana","5023","Processed","01610","Coffee, green","2013","2013","t","228.8","E","Estimated value",""
"SCL","Supply Utilization Accounts (2010-)","072","Botswana","5023","Processed","01610","Coffee, green","2014","2014","t","247.72","E","Estimated value",""
"SCL","Supply Utilization Accounts (2010-)","072","Botswana","5023","Processed","01610","Coffee, green","2015","2015","t","465.24","E","Estimated value",""
"SCL","Supply Utilization Accounts (2010-)","072","Botswana","5023","Processed","01610","Coffee, green","2016","2016","t","279.77","E","Estimated value",""
"SCL","Supply Utilization Accounts (2010-)","072","Botswana","5023","Processed","01610","Coffee, green","2017","2017","t","202.83","E","Estimated value",""
"SCL","Supply Utilization Accounts (2010-)","072","Botswana","5023","Processed","01610","Coffee, green","2018","2018","t","255.45","E","Estimated value",""
"SCL","Supply Utilization Accounts (2010-)","072","Botswana","5023","Processed","01610","Coffee, green","2019","2019","t","54.1","E","Estimated value",""
"SCL","Supply Utilization Accounts (2010-)","072","Botswana","5023","Processed","01610","Coffee, green","2020","2020","t","70.19","E","Estimated value",""
"SCL","Supply Utilization Accounts (2010-)","072","Botswana","5023","Processed","01610","Coffee, green","2021","2021","t","73.89","E","Estimated value",""
"SCL","Supply Utilization Accounts (2010-)","072","Botswana","5023","Processed","01610","Coffee, green","2022","2022","t","50.17","E","Estimated value",""
"SCL","Supply Utilization Accounts (2010-)","072","Botswana","5023","Processed","01610","Coffee, green","2023","2023","t","58.74","E","Estimated value",""
"SCL","Supply Utilization Accounts (2010-)","076","Brazil","5023","Processed","01610","Coffee, green","2010","2010","t","450366.53","E","Estimated value",""
"SCL","Supply Utilization Accounts (2010-)","076","Brazil","5023","Processed","01610","Coffee, green","2011","2011","t","604906.06","E","Estimated value",""
"SCL","Supply Utilization Accounts (2010-)","076","Brazil","5023","Processed","01610","Coffee, green","2012","2012","t","818010.56","E","Estimated value",""
"SCL","Supply Utilization Accounts (2010-)","076","Brazil","5023","Processed","01610","Coffee, green","2013","2013","t","590502.81","E","Estimated value",""
"SCL","Supply Utilization Accounts (2010-)","076","Brazil","5023","Processed","01610","Coffee, green","2014","2014","t","250196.79","E","Estimated value",""
"SCL","Supply Utilization Accounts (2010-)","076","Brazil","5023","Processed","01610","Coffee, green","2015","2015","t","252993.23","E","Estimated value",""
"SCL","Supply Utilization Accounts (2010-)","076","Brazil","5023","Processed","01610","Coffee, green","2016","2016","t","278522.01","E","Estimated value",""
"SCL","Supply Utilization Accounts (2010-)","076","Brazil","5023","Processed","01610","Coffee, green","2017","2017","t","265047.51","E","Estimated value",""
"SCL","Supply Utilization Accounts (2010-)","076","Brazil","5023","Processed","01610","Coffee, green","2018","2018","t","268414.45","E","Estimated value",""
"SCL","Supply Utilization Accounts (2010-)","076","Brazil","5023","Processed","01610","Coffee, green","2019","2019","t","300538.92","E","Estimated value",""
"SCL","Supply Utilization Accounts (2010-)","076","Brazil","5023","Processed","01610","Coffee, green","2020","2020","t","295971.46","E","Estimated value",""
"SCL","Supply Utilization Accounts (2010-)","076","Brazil","5023","Processed","01610","Coffee, green","2021","2021","t","298711.94","E","Estimated value",""
"SCL","Supply Utilization Accounts (2010-)","076","Brazil","5023","Processed","01610","Coffee, green","2022","2022","t","290186.01","E","Estimated value",""
"SCL","Supply Utilization Accounts (2010-)","076","Brazil","5023","Processed","01610","Coffee, green","2023","2023","t","461271.68","E","Estimated value",""
"SCL","Supply Utilization Accounts (2010-)","100","Bulgaria","5023","Processed","01610","Coffee, green","2010","2010","t","22888","E","Estimated value",""
"SCL","Supply Utilization Accounts (2010-)","100","Bulgaria","5023","Processed","01610","Coffee, green","2011","2011","t","19997","E","Estimated value",""
"SCL","Supply Utilization Accounts (2010-)","100","Bulgaria","5023","Processed","01610","Coffee, green","2012","2012","t","19962","E","Estimated value",""
"SCL","Supply Utilization Accounts (2010-)","100","Bulgaria","5023","Processed","01610","Coffee, green","2013","2013","t","22861","E","Estimated value",""
"SCL","Supply Utilization Accounts (2010-)","100","Bulgaria","5023","Processed","01610","Coffee, green","2014","2014","t","29541.79","E","Estimated value",""
"SCL","Supply Utilization Accounts (2010-)","100","Bulgaria","5023","Processed","01610","Coffee, green","2015","2015","t","29344.24","E","Estimated value",""
"SCL","Supply Utilization Accounts (2010-)","100","Bulgaria","5023","Processed","01610","Coffee, green","2016","2016","t","31282.14","E","Estimated value",""
"SCL","Supply Utilization Accounts (2010-)","100","Bulgaria","5023","Processed","01610","Coffee, green","2017","2017","t","28543.54","E","Estimated value",""
"SCL","Supply Utilization Accounts (2010-)","100","Bulgaria","5023","Processed","01610","Coffee, green","2018","2018","t","29530.84","E","Estimated value",""
"SCL","Supply Utilization Accounts (2010-)","100","Bulgaria","5023","Processed","01610","Coffee, green","2019","2019","t","32495","E","Estimated value",""
"SCL","Supply Utilization Accounts (2010-)","100","Bulgaria","5023","Processed","01610","Coffee, green","2020","2020","t","30328.93","E","Estimated value",""
"SCL","Supply Utilization Accounts (2010-)","100","Bulgaria","5023","Processed","01610","Coffee, green","2021","2021","t","28459.84","E","Estimated value",""
"SCL","Supply Utilization Accounts (2010-)","100","Bulgaria","5023","Processed","01610","Coffee, green","2022","2022","t","25145.84","E","Estimated value",""
"SCL","Supply Utilization Accounts (2010-)","100","Bulgaria","5023","Processed","01610","Coffee, green","2023","2023","t","23495.49","E","Estimated value",""
"SCL","Supply Utilization Accounts (2010-)","120","Cameroon","5023","Processed","01610","Coffee, green","2010","2010","t","6069.79","E","Estimated value",""
"SCL","Supply Utilization Accounts (2010-)","120","Cameroon","5023","Processed","01610","Coffee, green","2011","2011","t","0","E","Estimated value",""
"SCL","Supply Utilization Accounts (2010-)","120","Cameroon","5023","Processed","01610","Coffee, green","2012","2012","t","0","E","Estimated value",""
"SCL","Supply Utilization Accounts (2010-)","120","Cameroon","5023","Processed","01610","Coffee, green","2013","2013","t","4941.34","E","Estimated value",""
"SCL","Supply Utilization Accounts (2010-)","120","Cameroon","5023","Processed","01610","Coffee, green","2014","2014","t","2277.99","E","Estimated value",""
"SCL","Supply Utilization Accounts (2010-)","120","Cameroon","5023","Processed","01610","Coffee, green","2015","2015","t","2500.52","E","Estimated value",""
"SCL","Supply Utilization Accounts (2010-)","120","Cameroon","5023","Processed","01610","Coffee, green","2016","2016","t","885.02","E","Estimated value",""
"SCL","Supply Utilization Accounts (2010-)","120","Cameroon","5023","Processed","01610","Coffee, green","2017","2017","t","1146.62","E","Estimated value",""
"SCL","Supply Utilization Accounts (2010-)","120","Cameroon","5023","Processed","01610","Coffee, green","2018","2018","t","4515.76","E","Estimated value",""
"SCL","Supply Utilization Accounts (2010-)","120","Cameroon","5023","Processed","01610","Coffee, green","2019","2019","t","5358.19","E","Estimated value",""
"SCL","Supply Utilization Accounts (2010-)","120","Cameroon","5023","Processed","01610","Coffee, green","2020","2020","t","3436","E","Estimated value",""
"SCL","Supply Utilization Accounts (2010-)","120","Cameroon","5023","Processed","01610","Coffee, green","2021","2021","t","4147.35","E","Estimated value",""
"SCL","Supply Utilization Accounts (2010-)","120","Cameroon","5023","Processed","01610","Coffee, green","2022","2022","t","4918.62","E","Estimated value",""
"SCL","Supply Utilization Accounts (2010-)","120","Cameroon","5023","Processed","01610","Coffee, green","2023","2023","t","4261.87","E","Estimated value",""
"SCL","Supply Utilization Accounts (2010-)","124","Canada","5023","Processed","01610","Coffee, green","2010","2010","t","128718.98","E","Estimated value",""
"SCL","Supply Utilization Accounts (2010-)","124","Canada","5023","Processed","01610","Coffee, green","2011","2011","t","135537.77","E","Estimated value",""
"SCL","Supply Utilization Accounts (2010-)","124","Canada","5023","Processed","01610","Coffee, green","2012","2012","t","135898","E","Estimated value",""
"SCL","Supply Utilization Accounts (2010-)","124","Canada","5023","Processed","01610","Coffee, green","2013","2013","t","139680","E","Estimated value",""
"SCL","Supply Utilization Accounts (2010-)","124","Canada","5023","Processed","01610","Coffee, green","2014","2014","t","153413.75","E","Estimated value",""
"SCL","Supply Utilization Accounts (2010-)","124","Canada","5023","Processed","01610","Coffee, green","2015","2015","t","151869.47","E","Estimated value",""
"SCL","Supply Utilization Accounts (2010-)","124","Canada","5023","Processed","01610","Coffee, green","2016","2016","t","169026.49","E","Estimated value",""
"SCL","Supply Utilization Accounts (2010-)","124","Canada","5023","Processed","01610","Coffee, green","2017","2017","t","187535.23","E","Estimated value",""
"SCL","Supply Utilization Accounts (2010-)","124","Canada","5023","Processed","01610","Coffee, green","2018","2018","t","181868.57","E","Estimated value",""
"SCL","Supply Utilization Accounts (2010-)","124","Canada","5023","Processed","01610","Coffee, green","2019","2019","t","186627.81","E","Estimated value",""
"SCL","Supply Utilization Accounts (2010-)","124","Canada","5023","Processed","01610","Coffee, green","2020","2020","t","167784.25","E","Estimated value",""
"SCL","Supply Utilization Accounts (2010-)","124","Canada","5023","Processed","01610","Coffee, green","2021","2021","t","174822.85","E","Estimated value",""
"SCL","Supply Utilization Accounts (2010-)","124","Canada","5023","Processed","01610","Coffee, green","2022","2022","t","174714.37","E","Estimated value",""
"SCL","Supply Utilization Accounts (2010-)","124","Canada","5023","Processed","01610","Coffee, green","2023","2023","t","158373.61","E","Estimated value",""
"SCL","Supply Utilization Accounts (2010-)","152","Chile","5023","Processed","01610","Coffee, green","2010","2010","t","12212.43","E","Estimated value",""
"SCL","Supply Utilization Accounts (2010-)","152","Chile","5023","Processed","01610","Coffee, green","2011","2011","t","9251.08","E","Estimated value",""
"SCL","Supply Utilization Accounts (2010-)","152","Chile","5023","Processed","01610","Coffee, green","2012","2012","t","8740.61","E","Estimated value",""
"SCL","Supply Utilization Accounts (2010-)","152","Chile","5023","Processed","01610","Coffee, green","2013","2013","t","10842.52","E","Estimated value",""
"SCL","Supply Utilization Accounts (2010-)","152","Chile","5023","Processed","01610","Coffee, green","2014","2014","t","10629.16","E","Estimated value",""
"SCL","Supply Utilization Accounts (2010-)","152","Chile","5023","Processed","01610","Coffee, green","2015","2015","t","11020.74","E","Estimated value",""
"SCL","Supply Utilization Accounts (2010-)","152","Chile","5023","Processed","01610","Coffee, green","2016","2016","t","11101.56","E","Estimated value",""
"SCL","Supply Utilization Accounts (2010-)","152","Chile","5023","Processed","01610","Coffee, green","2017","2017","t","11246.49","E","Estimated value",""
"SCL","Supply Utilization Accounts (2010-)","152","Chile","5023","Processed","01610","Coffee, green","2018","2018","t","9749.99","E","Estimated value",""
"SCL","Supply Utilization Accounts (2010-)","152","Chile","5023","Processed","01610","Coffee, green","2019","2019","t","12234.97","E","Estimated value",""
"SCL","Supply Utilization Accounts (2010-)","152","Chile","5023","Processed","01610","Coffee, green","2020","2020","t","10328.07","E","Estimated value",""
"SCL","Supply Utilization Accounts (2010-)","152","Chile","5023","Processed","01610","Coffee, green","2021","2021","t","10132.54","E","Estimated value",""
"SCL","Supply Utilization Accounts (2010-)","152","Chile","5023","Processed","01610","Coffee, green","2022","2022","t","8487.87","E","Estimated value",""
"SCL","Supply Utilization Accounts (2010-)","152","Chile","5023","Processed","01610","Coffee, green","2023","2023","t","10184.27","E","Estimated value",""
"SCL","Supply Utilization Accounts (2010-)","159","China","5023","Processed","01610","Coffee, green","2010","2010","t","58422.21","E","Estimated value",""
"SCL","Supply Utilization Accounts (2010-)","159","China","5023","Processed","01610","Coffee, green","2011","2011","t","79784.08","E","Estimated value",""
"SCL","Supply Utilization Accounts (2010-)","159","China","5023","Processed","01610","Coffee, green","2012","2012","t","96993.09","E","Estimated value",""
"SCL","Supply Utilization Accounts (2010-)","159","China","5023","Processed","01610","Coffee, green","2013","2013","t","101135.51","E","Estimated value",""
"SCL","Supply Utilization Accounts (2010-)","159","China","5023","Processed","01610","Coffee, green","2014","2014","t","133161.69","E","Estimated value",""
"SCL","Supply Utilization Accounts (2010-)","159","China","5023","Processed","01610","Coffee, green","2015","2015","t","119462.27","E","Estimated value",""
"SCL","Supply Utilization Accounts (2010-)","159","China","5023","Processed","01610","Coffee, green","2016","2016","t","102863.93","E","Estimated value",""
"SCL","Supply Utilization Accounts (2010-)","159","China","5023","Processed","01610","Coffee, green","2017","2017","t","122052.43","E","Estimated value",""
"SCL","Supply Utilization Accounts (2010-)","159","China","5023","Processed","01610","Coffee, green","2018","2018","t","98999.52","E","Estimated value",""
"SCL","Supply Utilization Accounts (2010-)","159","China","5023","Processed","01610","Coffee, green","2019","2019","t","128045.14","E","Estimated value",""
"SCL","Supply Utilization Accounts (2010-)","159","China","5023","Processed","01610","Coffee, green","2020","2020","t","147696.2","E","Estimated value",""
"SCL","Supply Utilization Accounts (2010-)","159","China","5023","Processed","01610","Coffee, green","2021","2021","t","209852.6","E","Estimated value",""
"SCL","Supply Utilization Accounts (2010-)","159","China","5023","Processed","01610","Coffee, green","2022","2022","t","196137.1","E","Estimated value",""
"SCL","Supply Utilization Accounts (2010-)","159","China","5023","Processed","01610","Coffee, green","2023","2023","t","252000.48","E","Estimated value",""
"SCL","Supply Utilization Accounts (2010-)","446","China, Macao SAR","5023","Processed","01610","Coffee, green","2010","2010","t","622","E","Estimated value",""
"SCL","Supply Utilization Accounts (2010-)","446","China, Macao SAR","5023","Processed","01610","Coffee, green","2011","2011","t","698","E","Estimated value",""
"SCL","Supply Utilization Accounts (2010-)","446","China, Macao SAR","5023","Processed","01610","Coffee, green","2012","2012","t","628","E","Estimated value",""
"SCL","Supply Utilization Accounts (2010-)","446","China, Macao SAR","5023","Processed","01610","Coffee, green","2013","2013","t","650","E","Estimated value",""
"SCL","Supply Utilization Accounts (2010-)","446","China, Macao SAR","5023","Processed","01610","Coffee, green","2014","2014","t","401.75","E","Estimated value",""
"SCL","Supply Utilization Accounts (2010-)","446","China, Macao SAR","5023","Processed","01610","Coffee, green","2015","2015","t","457.31","E","Estimated value",""
"SCL","Supply Utilization Accounts (2010-)","446","China, Macao SAR","5023","Processed","01610","Coffee, green","2016","2016","t","459.17","E","Estimated value",""
"SCL","Supply Utilization Accounts (2010-)","446","China, Macao SAR","5023","Processed","01610","Coffee, green","2017","2017","t","317.33","E","Estimated value",""
"SCL","Supply Utilization Accounts (2010-)","446","China, Macao SAR","5023","Processed","01610","Coffee, green","2018","2018","t","308.3","E","Estimated value",""
"SCL","Supply Utilization Accounts (2010-)","446","China, Macao SAR","5023","Processed","01610","Coffee, green","2019","2019","t","770.88","E","Estimated value",""
"SCL","Supply Utilization Accounts (2010-)","446","China, Macao SAR","5023","Processed","01610","Coffee, green","2020","2020","t","588.13","E","Estimated value",""
"SCL","Supply Utilization Accounts (2010-)","446","China, Macao SAR","5023","Processed","01610","Coffee, green","2021","2021","t","446.86","E","Estimated value",""
"SCL","Supply Utilization Accounts (2010-)","446","China, Macao SAR","5023","Processed","01610","Coffee, green","2022","2022","t","451.02","E","Estimated value",""
"SCL","Supply Utilization Accounts (2010-)","446","China, Macao SAR","5023","Processed","01610","Coffee, green","2023","2023","t","724.73","E","Estimated value",""
"SCL","Supply Utilization Accounts (2010-)","156","China, mainland","5023","Processed","01610","Coffee, green","2010","2010","t","42402.11","E","Estimated value",""
"SCL","Supply Utilization Accounts (2010-)","156","China, mainland","5023","Processed","01610","Coffee, green","2011","2011","t","64201.06","E","Estimated value",""
"SCL","Supply Utilization Accounts (2010-)","156","China, mainland","5023","Processed","01610","Coffee, green","2012","2012","t","80924.98","E","Estimated value",""
"SCL","Supply Utilization Accounts (2010-)","156","China, mainland","5023","Processed","01610","Coffee, green","2013","2013","t","82055.44","E","Estimated value",""
"SCL","Supply Utilization Accounts (2010-)","156","China, mainland","5023","Processed","01610","Coffee, green","2014","2014","t","112845.28","E","Estimated value",""
"SCL","Supply Utilization Accounts (2010-)","156","China, mainland","5023","Processed","01610","Coffee, green","2015","2015","t","95883.57","E","Estimated value",""
"SCL","Supply Utilization Accounts (2010-)","156","China, mainland","5023","Processed","01610","Coffee, green","2016","2016","t","78432.15","E","Estimated value",""
"SCL","Supply Utilization Accounts (2010-)","156","China, mainland","5023","Processed","01610","Coffee, green","2017","2017","t","96514.42","E","Estimated value",""
"SCL","Supply Utilization Accounts (2010-)","156","China, mainland","5023","Processed","01610","Coffee, green","2018","2018","t","71313.12","E","Estimated value",""
"SCL","Supply Utilization Accounts (2010-)","156","China, mainland","5023","Processed","01610","Coffee, green","2019","2019","t","98148.54","E","Estimated value",""
"SCL","Supply Utilization Accounts (2010-)","156","China, mainland","5023","Processed","01610","Coffee, green","2020","2020","t","113677.63","E","Estimated value",""
"SCL","Supply Utilization Accounts (2010-)","156","China, mainland","5023","Processed","01610","Coffee, green","2021","2021","t","176795","E","Estimated value",""
"SCL","Supply Utilization Accounts (2010-)","156","China, mainland","5023","Processed","01610","Coffee, green","2022","2022","t","160817.65","E","Estimated value",""
"SCL","Supply Utilization Accounts (2010-)","156","China, mainland","5023","Processed","01610","Coffee, green","2023","2023","t","215798.52","E","Estimated value",""
"SCL","Supply Utilization Accounts (2010-)","158","China, Taiwan Province of","5023","Processed","01610","Coffee, green","2010","2010","t","15398.09","E","Estimated value",""
"SCL","Supply Utilization Accounts (2010-)","158","China, Taiwan Province of","5023","Processed","01610","Coffee, green","2011","2011","t","14885.03","E","Estimated value",""
"SCL","Supply Utilization Accounts (2010-)","158","China, Taiwan Province of","5023","Processed","01610","Coffee, green","2012","2012","t","15440.11","E","Estimated value",""
"SCL","Supply Utilization Accounts (2010-)","158","China, Taiwan Province of","5023","Processed","01610","Coffee, green","2013","2013","t","18430.07","E","Estimated value",""
"SCL","Supply Utilization Accounts (2010-)","158","China, Taiwan Province of","5023","Processed","01610","Coffee, green","2014","2014","t","19914.65","E","Estimated value",""
"SCL","Supply Utilization Accounts (2010-)","158","China, Taiwan Province of","5023","Processed","01610","Coffee, green","2015","2015","t","23121.39","E","Estimated value",""
"SCL","Supply Utilization Accounts (2010-)","158","China, Taiwan Province of","5023","Processed","01610","Coffee, green","2016","2016","t","23972.6","E","Estimated value",""
"SCL","Supply Utilization Accounts (2010-)","158","China, Taiwan Province of","5023","Processed","01610","Coffee, green","2017","2017","t","25220.68","E","Estimated value",""
"SCL","Supply Utilization Accounts (2010-)","158","China, Taiwan Province of","5023","Processed","01610","Coffee, green","2018","2018","t","27378.11","E","Estimated value",""
"SCL","Supply Utilization Accounts (2010-)","158","China, Taiwan Province of","5023","Processed","01610","Coffee, green","2019","2019","t","29125.73","E","Estimated value",""
"SCL","Supply Utilization Accounts (2010-)","158","China, Taiwan Province of","5023","Processed","01610","Coffee, green","2020","2020","t","33430.44","E","Estimated value",""
"SCL","Supply Utilization Accounts (2010-)","158","China, Taiwan Province of","5023","Processed","01610","Coffee, green","2021","2021","t","32610.74","E","Estimated value",""
"SCL","Supply Utilization Accounts (2010-)","158","China, Taiwan Province of","5023","Processed","01610","Coffee, green","2022","2022","t","34868.43","E","Estimated value",""
"SCL","Supply Utilization Accounts (2010-)","158","China, Taiwan Province of","5023","Processed","01610","Coffee, green","2023","2023","t","35477.24","E","Estimated value",""
"SCL","Supply Utilization Accounts (2010-)","170","Colombia","5023","Processed","01610","Coffee, green","2010","2010","t","124242.94","E","Estimated value",""
"SCL","Supply Utilization Accounts (2010-)","170","Colombia","5023","Processed","01610","Coffee, green","2011","2011","t","82113.69","E","Estimated value",""
"SCL","Supply Utilization Accounts (2010-)","170","Colombia","5023","Processed","01610","Coffee, green","2012","2012","t","97255.64","E","Estimated value",""
"SCL","Supply Utilization Accounts (2010-)","170","Colombia","5023","Processed","01610","Coffee, green","2013","2013","t","83813.71","E","Estimated value",""
"SCL","Supply Utilization Accounts (2010-)","170","Colombia","5023","Processed","01610","Coffee, green","2014","2014","t","94473.13","E","Estimated value",""
"SCL","Supply Utilization Accounts (2010-)","170","Colombia","5023","Processed","01610","Coffee, green","2015","2015","t","113188.64","E","Estimated value",""
"SCL","Supply Utilization Accounts (2010-)","170","Colombia","5023","Processed","01610","Coffee, green","2016","2016","t","53750","E","Estimated value",""
"SCL","Supply Utilization Accounts (2010-)","170","Colombia","5023","Processed","01610","Coffee, green","2017","2017","t","141544.08","E","Estimated value",""
"SCL","Supply Utilization Accounts (2010-)","170","Colombia","5023","Processed","01610","Coffee, green","2018","2018","t","118358.45","E","Estimated value",""
"SCL","Supply Utilization Accounts (2010-)","170","Colombia","5023","Processed","01610","Coffee, green","2019","2019","t","193750","E","Estimated value",""
"SCL","Supply Utilization Accounts (2010-)","170","Colombia","5023","Processed","01610","Coffee, green","2020","2020","t","155573.37","E","Estimated value",""
"SCL","Supply Utilization Accounts (2010-)","170","Colombia","5023","Processed","01610","Coffee, green","2021","2021","t","22692.36","E","Estimated value",""
"SCL","Supply Utilization Accounts (2010-)","170","Colombia","5023","Processed","01610","Coffee, green","2022","2022","t","155989.87","E","Estimated value",""
"SCL","Supply Utilization Accounts (2010-)","170","Colombia","5023","Processed","01610","Coffee, green","2023","2023","t","163661.96","E","Estimated value",""
"SCL","Supply Utilization Accounts (2010-)","188","Costa Rica","5023","Processed","01610","Coffee, green","2010","2010","t","3641.59","E","Estimated value",""
"SCL","Supply Utilization Accounts (2010-)","188","Costa Rica","5023","Processed","01610","Coffee, green","2011","2011","t","4108.23","E","Estimated value",""
"SCL","Supply Utilization Accounts (2010-)","188","Costa Rica","5023","Processed","01610","Coffee, green","2012","2012","t","4926.3","E","Estimated value",""
"SCL","Supply Utilization Accounts (2010-)","188","Costa Rica","5023","Processed","01610","Coffee, green","2013","2013","t","0","E","Estimated value",""
"SCL","Supply Utilization Accounts (2010-)","188","Costa Rica","5023","Processed","01610","Coffee, green","2014","2014","t","4587.16","E","Estimated value",""
"SCL","Supply Utilization Accounts (2010-)","188","Costa Rica","5023","Processed","01610","Coffee, green","2015","2015","t","3342.98","E","Estimated value",""
"SCL","Supply Utilization Accounts (2010-)","188","Costa Rica","5023","Processed","01610","Coffee, green","2016","2016","t","5188.46","E","Estimated value",""
"SCL","Supply Utilization Accounts (2010-)","188","Costa Rica","5023","Processed","01610","Coffee, green","2017","2017","t","4941","E","Estimated value",""
"SCL","Supply Utilization Accounts (2010-)","188","Costa Rica","5023","Processed","01610","Coffee, green","2018","2018","t","2246.5","E","Estimated value",""
"SCL","Supply Utilization Accounts (2010-)","188","Costa Rica","5023","Processed","01610","Coffee, green","2019","2019","t","2556.4","E","Estimated value",""
"SCL","Supply Utilization Accounts (2010-)","188","Costa Rica","5023","Processed","01610","Coffee, green","2020","2020","t","4165.69","E","Estimated value",""
"SCL","Supply Utilization Accounts (2010-)","188","Costa Rica","5023","Processed","01610","Coffee, green","2021","2021","t","3596.1","E","Estimated value",""
"SCL","Supply Utilization Accounts (2010-)","188","Costa Rica","5023","Processed","01610","Coffee, green","2022","2022","t","3553.73","E","Estimated value",""
"SCL","Supply Utilization Accounts (2010-)","188","Costa Rica","5023","Processed","01610","Coffee, green","2023","2023","t","4737.2","E","Estimated value",""
"SCL","Supply Utilization Accounts (2010-)","384","Côte d'Ivoire","5023","Processed","01610","Coffee, green","2010","2010","t","0","E","Estimated value",""
"SCL","Supply Utilization Accounts (2010-)","384","Côte d'Ivoire","5023","Processed","01610","Coffee, green","2011","2011","t","0","E","Estimated value",""
"SCL","Supply Utilization Accounts (2010-)","384","Côte d'Ivoire","5023","Processed","01610","Coffee, green","2012","2012","t","27194.04","E","Estimated value",""
"SCL","Supply Utilization Accounts (2010-)","384","Côte d'Ivoire","5023","Processed","01610","Coffee, green","2013","2013","t","13846.12","E","Estimated value",""
"SCL","Supply Utilization Accounts (2010-)","384","Côte d'Ivoire","5023","Processed","01610","Coffee, green","2014","2014","t","28703.7","E","Estimated value",""
"SCL","Supply Utilization Accounts (2010-)","384","Côte d'Ivoire","5023","Processed","01610","Coffee, green","2015","2015","t","43406.77","E","Estimated value",""
"SCL","Supply Utilization Accounts (2010-)","384","Côte d'Ivoire","5023","Processed","01610","Coffee, green","2016","2016","t","21440.99","E","Estimated value",""
"SCL","Supply Utilization Accounts (2010-)","384","Côte d'Ivoire","5023","Processed","01610","Coffee, green","2017","2017","t","20987.65","E","Estimated value",""
"SCL","Supply Utilization Accounts (2010-)","384","Côte d'Ivoire","5023","Processed","01610","Coffee, green","2018","2018","t","29012.35","E","Estimated value",""
"SCL","Supply Utilization Accounts (2010-)","384","Côte d'Ivoire","5023","Processed","01610","Coffee, green","2019","2019","t","30864.2","E","Estimated value",""
"SCL","Supply Utilization Accounts (2010-)","384","Côte d'Ivoire","5023","Processed","01610","Coffee, green","2020","2020","t","37037.04","E","Estimated value",""
"SCL","Supply Utilization Accounts (2010-)","384","Côte d'Ivoire","5023","Processed","01610","Coffee, green","2021","2021","t","33000","E","Estimated value",""
"SCL","Supply Utilization Accounts (2010-)","384","Côte d'Ivoire","5023","Processed","01610","Coffee, green","2022","2022","t","29629.63","E","Estimated value",""
"SCL","Supply Utilization Accounts (2010-)","384","Côte d'Ivoire","5023","Processed","01610","Coffee, green","2023","2023","t","53787.76","E","Estimated value",""
"SCL","Supply Utilization Accounts (2010-)","191","Croatia","5023","Processed","01610","Coffee, green","2010","2010","t","18288","I","Value imputed by a receiving agency",""
"SCL","Supply Utilization Accounts (2010-)","191","Croatia","5023","Processed","01610","Coffee, green","2011","2011","t","17803","I","Value imputed by a receiving agency",""
"SCL","Supply Utilization Accounts (2010-)","191","Croatia","5023","Processed","01610","Coffee, green","2012","2012","t","16023","I","Value imputed by a receiving agency",""
"SCL","Supply Utilization Accounts (2010-)","191","Croatia","5023","Processed","01610","Coffee, green","2013","2013","t","16075","I","Value imputed by a receiving agency",""
"SCL","Supply Utilization Accounts (2010-)","191","Croatia","5023","Processed","01610","Coffee, green","2014","2014","t","15348.06","E","Estimated value",""
"SCL","Supply Utilization Accounts (2010-)","191","Croatia","5023","Processed","01610","Coffee, green","2015","2015","t","16405.69","E","Estimated value",""
"SCL","Supply Utilization Accounts (2010-)","191","Croatia","5023","Processed","01610","Coffee, green","2016","2016","t","17390.23","E","Estimated value",""
"SCL","Supply Utilization Accounts (2010-)","191","Croatia","5023","Processed","01610","Coffee, green","2017","2017","t","15716.97","E","Estimated value",""
"SCL","Supply Utilization Accounts (2010-)","191","Croatia","5023","Processed","01610","Coffee, green","2018","2018","t","15419.49","E","Estimated value",""
"SCL","Supply Utilization Accounts (2010-)","191","Croatia","5023","Processed","01610","Coffee, green","2019","2019","t","15262.4","E","Estimated value",""
"SCL","Supply Utilization Accounts (2010-)","191","Croatia","5023","Processed","01610","Coffee, green","2020","2020","t","14681.19","E","Estimated value",""
"SCL","Supply Utilization Accounts (2010-)","191","Croatia","5023","Processed","01610","Coffee, green","2021","2021","t","13876.42","E","Estimated value",""
"SCL","Supply Utilization Accounts (2010-)","191","Croatia","5023","Processed","01610","Coffee, green","2022","2022","t","13736.39","E","Estimated value",""
"SCL","Supply Utilization Accounts (2010-)","191","Croatia","5023","Processed","01610","Coffee, green","2023","2023","t","13093.51","E","Estimated value",""
"SCL","Supply Utilization Accounts (2010-)","192","Cuba","5023","Processed","01610","Coffee, green","2010","2010","t","325.29","E","Estimated value",""
"SCL","Supply Utilization Accounts (2010-)","192","Cuba","5023","Processed","01610","Coffee, green","2011","2011","t","237.61","E","Estimated value",""
"SCL","Supply Utilization Accounts (2010-)","192","Cuba","5023","Processed","01610","Coffee, green","2012","2012","t","187.48","E","Estimated value",""
"SCL","Supply Utilization Accounts (2010-)","192","Cuba","5023","Processed","01610","Coffee, green","2013","2013","t","229.89","E","Estimated value",""
"SCL","Supply Utilization Accounts (2010-)","192","Cuba","5023","Processed","01610","Coffee, green","2014","2014","t","243.6","E","Estimated value",""
"SCL","Supply Utilization Accounts (2010-)","192","Cuba","5023","Processed","01610","Coffee, green","2015","2015","t","176.57","E","Estimated value",""
"SCL","Supply Utilization Accounts (2010-)","192","Cuba","5023","Processed","01610","Coffee, green","2016","2016","t","189.51","E","Estimated value",""
"SCL","Supply Utilization Accounts (2010-)","192","Cuba","5023","Processed","01610","Coffee, green","2017","2017","t","158.76","E","Estimated value",""
"SCL","Supply Utilization Accounts (2010-)","192","Cuba","5023","Processed","01610","Coffee, green","2018","2018","t","158.05","E","Estimated value",""
"SCL","Supply Utilization Accounts (2010-)","192","Cuba","5023","Processed","01610","Coffee, green","2019","2019","t","129.51","E","Estimated value",""
"SCL","Supply Utilization Accounts (2010-)","196","Cyprus","5023","Processed","01610","Coffee, green","2010","2010","t","1613","E","Estimated value",""
"SCL","Supply Utilization Accounts (2010-)","196","Cyprus","5023","Processed","01610","Coffee, green","2011","2011","t","1482","E","Estimated value",""
"SCL","Supply Utilization Accounts (2010-)","196","Cyprus","5023","Processed","01610","Coffee, green","2012","2012","t","1456","E","Estimated value",""
"SCL","Supply Utilization Accounts (2010-)","196","Cyprus","5023","Processed","01610","Coffee, green","2013","2013","t","1525","E","Estimated value",""
"SCL","Supply Utilization Accounts (2010-)","196","Cyprus","5023","Processed","01610","Coffee, green","2014","2014","t","1773.65","E","Estimated value",""
"SCL","Supply Utilization Accounts (2010-)","196","Cyprus","5023","Processed","01610","Coffee, green","2015","2015","t","1036.79","E","Estimated value",""
"SCL","Supply Utilization Accounts (2010-)","196","Cyprus","5023","Processed","01610","Coffee, green","2016","2016","t","1598.11","E","Estimated value",""
"SCL","Supply Utilization Accounts (2010-)","196","Cyprus","5023","Processed","01610","Coffee, green","2017","2017","t","1529.67","E","Estimated value",""
"SCL","Supply Utilization Accounts (2010-)","196","Cyprus","5023","Processed","01610","Coffee, green","2018","2018","t","1673.87","E","Estimated value",""
"SCL","Supply Utilization Accounts (2010-)","196","Cyprus","5023","Processed","01610","Coffee, green","2019","2019","t","1504.1","E","Estimated value",""
"SCL","Supply Utilization Accounts (2010-)","196","Cyprus","5023","Processed","01610","Coffee, green","2020","2020","t","1145.16","E","Estimated value",""
"SCL","Supply Utilization Accounts (2010-)","196","Cyprus","5023","Processed","01610","Coffee, green","2021","2021","t","1231.6","E","Estimated value",""
"SCL","Supply Utilization Accounts (2010-)","196","Cyprus","5023","Processed","01610","Coffee, green","2022","2022","t","1321.47","E","Estimated value",""
"SCL","Supply Utilization Accounts (2010-)","196","Cyprus","5023","Processed","01610","Coffee, green","2023","2023","t","1445.06","E","Estimated value",""
"SCL","Supply Utilization Accounts (2010-)","203","Czechia","5023","Processed","01610","Coffee, green","2010","2010","t","19229","I","Value imputed by a receiving agency",""
"SCL","Supply Utilization Accounts (2010-)","203","Czechia","5023","Processed","01610","Coffee, green","2011","2011","t","17669","I","Value imputed by a receiving agency",""
"SCL","Supply Utilization Accounts (2010-)","203","Czechia","5023","Processed","01610","Coffee, green","2012","2012","t","17879","I","Value imputed by a receiving agency",""
"SCL","Supply Utilization Accounts (2010-)","203","Czechia","5023","Processed","01610","Coffee, green","2013","2013","t","16365","I","Value imputed by a receiving agency",""
"SCL","Supply Utilization Accounts (2010-)","203","Czechia","5023","Processed","01610","Coffee, green","2014","2014","t","14981.93","E","Estimated value",""
"SCL","Supply Utilization Accounts (2010-)","203","Czechia","5023","Processed","01610","Coffee, green","2015","2015","t","18486.04","E","Estimated value",""
"SCL","Supply Utilization Accounts (2010-)","203","Czechia","5023","Processed","01610","Coffee, green","2016","2016","t","16111.27","E","Estimated value",""
"SCL","Supply Utilization Accounts (2010-)","203","Czechia","5023","Processed","01610","Coffee, green","2017","2017","t","11802.38","E","Estimated value",""
"SCL","Supply Utilization Accounts (2010-)","203","Czechia","5023","Processed","01610","Coffee, green","2018","2018","t","17210.97","E","Estimated value",""
"SCL","Supply Utilization Accounts (2010-)","203","Czechia","5023","Processed","01610","Coffee, green","2019","2019","t","18515.68","E","Estimated value",""
"SCL","Supply Utilization Accounts (2010-)","203","Czechia","5023","Processed","01610","Coffee, green","2020","2020","t","20628.04","E","Estimated value",""
"SCL","Supply Utilization Accounts (2010-)","203","Czechia","5023","Processed","01610","Coffee, green","2021","2021","t","18466.92","E","Estimated value",""
"SCL","Supply Utilization Accounts (2010-)","203","Czechia","5023","Processed","01610","Coffee, green","2022","2022","t","17924.56","E","Estimated value",""
"SCL","Supply Utilization Accounts (2010-)","203","Czechia","5023","Processed","01610","Coffee, green","2023","2023","t","19209.7","E","Estimated value",""
"SCL","Supply Utilization Accounts (2010-)","208","Denmark","5023","Processed","01610","Coffee, green","2010","2010","t","39009","E","Estimated value",""
"SCL","Supply Utilization Accounts (2010-)","208","Denmark","5023","Processed","01610","Coffee, green","2011","2011","t","22869","E","Estimated value",""
"SCL","Supply Utilization Accounts (2010-)","208","Denmark","5023","Processed","01610","Coffee, green","2012","2012","t","18868","E","Estimated value",""
"SCL","Supply Utilization Accounts (2010-)","208","Denmark","5023","Processed","01610","Coffee, green","2013","2013","t","17174","E","Estimated value",""
"SCL","Supply Utilization Accounts (2010-)","208","Denmark","5023","Processed","01610","Coffee, green","2014","2014","t","17310.69","E","Estimated value",""
"SCL","Supply Utilization Accounts (2010-)","208","Denmark","5023","Processed","01610","Coffee, green","2015","2015","t","17033.36","E","Estimated value",""
"SCL","Supply Utilization Accounts (2010-)","208","Denmark","5023","Processed","01610","Coffee, green","2016","2016","t","19482.61","E","Estimated value",""
"SCL","Supply Utilization Accounts (2010-)","208","Denmark","5023","Processed","01610","Coffee, green","2017","2017","t","15336.77","E","Estimated value",""
"SCL","Supply Utilization Accounts (2010-)","208","Denmark","5023","Processed","01610","Coffee, green","2018","2018","t","17508.07","E","Estimated value",""
"SCL","Supply Utilization Accounts (2010-)","208","Denmark","5023","Processed","01610","Coffee, green","2019","2019","t","17393.65","E","Estimated value",""
"SCL","Supply Utilization Accounts (2010-)","208","Denmark","5023","Processed","01610","Coffee, green","2020","2020","t","14605.53","E","Estimated value",""
"SCL","Supply Utilization Accounts (2010-)","208","Denmark","5023","Processed","01610","Coffee, green","2021","2021","t","14346.88","E","Estimated value",""
"SCL","Supply Utilization Accounts (2010-)","208","Denmark","5023","Processed","01610","Coffee, green","2022","2022","t","14919.63","E","Estimated value",""
"SCL","Supply Utilization Accounts (2010-)","208","Denmark","5023","Processed","01610","Coffee, green","2023","2023","t","16164.98","E","Estimated value",""
"SCL","Supply Utilization Accounts (2010-)","214","Dominican Republic","5023","Processed","01610","Coffee, green","2010","2010","t","18553","E","Estimated value",""
"SCL","Supply Utilization Accounts (2010-)","214","Dominican Republic","5023","Processed","01610","Coffee, green","2011","2011","t","18485","E","Estimated value",""
"SCL","Supply Utilization Accounts (2010-)","214","Dominican Republic","5023","Processed","01610","Coffee, green","2012","2012","t","23459","E","Estimated value",""
"SCL","Supply Utilization Accounts (2010-)","214","Dominican Republic","5023","Processed","01610","Coffee, green","2013","2013","t","15895","E","Estimated value",""
"SCL","Supply Utilization Accounts (2010-)","214","Dominican Republic","5023","Processed","01610","Coffee, green","2014","2014","t","13537.8","E","Estimated value",""
"SCL","Supply Utilization Accounts (2010-)","214","Dominican Republic","5023","Processed","01610","Coffee, green","2015","2015","t","23212.37","E","Estimated value",""
"SCL","Supply Utilization Accounts (2010-)","214","Dominican Republic","5023","Processed","01610","Coffee, green","2016","2016","t","20778.96","E","Estimated value",""
"SCL","Supply Utilization Accounts (2010-)","214","Dominican Republic","5023","Processed","01610","Coffee, green","2017","2017","t","27332.28","E","Estimated value",""
"SCL","Supply Utilization Accounts (2010-)","214","Dominican Republic","5023","Processed","01610","Coffee, green","2018","2018","t","24390","E","Estimated value",""
"SCL","Supply Utilization Accounts (2010-)","214","Dominican Republic","5023","Processed","01610","Coffee, green","2019","2019","t","28308","E","Estimated value",""
"SCL","Supply Utilization Accounts (2010-)","214","Dominican Republic","5023","Processed","01610","Coffee, green","2020","2020","t","25660.56","E","Estimated value",""
"SCL","Supply Utilization Accounts (2010-)","214","Dominican Republic","5023","Processed","01610","Coffee, green","2021","2021","t","29145","E","Estimated value",""
"SCL","Supply Utilization Accounts (2010-)","214","Dominican Republic","5023","Processed","01610","Coffee, green","2022","2022","t","28110","E","Estimated value",""
"SCL","Supply Utilization Accounts (2010-)","214","Dominican Republic","5023","Processed","01610","Coffee, green","2023","2023","t","37870","E","Estimated value",""
"SCL","Supply Utilization Accounts (2010-)","218","Ecuador","5023","Processed","01610","Coffee, green","2010","2010","t","0","E","Estimated value",""
"SCL","Supply Utilization Accounts (2010-)","218","Ecuador","5023","Processed","01610","Coffee, green","2011","2011","t","0","E","Estimated value",""
"SCL","Supply Utilization Accounts (2010-)","218","Ecuador","5023","Processed","01610","Coffee, green","2012","2012","t","0","E","Estimated value",""
"SCL","Supply Utilization Accounts (2010-)","218","Ecuador","5023","Processed","01610","Coffee, green","2013","2013","t","0","E","Estimated value",""
"SCL","Supply Utilization Accounts (2010-)","218","Ecuador","5023","Processed","01610","Coffee, green","2014","2014","t","0","E","Estimated value",""
"SCL","Supply Utilization Accounts (2010-)","218","Ecuador","5023","Processed","01610","Coffee, green","2015","2015","t","0","E","Estimated value",""
"SCL","Supply Utilization Accounts (2010-)","218","Ecuador","5023","Processed","01610","Coffee, green","2016","2016","t","0","E","Estimated value",""
"SCL","Supply Utilization Accounts (2010-)","218","Ecuador","5023","Processed","01610","Coffee, green","2017","2017","t","0","E","Estimated value",""
"SCL","Supply Utilization Accounts (2010-)","218","Ecuador","5023","Processed","01610","Coffee, green","2018","2018","t","0","E","Estimated value",""
"SCL","Supply Utilization Accounts (2010-)","218","Ecuador","5023","Processed","01610","Coffee, green","2019","2019","t","6048","E","Estimated value",""
"SCL","Supply Utilization Accounts (2010-)","218","Ecuador","5023","Processed","01610","Coffee, green","2020","2020","t","3230","E","Estimated value",""
"SCL","Supply Utilization Accounts (2010-)","218","Ecuador","5023","Processed","01610","Coffee, green","2021","2021","t","3000","E","Estimated value",""
"SCL","Supply Utilization Accounts (2010-)","218","Ecuador","5023","Processed","01610","Coffee, green","2022","2022","t","8000","E","Estimated value",""
"SCL","Supply Utilization Accounts (2010-)","218","Ecuador","5023","Processed","01610","Coffee, green","2023","2023","t","9000","E","Estimated value",""
"SCL","Supply Utilization Accounts (2010-)","222","El Salvador","5023","Processed","01610","Coffee, green","2010","2010","t","0","E","Estimated value",""
"SCL","Supply Utilization Accounts (2010-)","222","El Salvador","5023","Processed","01610","Coffee, green","2011","2011","t","0","E","Estimated value",""
"SCL","Supply Utilization Accounts (2010-)","222","El Salvador","5023","Processed","01610","Coffee, green","2012","2012","t","0","E","Estimated value",""
"SCL","Supply Utilization Accounts (2010-)","222","El Salvador","5023","Processed","01610","Coffee, green","2013","2013","t","0","E","Estimated value",""
"SCL","Supply Utilization Accounts (2010-)","222","El Salvador","5023","Processed","01610","Coffee, green","2014","2014","t","0","E","Estimated value",""
"SCL","Supply Utilization Accounts (2010-)","222","El Salvador","5023","Processed","01610","Coffee, green","2015","2015","t","0","E","Estimated value",""
"SCL","Supply Utilization Accounts (2010-)","222","El Salvador","5023","Processed","01610","Coffee, green","2016","2016","t","0","E","Estimated value",""
"SCL","Supply Utilization Accounts (2010-)","222","El Salvador","5023","Processed","01610","Coffee, green","2017","2017","t","0","E","Estimated value",""
"SCL","Supply Utilization Accounts (2010-)","222","El Salvador","5023","Processed","01610","Coffee, green","2018","2018","t","0","E","Estimated value",""
"SCL","Supply Utilization Accounts (2010-)","222","El Salvador","5023","Processed","01610","Coffee, green","2019","2019","t","0","E","Estimated value",""
"SCL","Supply Utilization Accounts (2010-)","222","El Salvador","5023","Processed","01610","Coffee, green","2020","2020","t","0","E","Estimated value",""
"SCL","Supply Utilization Accounts (2010-)","222","El Salvador","5023","Processed","01610","Coffee, green","2021","2021","t","0","E","Estimated value",""
"SCL","Supply Utilization Accounts (2010-)","222","El Salvador","5023","Processed","01610","Coffee, green","2022","2022","t","0","E","Estimated value",""
"SCL","Supply Utilization Accounts (2010-)","222","El Salvador","5023","Processed","01610","Coffee, green","2023","2023","t","0","E","Estimated value",""
"SCL","Supply Utilization Accounts (2010-)","231","Ethiopia","5023","Processed","01610","Coffee, green","2010","2010","t","0","E","Estimated value",""
"SCL","Supply Utilization Accounts (2010-)","231","Ethiopia","5023","Processed","01610","Coffee, green","2011","2011","t","0","E","Estimated value",""
"SCL","Supply Utilization Accounts (2010-)","231","Ethiopia","5023","Processed","01610","Coffee, green","2012","2012","t","0","E","Estimated value",""
"SCL","Supply Utilization Accounts (2010-)","231","Ethiopia","5023","Processed","01610","Coffee, green","2013","2013","t","0","E","Estimated value",""
"SCL","Supply Utilization Accounts (2010-)","231","Ethiopia","5023","Processed","01610","Coffee, green","2014","2014","t","0","E","Estimated value",""
"SCL","Supply Utilization Accounts (2010-)","231","Ethiopia","5023","Processed","01610","Coffee, green","2015","2015","t","0","E","Estimated value",""
"SCL","Supply Utilization Accounts (2010-)","231","Ethiopia","5023","Processed","01610","Coffee, green","2016","2016","t","0","E","Estimated value",""
"SCL","Supply Utilization Accounts (2010-)","231","Ethiopia","5023","Processed","01610","Coffee, green","2019","2019","t","18000","E","Estimated value",""
"SCL","Supply Utilization Accounts (2010-)","231","Ethiopia","5023","Processed","01610","Coffee, green","2020","2020","t","26051.6","E","Estimated value",""
"SCL","Supply Utilization Accounts (2010-)","231","Ethiopia","5023","Processed","01610","Coffee, green","2021","2021","t","11885.59","E","Estimated value",""
"SCL","Supply Utilization Accounts (2010-)","231","Ethiopia","5023","Processed","01610","Coffee, green","2022","2022","t","14189.66","E","Estimated value",""
"SCL","Supply Utilization Accounts (2010-)","231","Ethiopia","5023","Processed","01610","Coffee, green","2023","2023","t","20363.24","E","Estimated value",""
"SCL","Supply Utilization Accounts (2010-)","246","Finland","5023","Processed","01610","Coffee, green","2010","2010","t","66319","E","Estimated value",""
"SCL","Supply Utilization Accounts (2010-)","246","Finland","5023","Processed","01610","Coffee, green","2011","2011","t","62824","E","Estimated value",""
"SCL","Supply Utilization Accounts (2010-)","246","Finland","5023","Processed","01610","Coffee, green","2012","2012","t","59211","E","Estimated value",""
"SCL","Supply Utilization Accounts (2010-)","246","Finland","5023","Processed","01610","Coffee, green","2013","2013","t","60688","E","Estimated value",""
"SCL","Supply Utilization Accounts (2010-)","246","Finland","5023","Processed","01610","Coffee, green","2014","2014","t","58524.61","E","Estimated value",""
"SCL","Supply Utilization Accounts (2010-)","246","Finland","5023","Processed","01610","Coffee, green","2015","2015","t","59540.57","E","Estimated value",""
"SCL","Supply Utilization Accounts (2010-)","246","Finland","5023","Processed","01610","Coffee, green","2016","2016","t","62329.02","E","Estimated value",""
"SCL","Supply Utilization Accounts (2010-)","246","Finland","5023","Processed","01610","Coffee, green","2017","2017","t","60244.26","E","Estimated value",""
"SCL","Supply Utilization Accounts (2010-)","246","Finland","5023","Processed","01610","Coffee, green","2018","2018","t","59634.69","E","Estimated value",""
"SCL","Supply Utilization Accounts (2010-)","246","Finland","5023","Processed","01610","Coffee, green","2019","2019","t","73958.67","E","Estimated value",""
"SCL","Supply Utilization Accounts (2010-)","246","Finland","5023","Processed","01610","Coffee, green","2020","2020","t","59041.48","E","Estimated value",""
"SCL","Supply Utilization Accounts (2010-)","246","Finland","5023","Processed","01610","Coffee, green","2021","2021","t","49038.61","E","Estimated value",""
"SCL","Supply Utilization Accounts (2010-)","246","Finland","5023","Processed","01610","Coffee, green","2022","2022","t","42407.87","E","Estimated value",""
"SCL","Supply Utilization Accounts (2010-)","246","Finland","5023","Processed","01610","Coffee, green","2023","2023","t","45464.07","E","Estimated value",""
"SCL","Supply Utilization Accounts (2010-)","250","France","5023","Processed","01610","Coffee, green","2010","2010","t","256865","E","Estimated value",""
"SCL","Supply Utilization Accounts (2010-)","250","France","5023","Processed","01610","Coffee, green","2011","2011","t","245503","E","Estimated value",""
"SCL","Supply Utilization Accounts (2010-)","250","France","5023","Processed","01610","Coffee, green","2012","2012","t","247646","E","Estimated value",""
"SCL","Supply Utilization Accounts (2010-)","250","France","5023","Processed","01610","Coffee, green","2013","2013","t","233120","E","Estimated value",""
"SCL","Supply Utilization Accounts (2010-)","250","France","5023","Processed","01610","Coffee, green","2014","2014","t","226562.56","E","Estimated value",""
"SCL","Supply Utilization Accounts (2010-)","250","France","5023","Processed","01610","Coffee, green","2015","2015","t","215075.44","E","Estimated value",""
"SCL","Supply Utilization Accounts (2010-)","250","France","5023","Processed","01610","Coffee, green","2016","2016","t","204888.91","E","Estimated value",""
"SCL","Supply Utilization Accounts (2010-)","250","France","5023","Processed","01610","Coffee, green","2017","2017","t","199254.56","E","Estimated value",""
"SCL","Supply Utilization Accounts (2010-)","250","France","5023","Processed","01610","Coffee, green","2018","2018","t","223283.37","E","Estimated value",""
"SCL","Supply Utilization Accounts (2010-)","250","France","5023","Processed","01610","Coffee, green","2019","2019","t","225297.3","E","Estimated value",""
"SCL","Supply Utilization Accounts (2010-)","250","France","5023","Processed","01610","Coffee, green","2020","2020","t","228587.01","E","Estimated value",""
"SCL","Supply Utilization Accounts (2010-)","250","France","5023","Processed","01610","Coffee, green","2021","2021","t","222763.44","E","Estimated value",""
"SCL","Supply Utilization Accounts (2010-)","250","France","5023","Processed","01610","Coffee, green","2022","2022","t","214722.67","E","Estimated value",""
"SCL","Supply Utilization Accounts (2010-)","250","France","5023","Processed","01610","Coffee, green","2023","2023","t","218776.02","E","Estimated value",""
"SCL","Supply Utilization Accounts (2010-)","270","Gambia","5023","Processed","01610","Coffee, green","2010","2010","t","208","E","Estimated value",""
"SCL","Supply Utilization Accounts (2010-)","270","Gambia","5023","Processed","01610","Coffee, green","2011","2011","t","147","E","Estimated value",""
"SCL","Supply Utilization Accounts (2010-)","270","Gambia","5023","Processed","01610","Coffee, green","2012","2012","t","228","E","Estimated value",""
"SCL","Supply Utilization Accounts (2010-)","270","Gambia","5023","Processed","01610","Coffee, green","2013","2013","t","286","E","Estimated value",""
"SCL","Supply Utilization Accounts (2010-)","270","Gambia","5023","Processed","01610","Coffee, green","2014","2014","t","285.13","E","Estimated value",""
"SCL","Supply Utilization Accounts (2010-)","270","Gambia","5023","Processed","01610","Coffee, green","2015","2015","t","185.05","E","Estimated value",""
"SCL","Supply Utilization Accounts (2010-)","270","Gambia","5023","Processed","01610","Coffee, green","2016","2016","t","95.32","E","Estimated value",""
"SCL","Supply Utilization Accounts (2010-)","270","Gambia","5023","Processed","01610","Coffee, green","2017","2017","t","59.8","E","Estimated value",""
"SCL","Supply Utilization Accounts (2010-)","270","Gambia","5023","Processed","01610","Coffee, green","2018","2018","t","130.74","E","Estimated value",""
"SCL","Supply Utilization Accounts (2010-)","270","Gambia","5023","Processed","01610","Coffee, green","2019","2019","t","117.94","E","Estimated value",""
"SCL","Supply Utilization Accounts (2010-)","270","Gambia","5023","Processed","01610","Coffee, green","2020","2020","t","23.09","E","Estimated value",""
"SCL","Supply Utilization Accounts (2010-)","270","Gambia","5023","Processed","01610","Coffee, green","2021","2021","t","35.37","E","Estimated value",""
"SCL","Supply Utilization Accounts (2010-)","270","Gambia","5023","Processed","01610","Coffee, green","2022","2022","t","7.54","E","Estimated value",""
"SCL","Supply Utilization Accounts (2010-)","270","Gambia","5023","Processed","01610","Coffee, green","2023","2023","t","0.11","E","Estimated value",""
"SCL","Supply Utilization Accounts (2010-)","276","Germany","5023","Processed","01610","Coffee, green","2010","2010","t","761542","I","Value imputed by a receiving agency",""
"SCL","Supply Utilization Accounts (2010-)","276","Germany","5023","Processed","01610","Coffee, green","2011","2011","t","756852","I","Value imputed by a receiving agency",""
"SCL","Supply Utilization Accounts (2010-)","276","Germany","5023","Processed","01610","Coffee, green","2012","2012","t","770215","I","Value imputed by a receiving agency",""
"SCL","Supply Utilization Accounts (2010-)","276","Germany","5023","Processed","01610","Coffee, green","2013","2013","t","774696","I","Value imputed by a receiving agency",""
"SCL","Supply Utilization Accounts (2010-)","276","Germany","5023","Processed","01610","Coffee, green","2014","2014","t","806737.02","E","Estimated value",""
"SCL","Supply Utilization Accounts (2010-)","276","Germany","5023","Processed","01610","Coffee, green","2015","2015","t","766922.63","E","Estimated value",""
"SCL","Supply Utilization Accounts (2010-)","276","Germany","5023","Processed","01610","Coffee, green","2016","2016","t","805345.72","E","Estimated value",""
"SCL","Supply Utilization Accounts (2010-)","276","Germany","5023","Processed","01610","Coffee, green","2017","2017","t","750338.24","E","Estimated value",""
"SCL","Supply Utilization Accounts (2010-)","276","Germany","5023","Processed","01610","Coffee, green","2018","2018","t","763316.52","E","Estimated value",""
"SCL","Supply Utilization Accounts (2010-)","276","Germany","5023","Processed","01610","Coffee, green","2019","2019","t","779113.17","E","Estimated value",""
"SCL","Supply Utilization Accounts (2010-)","276","Germany","5023","Processed","01610","Coffee, green","2020","2020","t","780366.75","E","Estimated value",""
"SCL","Supply Utilization Accounts (2010-)","276","Germany","5023","Processed","01610","Coffee, green","2021","2021","t","768305.63","E","Estimated value",""
"SCL","Supply Utilization Accounts (2010-)","276","Germany","5023","Processed","01610","Coffee, green","2022","2022","t","832580.61","E","Estimated value",""
"SCL","Supply Utilization Accounts (2010-)","276","Germany","5023","Processed","01610","Coffee, green","2023","2023","t","683754.74","E","Estimated value",""
"SCL","Supply Utilization Accounts (2010-)","288","Ghana","5023","Processed","01610","Coffee, green","2010","2010","t","600.77","E","Estimated value",""
"SCL","Supply Utilization Accounts (2010-)","288","Ghana","5023","Processed","01610","Coffee, green","2011","2011","t","0","E","Estimated value",""
"SCL","Supply Utilization Accounts (2010-)","288","Ghana","5023","Processed","01610","Coffee, green","2012","2012","t","0","E","Estimated value",""
"SCL","Supply Utilization Accounts (2010-)","288","Ghana","5023","Processed","01610","Coffee, green","2013","2013","t","0","E","Estimated value",""
"SCL","Supply Utilization Accounts (2010-)","288","Ghana","5023","Processed","01610","Coffee, green","2014","2014","t","548.85","E","Estimated value",""
"SCL","Supply Utilization Accounts (2010-)","288","Ghana","5023","Processed","01610","Coffee, green","2015","2015","t","416.74","E","Estimated value",""
"SCL","Supply Utilization Accounts (2010-)","288","Ghana","5023","Processed","01610","Coffee, green","2016","2016","t","489.67","E","Estimated value",""
"SCL","Supply Utilization Accounts (2010-)","288","Ghana","5023","Processed","01610","Coffee, green","2017","2017","t","570.98","E","Estimated value",""
"SCL","Supply Utilization Accounts (2010-)","288","Ghana","5023","Processed","01610","Coffee, green","2018","2018","t","495.92","E","Estimated value",""
"SCL","Supply Utilization Accounts (2010-)","288","Ghana","5023","Processed","01610","Coffee, green","2019","2019","t","396.83","E","Estimated value",""
"SCL","Supply Utilization Accounts (2010-)","288","Ghana","5023","Processed","01610","Coffee, green","2020","2020","t","338.07","E","Estimated value",""
"SCL","Supply Utilization Accounts (2010-)","288","Ghana","5023","Processed","01610","Coffee, green","2021","2021","t","591.87","E","Estimated value",""
"SCL","Supply Utilization Accounts (2010-)","288","Ghana","5023","Processed","01610","Coffee, green","2022","2022","t","325.77","E","Estimated value",""
"SCL","Supply Utilization Accounts (2010-)","288","Ghana","5023","Processed","01610","Coffee, green","2023","2023","t","397.06","E","Estimated value",""
"SCL","Supply Utilization Accounts (2010-)","300","Greece","5023","Processed","01610","Coffee, green","2010","2010","t","23755","I","Value imputed by a receiving agency",""
"SCL","Supply Utilization Accounts (2010-)","300","Greece","5023","Processed","01610","Coffee, green","2011","2011","t","25087","I","Value imputed by a receiving agency",""
"SCL","Supply Utilization Accounts (2010-)","300","Greece","5023","Processed","01610","Coffee, green","2012","2012","t","26406","I","Value imputed by a receiving agency",""
"SCL","Supply Utilization Accounts (2010-)","300","Greece","5023","Processed","01610","Coffee, green","2013","2013","t","28303","I","Value imputed by a receiving agency",""
"SCL","Supply Utilization Accounts (2010-)","300","Greece","5023","Processed","01610","Coffee, green","2014","2014","t","26877.85","E","Estimated value",""
"SCL","Supply Utilization Accounts (2010-)","300","Greece","5023","Processed","01610","Coffee, green","2015","2015","t","27143.95","E","Estimated value",""
"SCL","Supply Utilization Accounts (2010-)","300","Greece","5023","Processed","01610","Coffee, green","2016","2016","t","42725.88","E","Estimated value",""
"SCL","Supply Utilization Accounts (2010-)","300","Greece","5023","Processed","01610","Coffee, green","2017","2017","t","16982.68","E","Estimated value",""
"SCL","Supply Utilization Accounts (2010-)","300","Greece","5023","Processed","01610","Coffee, green","2018","2018","t","31403.33","E","Estimated value",""
"SCL","Supply Utilization Accounts (2010-)","300","Greece","5023","Processed","01610","Coffee, green","2019","2019","t","38013.36","E","Estimated value",""
"SCL","Supply Utilization Accounts (2010-)","300","Greece","5023","Processed","01610","Coffee, green","2020","2020","t","35507.64","E","Estimated value",""
"SCL","Supply Utilization Accounts (2010-)","300","Greece","5023","Processed","01610","Coffee, green","2021","2021","t","37587.38","E","Estimated value",""
"SCL","Supply Utilization Accounts (2010-)","300","Greece","5023","Processed","01610","Coffee, green","2022","2022","t","38488.89","E","Estimated value",""
"SCL","Supply Utilization Accounts (2010-)","300","Greece","5023","Processed","01610","Coffee, green","2023","2023","t","39665.12","E","Estimated value",""
"SCL","Supply Utilization Accounts (2010-)","320","Guatemala","5023","Processed","01610","Coffee, green","2010","2010","t","483.59","E","Estimated value",""
"SCL","Supply Utilization Accounts (2010-)","320","Guatemala","5023","Processed","01610","Coffee, green","2011","2011","t","118.62","E","Estimated value",""
"SCL","Supply Utilization Accounts (2010-)","320","Guatemala","5023","Processed","01610","Coffee, green","2012","2012","t","1400.88","E","Estimated value",""
"SCL","Supply Utilization Accounts (2010-)","320","Guatemala","5023","Processed","01610","Coffee, green","2013","2013","t","1618.99","E","Estimated value",""
"SCL","Supply Utilization Accounts (2010-)","320","Guatemala","5023","Processed","01610","Coffee, green","2014","2014","t","1684.52","E","Estimated value",""
"SCL","Supply Utilization Accounts (2010-)","320","Guatemala","5023","Processed","01610","Coffee, green","2015","2015","t","2055.06","E","Estimated value",""
"SCL","Supply Utilization Accounts (2010-)","320","Guatemala","5023","Processed","01610","Coffee, green","2016","2016","t","1997.87","E","Estimated value",""
"SCL","Supply Utilization Accounts (2010-)","320","Guatemala","5023","Processed","01610","Coffee, green","2017","2017","t","759.49","E","Estimated value",""
"SCL","Supply Utilization Accounts (2010-)","320","Guatemala","5023","Processed","01610","Coffee, green","2018","2018","t","1147.23","E","Estimated value",""
"SCL","Supply Utilization Accounts (2010-)","320","Guatemala","5023","Processed","01610","Coffee, green","2019","2019","t","238.66","E","Estimated value",""
"SCL","Supply Utilization Accounts (2010-)","320","Guatemala","5023","Processed","01610","Coffee, green","2020","2020","t","1929.51","E","Estimated value",""
"SCL","Supply Utilization Accounts (2010-)","320","Guatemala","5023","Processed","01610","Coffee, green","2021","2021","t","54.81","E","Estimated value",""
"SCL","Supply Utilization Accounts (2010-)","320","Guatemala","5023","Processed","01610","Coffee, green","2022","2022","t","1407.18","E","Estimated value",""
"SCL","Supply Utilization Accounts (2010-)","320","Guatemala","5023","Processed","01610","Coffee, green","2023","2023","t","1660.01","E","Estimated value",""
"SCL","Supply Utilization Accounts (2010-)","324","Guinea","5023","Processed","01610","Coffee, green","2010","2010","t","6588.93","E","Estimated value",""
"SCL","Supply Utilization Accounts (2010-)","324","Guinea","5023","Processed","01610","Coffee, green","2011","2011","t","9148.69","E","Estimated value",""
"SCL","Supply Utilization Accounts (2010-)","324","Guinea","5023","Processed","01610","Coffee, green","2012","2012","t","0","E","Estimated value",""
"SCL","Supply Utilization Accounts (2010-)","324","Guinea","5023","Processed","01610","Coffee, green","2013","2013","t","6260.46","E","Estimated value",""
"SCL","Supply Utilization Accounts (2010-)","324","Guinea","5023","Processed","01610","Coffee, green","2014","2014","t","14079.1","E","Estimated value",""
"SCL","Supply Utilization Accounts (2010-)","324","Guinea","5023","Processed","01610","Coffee, green","2015","2015","t","11076.06","E","Estimated value",""
"SCL","Supply Utilization Accounts (2010-)","324","Guinea","5023","Processed","01610","Coffee, green","2016","2016","t","15664","E","Estimated value",""
"SCL","Supply Utilization Accounts (2010-)","324","Guinea","5023","Processed","01610","Coffee, green","2017","2017","t","17412.95","E","Estimated value",""
"SCL","Supply Utilization Accounts (2010-)","324","Guinea","5023","Processed","01610","Coffee, green","2018","2018","t","19400.7","E","Estimated value",""
"SCL","Supply Utilization Accounts (2010-)","324","Guinea","5023","Processed","01610","Coffee, green","2019","2019","t","31840.4","E","Estimated value",""
"SCL","Supply Utilization Accounts (2010-)","324","Guinea","5023","Processed","01610","Coffee, green","2020","2020","t","19881.19","E","Estimated value",""
"SCL","Supply Utilization Accounts (2010-)","324","Guinea","5023","Processed","01610","Coffee, green","2021","2021","t","152771.81","E","Estimated value",""
"SCL","Supply Utilization Accounts (2010-)","324","Guinea","5023","Processed","01610","Coffee, green","2022","2022","t","145424.65","E","Estimated value",""
"SCL","Supply Utilization Accounts (2010-)","324","Guinea","5023","Processed","01610","Coffee, green","2023","2023","t","115249.96","E","Estimated value",""
"SCL","Supply Utilization Accounts (2010-)","328","Guyana","5023","Processed","01610","Coffee, green","2010","2010","t","399.05","E","Estimated value",""
"SCL","Supply Utilization Accounts (2010-)","328","Guyana","5023","Processed","01610","Coffee, green","2011","2011","t","401.87","E","Estimated value",""
"SCL","Supply Utilization Accounts (2010-)","328","Guyana","5023","Processed","01610","Coffee, green","2012","2012","t","407.57","E","Estimated value",""
"SCL","Supply Utilization Accounts (2010-)","328","Guyana","5023","Processed","01610","Coffee, green","2013","2013","t","418.03","E","Estimated value",""
"SCL","Supply Utilization Accounts (2010-)","328","Guyana","5023","Processed","01610","Coffee, green","2014","2014","t","412.05","E","Estimated value",""
"SCL","Supply Utilization Accounts (2010-)","328","Guyana","5023","Processed","01610","Coffee, green","2015","2015","t","426.57","E","Estimated value",""
"SCL","Supply Utilization Accounts (2010-)","328","Guyana","5023","Processed","01610","Coffee, green","2016","2016","t","401.81","E","Estimated value",""
"SCL","Supply Utilization Accounts (2010-)","328","Guyana","5023","Processed","01610","Coffee, green","2017","2017","t","388.1","E","Estimated value",""
"SCL","Supply Utilization Accounts (2010-)","328","Guyana","5023","Processed","01610","Coffee, green","2018","2018","t","385.7","E","Estimated value",""
"SCL","Supply Utilization Accounts (2010-)","328","Guyana","5023","Processed","01610","Coffee, green","2019","2019","t","401.19","E","Estimated value",""
"SCL","Supply Utilization Accounts (2010-)","328","Guyana","5023","Processed","01610","Coffee, green","2020","2020","t","577.17","E","Estimated value",""
"SCL","Supply Utilization Accounts (2010-)","328","Guyana","5023","Processed","01610","Coffee, green","2021","2021","t","588.98","E","Estimated value",""
"SCL","Supply Utilization Accounts (2010-)","328","Guyana","5023","Processed","01610","Coffee, green","2022","2022","t","568","E","Estimated value",""
"SCL","Supply Utilization Accounts (2010-)","328","Guyana","5023","Processed","01610","Coffee, green","2023","2023","t","153","E","Estimated value",""
"SCL","Supply Utilization Accounts (2010-)","340","Honduras","5023","Processed","01610","Coffee, green","2010","2010","t","268.69","E","Estimated value",""
"SCL","Supply Utilization Accounts (2010-)","340","Honduras","5023","Processed","01610","Coffee, green","2011","2011","t","599.09","E","Estimated value",""
"SCL","Supply Utilization Accounts (2010-)","340","Honduras","5023","Processed","01610","Coffee, green","2012","2012","t","321.14","E","Estimated value",""
"SCL","Supply Utilization Accounts (2010-)","340","Honduras","5023","Processed","01610","Coffee, green","2013","2013","t","336.25","E","Estimated value",""
"SCL","Supply Utilization Accounts (2010-)","340","Honduras","5023","Processed","01610","Coffee, green","2014","2014","t","415.19","E","Estimated value",""
"SCL","Supply Utilization Accounts (2010-)","340","Honduras","5023","Processed","01610","Coffee, green","2015","2015","t","669.9","E","Estimated value",""
"SCL","Supply Utilization Accounts (2010-)","340","Honduras","5023","Processed","01610","Coffee, green","2016","2016","t","843.95","E","Estimated value",""
"SCL","Supply Utilization Accounts (2010-)","340","Honduras","5023","Processed","01610","Coffee, green","2017","2017","t","682.75","E","Estimated value",""
"SCL","Supply Utilization Accounts (2010-)","340","Honduras","5023","Processed","01610","Coffee, green","2018","2018","t","791.19","E","Estimated value",""
"SCL","Supply Utilization Accounts (2010-)","340","Honduras","5023","Processed","01610","Coffee, green","2019","2019","t","1020.28","E","Estimated value",""
"SCL","Supply Utilization Accounts (2010-)","340","Honduras","5023","Processed","01610","Coffee, green","2020","2020","t","2000","E","Estimated value",""
"SCL","Supply Utilization Accounts (2010-)","340","Honduras","5023","Processed","01610","Coffee, green","2021","2021","t","2200","E","Estimated value",""
"SCL","Supply Utilization Accounts (2010-)","340","Honduras","5023","Processed","01610","Coffee, green","2022","2022","t","933.94","E","Estimated value",""
"SCL","Supply Utilization Accounts (2010-)","340","Honduras","5023","Processed","01610","Coffee, green","2023","2023","t","4242.28","E","Estimated value",""
"SCL","Supply Utilization Accounts (2010-)","348","Hungary","5023","Processed","01610","Coffee, green","2010","2010","t","12130","I","Value imputed by a receiving agency",""
"SCL","Supply Utilization Accounts (2010-)","348","Hungary","5023","Processed","01610","Coffee, green","2011","2011","t","12878","I","Value imputed by a receiving agency",""
"SCL","Supply Utilization Accounts (2010-)","348","Hungary","5023","Processed","01610","Coffee, green","2012","2012","t","13103","I","Value imputed by a receiving agency",""
"SCL","Supply Utilization Accounts (2010-)","348","Hungary","5023","Processed","01610","Coffee, green","2013","2013","t","2255","I","Value imputed by a receiving agency",""
"SCL","Supply Utilization Accounts (2010-)","348","Hungary","5023","Processed","01610","Coffee, green","2014","2014","t","15198.86","E","Estimated value",""
"SCL","Supply Utilization Accounts (2010-)","348","Hungary","5023","Processed","01610","Coffee, green","2015","2015","t","3958.28","E","Estimated value",""
"SCL","Supply Utilization Accounts (2010-)","348","Hungary","5023","Processed","01610","Coffee, green","2016","2016","t","1670.73","E","Estimated value",""
"SCL","Supply Utilization Accounts (2010-)","348","Hungary","5023","Processed","01610","Coffee, green","2017","2017","t","2394.41","E","Estimated value",""
"SCL","Supply Utilization Accounts (2010-)","348","Hungary","5023","Processed","01610","Coffee, green","2018","2018","t","2657.43","E","Estimated value",""
"SCL","Supply Utilization Accounts (2010-)","348","Hungary","5023","Processed","01610","Coffee, green","2019","2019","t","3501.98","E","Estimated value",""
"SCL","Supply Utilization Accounts (2010-)","348","Hungary","5023","Processed","01610","Coffee, green","2020","2020","t","3159.71","E","Estimated value",""
"SCL","Supply Utilization Accounts (2010-)","348","Hungary","5023","Processed","01610","Coffee, green","2021","2021","t","3714.24","E","Estimated value",""
"SCL","Supply Utilization Accounts (2010-)","348","Hungary","5023","Processed","01610","Coffee, green","2022","2022","t","5157.34","E","Estimated value",""
"SCL","Supply Utilization Accounts (2010-)","348","Hungary","5023","Processed","01610","Coffee, green","2023","2023","t","4719.24","E","Estimated value",""
"SCL","Supply Utilization Accounts (2010-)","352","Iceland","5023","Processed","01610","Coffee, green","2010","2010","t","1148","E","Estimated value",""
"SCL","Supply Utilization Accounts (2010-)","352","Iceland","5023","Processed","01610","Coffee, green","2011","2011","t","1036","E","Estimated value",""
"SCL","Supply Utilization Accounts (2010-)","352","Iceland","5023","Processed","01610","Coffee, green","2012","2012","t","973","E","Estimated value",""
"SCL","Supply Utilization Accounts (2010-)","352","Iceland","5023","Processed","01610","Coffee, green","2013","2013","t","1102","E","Estimated value",""
"SCL","Supply Utilization Accounts (2010-)","352","Iceland","5023","Processed","01610","Coffee, green","2014","2014","t","1072.94","E","Estimated value",""
"SCL","Supply Utilization Accounts (2010-)","352","Iceland","5023","Processed","01610","Coffee, green","2015","2015","t","1162.22","E","Estimated value",""
"SCL","Supply Utilization Accounts (2010-)","352","Iceland","5023","Processed","01610","Coffee, green","2016","2016","t","1150.42","E","Estimated value",""
"SCL","Supply Utilization Accounts (2010-)","352","Iceland","5023","Processed","01610","Coffee, green","2017","2017","t","1086.73","E","Estimated value",""
"SCL","Supply Utilization Accounts (2010-)","352","Iceland","5023","Processed","01610","Coffee, green","2018","2018","t","932.8","E","Estimated value",""
"SCL","Supply Utilization Accounts (2010-)","352","Iceland","5023","Processed","01610","Coffee, green","2019","2019","t","957.36","E","Estimated value",""
"SCL","Supply Utilization Accounts (2010-)","352","Iceland","5023","Processed","01610","Coffee, green","2020","2020","t","1010.36","E","Estimated value",""
"SCL","Supply Utilization Accounts (2010-)","352","Iceland","5023","Processed","01610","Coffee, green","2021","2021","t","946.98","E","Estimated value",""
"SCL","Supply Utilization Accounts (2010-)","352","Iceland","5023","Processed","01610","Coffee, green","2022","2022","t","917.85","E","Estimated value",""
"SCL","Supply Utilization Accounts (2010-)","352","Iceland","5023","Processed","01610","Coffee, green","2023","2023","t","957.27","E","Estimated value",""
"SCL","Supply Utilization Accounts (2010-)","356","India","5023","Processed","01610","Coffee, green","2010","2010","t","131747.12","E","Estimated value",""
"SCL","Supply Utilization Accounts (2010-)","356","India","5023","Processed","01610","Coffee, green","2011","2011","t","167233","E","Estimated value",""
"SCL","Supply Utilization Accounts (2010-)","356","India","5023","Processed","01610","Coffee, green","2012","2012","t","166141.92","E","Estimated value",""
"SCL","Supply Utilization Accounts (2010-)","356","India","5023","Processed","01610","Coffee, green","2013","2013","t","115300","E","Estimated value",""
"SCL","Supply Utilization Accounts (2010-)","356","India","5023","Processed","01610","Coffee, green","2014","2014","t","170200","E","Estimated value",""
"SCL","Supply Utilization Accounts (2010-)","356","India","5023","Processed","01610","Coffee, green","2015","2015","t","141300","E","Estimated value",""
"SCL","Supply Utilization Accounts (2010-)","356","India","5023","Processed","01610","Coffee, green","2016","2016","t","156500","E","Estimated value",""
"SCL","Supply Utilization Accounts (2010-)","356","India","5023","Processed","01610","Coffee, green","2017","2017","t","164000","E","Estimated value",""
"SCL","Supply Utilization Accounts (2010-)","356","India","5023","Processed","01610","Coffee, green","2018","2018","t","199500","E","Estimated value",""
"SCL","Supply Utilization Accounts (2010-)","356","India","5023","Processed","01610","Coffee, green","2019","2019","t","179153.98","E","Estimated value",""
"SCL","Supply Utilization Accounts (2010-)","356","India","5023","Processed","01610","Coffee, green","2020","2020","t","159700","E","Estimated value",""
"SCL","Supply Utilization Accounts (2010-)","356","India","5023","Processed","01610","Coffee, green","2021","2021","t","146500","E","Estimated value",""
"SCL","Supply Utilization Accounts (2010-)","356","India","5023","Processed","01610","Coffee, green","2022","2022","t","205818.07","E","Estimated value",""
"SCL","Supply Utilization Accounts (2010-)","356","India","5023","Processed","01610","Coffee, green","2023","2023","t","183578.58","E","Estimated value",""
"SCL","Supply Utilization Accounts (2010-)","360","Indonesia","5023","Processed","01610","Coffee, green","2010","2010","t","194486.01","E","Estimated value",""
"SCL","Supply Utilization Accounts (2010-)","360","Indonesia","5023","Processed","01610","Coffee, green","2011","2011","t","248148.15","E","Estimated value",""
"SCL","Supply Utilization Accounts (2010-)","360","Indonesia","5023","Processed","01610","Coffee, green","2012","2012","t","212878.19","E","Estimated value",""
"SCL","Supply Utilization Accounts (2010-)","360","Indonesia","5023","Processed","01610","Coffee, green","2013","2013","t","114184.72","E","Estimated value",""
"SCL","Supply Utilization Accounts (2010-)","360","Indonesia","5023","Processed","01610","Coffee, green","2014","2014","t","202735.44","E","Estimated value",""
"SCL","Supply Utilization Accounts (2010-)","360","Indonesia","5023","Processed","01610","Coffee, green","2015","2015","t","109001.95","E","Estimated value",""
"SCL","Supply Utilization Accounts (2010-)","360","Indonesia","5023","Processed","01610","Coffee, green","2016","2016","t","181326.88","E","Estimated value",""
"SCL","Supply Utilization Accounts (2010-)","360","Indonesia","5023","Processed","01610","Coffee, green","2017","2017","t","177002.88","E","Estimated value",""
"SCL","Supply Utilization Accounts (2010-)","360","Indonesia","5023","Processed","01610","Coffee, green","2018","2018","t","375213.37","E","Estimated value",""
"SCL","Supply Utilization Accounts (2010-)","360","Indonesia","5023","Processed","01610","Coffee, green","2019","2019","t","243382.09","E","Estimated value",""
"SCL","Supply Utilization Accounts (2010-)","360","Indonesia","5023","Processed","01610","Coffee, green","2020","2020","t","334000","E","Estimated value",""
"SCL","Supply Utilization Accounts (2010-)","360","Indonesia","5023","Processed","01610","Coffee, green","2021","2021","t","353000","E","Estimated value",""
"SCL","Supply Utilization Accounts (2010-)","360","Indonesia","5023","Processed","01610","Coffee, green","2022","2022","t","302019.44","E","Estimated value",""
"SCL","Supply Utilization Accounts (2010-)","360","Indonesia","5023","Processed","01610","Coffee, green","2023","2023","t","438056.47","E","Estimated value",""
"SCL","Supply Utilization Accounts (2010-)","364","Iran (Islamic Republic of)","5023","Processed","01610","Coffee, green","2010","2010","t","565.9","E","Estimated value",""
"SCL","Supply Utilization Accounts (2010-)","364","Iran (Islamic Republic of)","5023","Processed","01610","Coffee, green","2011","2011","t","148.7","E","Estimated value",""
"SCL","Supply Utilization Accounts (2010-)","364","Iran (Islamic Republic of)","5023","Processed","01610","Coffee, green","2012","2012","t","122.7","E","Estimated value",""
"SCL","Supply Utilization Accounts (2010-)","364","Iran (Islamic Republic of)","5023","Processed","01610","Coffee, green","2013","2013","t","55.8","E","Estimated value",""
"SCL","Supply Utilization Accounts (2010-)","364","Iran (Islamic Republic of)","5023","Processed","01610","Coffee, green","2014","2014","t","275.48","E","Estimated value",""
"SCL","Supply Utilization Accounts (2010-)","364","Iran (Islamic Republic of)","5023","Processed","01610","Coffee, green","2015","2015","t","305.41","E","Estimated value",""
"SCL","Supply Utilization Accounts (2010-)","364","Iran (Islamic Republic of)","5023","Processed","01610","Coffee, green","2016","2016","t","577.81","E","Estimated value",""
"SCL","Supply Utilization Accounts (2010-)","364","Iran (Islamic Republic of)","5023","Processed","01610","Coffee, green","2017","2017","t","812.35","E","Estimated value",""
"SCL","Supply Utilization Accounts (2010-)","364","Iran (Islamic Republic of)","5023","Processed","01610","Coffee, green","2018","2018","t","544.1","E","Estimated value",""
"SCL","Supply Utilization Accounts (2010-)","364","Iran (Islamic Republic of)","5023","Processed","01610","Coffee, green","2019","2019","t","673.5","E","Estimated value",""
"SCL","Supply Utilization Accounts (2010-)","364","Iran (Islamic Republic of)","5023","Processed","01610","Coffee, green","2020","2020","t","715.32","E","Estimated value",""
"SCL","Supply Utilization Accounts (2010-)","364","Iran (Islamic Republic of)","5023","Processed","01610","Coffee, green","2021","2021","t","657.17","E","Estimated value",""
"SCL","Supply Utilization Accounts (2010-)","364","Iran (Islamic Republic of)","5023","Processed","01610","Coffee, green","2022","2022","t","932.2","E","Estimated value",""
"SCL","Supply Utilization Accounts (2010-)","364","Iran (Islamic Republic of)","5023","Processed","01610","Coffee, green","2023","2023","t","1226.41","E","Estimated value",""
"SCL","Supply Utilization Accounts (2010-)","372","Ireland","5023","Processed","01610","Coffee, green","2010","2010","t","2461","I","Value imputed by a receiving agency",""
"SCL","Supply Utilization Accounts (2010-)","372","Ireland","5023","Processed","01610","Coffee, green","2011","2011","t","4794","I","Value imputed by a receiving agency",""
"SCL","Supply Utilization Accounts (2010-)","372","Ireland","5023","Processed","01610","Coffee, green","2012","2012","t","5223","I","Value imputed by a receiving agency",""
"SCL","Supply Utilization Accounts (2010-)","372","Ireland","5023","Processed","01610","Coffee, green","2013","2013","t","4678","I","Value imputed by a receiving agency",""
"SCL","Supply Utilization Accounts (2010-)","372","Ireland","5023","Processed","01610","Coffee, green","2014","2014","t","5838.91","E","Estimated value",""
"SCL","Supply Utilization Accounts (2010-)","372","Ireland","5023","Processed","01610","Coffee, green","2015","2015","t","8096.25","E","Estimated value",""
"SCL","Supply Utilization Accounts (2010-)","372","Ireland","5023","Processed","01610","Coffee, green","2016","2016","t","10465.19","E","Estimated value",""
"SCL","Supply Utilization Accounts (2010-)","372","Ireland","5023","Processed","01610","Coffee, green","2017","2017","t","12350.21","E","Estimated value",""
"SCL","Supply Utilization Accounts (2010-)","372","Ireland","5023","Processed","01610","Coffee, green","2018","2018","t","11853.82","E","Estimated value",""
"SCL","Supply Utilization Accounts (2010-)","372","Ireland","5023","Processed","01610","Coffee, green","2019","2019","t","10713.62","E","Estimated value",""
"SCL","Supply Utilization Accounts (2010-)","372","Ireland","5023","Processed","01610","Coffee, green","2020","2020","t","9506.06","E","Estimated value",""
"SCL","Supply Utilization Accounts (2010-)","372","Ireland","5023","Processed","01610","Coffee, green","2021","2021","t","6629.99","E","Estimated value",""
"SCL","Supply Utilization Accounts (2010-)","372","Ireland","5023","Processed","01610","Coffee, green","2022","2022","t","9054.14","E","Estimated value",""
"SCL","Supply Utilization Accounts (2010-)","372","Ireland","5023","Processed","01610","Coffee, green","2023","2023","t","7926.83","E","Estimated value",""
"SCL","Supply Utilization Accounts (2010-)","376","Israel","5023","Processed","01610","Coffee, green","2010","2010","t","26666.46","E","Estimated value",""
"SCL","Supply Utilization Accounts (2010-)","376","Israel","5023","Processed","01610","Coffee, green","2011","2011","t","21692.73","E","Estimated value",""
"SCL","Supply Utilization Accounts (2010-)","376","Israel","5023","Processed","01610","Coffee, green","2012","2012","t","27450","E","Estimated value",""
"SCL","Supply Utilization Accounts (2010-)","376","Israel","5023","Processed","01610","Coffee, green","2013","2013","t","28370","E","Estimated value",""
"SCL","Supply Utilization Accounts (2010-)","376","Israel","5023","Processed","01610","Coffee, green","2014","2014","t","16603.89","E","Estimated value",""
"SCL","Supply Utilization Accounts (2010-)","376","Israel","5023","Processed","01610","Coffee, green","2015","2015","t","20797.1","E","Estimated value",""
"SCL","Supply Utilization Accounts (2010-)","376","Israel","5023","Processed","01610","Coffee, green","2016","2016","t","9553.79","E","Estimated value",""
"SCL","Supply Utilization Accounts (2010-)","376","Israel","5023","Processed","01610","Coffee, green","2017","2017","t","19421.17","E","Estimated value",""
"SCL","Supply Utilization Accounts (2010-)","376","Israel","5023","Processed","01610","Coffee, green","2018","2018","t","13607.39","E","Estimated value",""
"SCL","Supply Utilization Accounts (2010-)","376","Israel","5023","Processed","01610","Coffee, green","2019","2019","t","21626.84","E","Estimated value",""
"SCL","Supply Utilization Accounts (2010-)","376","Israel","5023","Processed","01610","Coffee, green","2020","2020","t","19956.46","E","Estimated value",""
"SCL","Supply Utilization Accounts (2010-)","376","Israel","5023","Processed","01610","Coffee, green","2021","2021","t","23313.07","E","Estimated value",""
"SCL","Supply Utilization Accounts (2010-)","376","Israel","5023","Processed","01610","Coffee, green","2022","2022","t","22141.77","E","Estimated value",""
"SCL","Supply Utilization Accounts (2010-)","376","Israel","5023","Processed","01610","Coffee, green","2023","2023","t","17077.01","E","Estimated value",""
"SCL","Supply Utilization Accounts (2010-)","380","Italy","5023","Processed","01610","Coffee, green","2010","2010","t","461945","I","Value imputed by a receiving agency",""
"SCL","Supply Utilization Accounts (2010-)","380","Italy","5023","Processed","01610","Coffee, green","2011","2011","t","465478","I","Value imputed by a receiving agency",""
"SCL","Supply Utilization Accounts (2010-)","380","Italy","5023","Processed","01610","Coffee, green","2012","2012","t","484343","I","Value imputed by a receiving agency",""
"SCL","Supply Utilization Accounts (2010-)","380","Italy","5023","Processed","01610","Coffee, green","2013","2013","t","495680","I","Value imputed by a receiving agency",""
"SCL","Supply Utilization Accounts (2010-)","380","Italy","5023","Processed","01610","Coffee, green","2014","2014","t","526158.85","E","Estimated value",""
"SCL","Supply Utilization Accounts (2010-)","380","Italy","5023","Processed","01610","Coffee, green","2015","2015","t","524965.08","E","Estimated value",""
"SCL","Supply Utilization Accounts (2010-)","380","Italy","5023","Processed","01610","Coffee, green","2016","2016","t","568618.95","E","Estimated value",""
"SCL","Supply Utilization Accounts (2010-)","380","Italy","5023","Processed","01610","Coffee, green","2017","2017","t","559808.66","E","Estimated value",""
"SCL","Supply Utilization Accounts (2010-)","380","Italy","5023","Processed","01610","Coffee, green","2018","2018","t","595407.5","E","Estimated value",""
"SCL","Supply Utilization Accounts (2010-)","380","Italy","5023","Processed","01610","Coffee, green","2019","2019","t","602557.47","E","Estimated value",""
"SCL","Supply Utilization Accounts (2010-)","380","Italy","5023","Processed","01610","Coffee, green","2020","2020","t","552805.52","E","Estimated value",""
"SCL","Supply Utilization Accounts (2010-)","380","Italy","5023","Processed","01610","Coffee, green","2021","2021","t","606083.09","E","Estimated value",""
"SCL","Supply Utilization Accounts (2010-)","380","Italy","5023","Processed","01610","Coffee, green","2022","2022","t","660496.62","E","Estimated value",""
"SCL","Supply Utilization Accounts (2010-)","380","Italy","5023","Processed","01610","Coffee, green","2023","2023","t","633608.09","E","Estimated value",""
"SCL","Supply Utilization Accounts (2010-)","388","Jamaica","5023","Processed","01610","Coffee, green","2010","2010","t","468.42","E","Estimated value",""
"SCL","Supply Utilization Accounts (2010-)","388","Jamaica","5023","Processed","01610","Coffee, green","2011","2011","t","409.61","E","Estimated value",""
"SCL","Supply Utilization Accounts (2010-)","388","Jamaica","5023","Processed","01610","Coffee, green","2012","2012","t","352.86","E","Estimated value",""
"SCL","Supply Utilization Accounts (2010-)","388","Jamaica","5023","Processed","01610","Coffee, green","2013","2013","t","358.96","E","Estimated value",""
"SCL","Supply Utilization Accounts (2010-)","388","Jamaica","5023","Processed","01610","Coffee, green","2014","2014","t","287.55","E","Estimated value",""
"SCL","Supply Utilization Accounts (2010-)","388","Jamaica","5023","Processed","01610","Coffee, green","2015","2015","t","310.59","E","Estimated value",""
"SCL","Supply Utilization Accounts (2010-)","388","Jamaica","5023","Processed","01610","Coffee, green","2016","2016","t","407.96","E","Estimated value",""
"SCL","Supply Utilization Accounts (2010-)","388","Jamaica","5023","Processed","01610","Coffee, green","2017","2017","t","341.03","E","Estimated value",""
"SCL","Supply Utilization Accounts (2010-)","388","Jamaica","5023","Processed","01610","Coffee, green","2018","2018","t","376.48","E","Estimated value",""
"SCL","Supply Utilization Accounts (2010-)","388","Jamaica","5023","Processed","01610","Coffee, green","2019","2019","t","367.84","E","Estimated value",""
"SCL","Supply Utilization Accounts (2010-)","388","Jamaica","5023","Processed","01610","Coffee, green","2020","2020","t","314.44","E","Estimated value",""
"SCL","Supply Utilization Accounts (2010-)","388","Jamaica","5023","Processed","01610","Coffee, green","2021","2021","t","412.27","E","Estimated value",""
"SCL","Supply Utilization Accounts (2010-)","388","Jamaica","5023","Processed","01610","Coffee, green","2022","2022","t","374.37","E","Estimated value",""
"SCL","Supply Utilization Accounts (2010-)","388","Jamaica","5023","Processed","01610","Coffee, green","2023","2023","t","426.1","E","Estimated value",""
"SCL","Supply Utilization Accounts (2010-)","404","Kenya","5023","Processed","01610","Coffee, green","2010","2010","t","0","E","Estimated value",""
"SCL","Supply Utilization Accounts (2010-)","404","Kenya","5023","Processed","01610","Coffee, green","2011","2011","t","0","E","Estimated value",""
"SCL","Supply Utilization Accounts (2010-)","404","Kenya","5023","Processed","01610","Coffee, green","2012","2012","t","0","E","Estimated value",""
"SCL","Supply Utilization Accounts (2010-)","404","Kenya","5023","Processed","01610","Coffee, green","2013","2013","t","0","E","Estimated value",""
"SCL","Supply Utilization Accounts (2010-)","404","Kenya","5023","Processed","01610","Coffee, green","2014","2014","t","0","E","Estimated value",""
"SCL","Supply Utilization Accounts (2010-)","404","Kenya","5023","Processed","01610","Coffee, green","2015","2015","t","0","E","Estimated value",""
"SCL","Supply Utilization Accounts (2010-)","404","Kenya","5023","Processed","01610","Coffee, green","2016","2016","t","0","E","Estimated value",""
"SCL","Supply Utilization Accounts (2010-)","404","Kenya","5023","Processed","01610","Coffee, green","2017","2017","t","0","E","Estimated value",""
"SCL","Supply Utilization Accounts (2010-)","404","Kenya","5023","Processed","01610","Coffee, green","2018","2018","t","0","E","Estimated value",""
"SCL","Supply Utilization Accounts (2010-)","404","Kenya","5023","Processed","01610","Coffee, green","2019","2019","t","0","E","Estimated value",""
"SCL","Supply Utilization Accounts (2010-)","404","Kenya","5023","Processed","01610","Coffee, green","2020","2020","t","0","E","Estimated value",""
"SCL","Supply Utilization Accounts (2010-)","404","Kenya","5023","Processed","01610","Coffee, green","2021","2021","t","0","E","Estimated value",""
"SCL","Supply Utilization Accounts (2010-)","404","Kenya","5023","Processed","01610","Coffee, green","2022","2022","t","0","E","Estimated value",""
"SCL","Supply Utilization Accounts (2010-)","404","Kenya","5023","Processed","01610","Coffee, green","2023","2023","t","0","E","Estimated value",""
"SCL","Supply Utilization Accounts (2010-)","422","Lebanon","5023","Processed","01610","Coffee, green","2010","2010","t","22041","E","Estimated value",""
"SCL","Supply Utilization Accounts (2010-)","422","Lebanon","5023","Processed","01610","Coffee, green","2011","2011","t","20668","E","Estimated value",""
"SCL","Supply Utilization Accounts (2010-)","422","Lebanon","5023","Processed","01610","Coffee, green","2012","2012","t","21256","E","Estimated value",""
"SCL","Supply Utilization Accounts (2010-)","422","Lebanon","5023","Processed","01610","Coffee, green","2013","2013","t","26095","E","Estimated value",""
"SCL","Supply Utilization Accounts (2010-)","422","Lebanon","5023","Processed","01610","Coffee, green","2014","2014","t","27057.47","E","Estimated value",""
"SCL","Supply Utilization Accounts (2010-)","422","Lebanon","5023","Processed","01610","Coffee, green","2015","2015","t","24639.12","E","Estimated value",""
"SCL","Supply Utilization Accounts (2010-)","422","Lebanon","5023","Processed","01610","Coffee, green","2016","2016","t","24322.33","E","Estimated value",""
"SCL","Supply Utilization Accounts (2010-)","422","Lebanon","5023","Processed","01610","Coffee, green","2017","2017","t","24758.69","E","Estimated value",""
"SCL","Supply Utilization Accounts (2010-)","422","Lebanon","5023","Processed","01610","Coffee, green","2018","2018","t","28818.9","E","Estimated value",""
"SCL","Supply Utilization Accounts (2010-)","422","Lebanon","5023","Processed","01610","Coffee, green","2019","2019","t","33554.05","E","Estimated value",""
"SCL","Supply Utilization Accounts (2010-)","422","Lebanon","5023","Processed","01610","Coffee, green","2020","2020","t","19549.21","E","Estimated value",""
"SCL","Supply Utilization Accounts (2010-)","422","Lebanon","5023","Processed","01610","Coffee, green","2021","2021","t","23149.29","E","Estimated value",""
"SCL","Supply Utilization Accounts (2010-)","422","Lebanon","5023","Processed","01610","Coffee, green","2022","2022","t","13813.76","E","Estimated value",""
"SCL","Supply Utilization Accounts (2010-)","422","Lebanon","5023","Processed","01610","Coffee, green","2023","2023","t","21777.99","E","Estimated value",""
"SCL","Supply Utilization Accounts (2010-)","434","Libya","5023","Processed","01610","Coffee, green","2010","2010","t","3786","E","Estimated value",""
"SCL","Supply Utilization Accounts (2010-)","434","Libya","5023","Processed","01610","Coffee, green","2011","2011","t","2838","E","Estimated value",""
"SCL","Supply Utilization Accounts (2010-)","434","Libya","5023","Processed","01610","Coffee, green","2012","2012","t","7023","E","Estimated value",""
"SCL","Supply Utilization Accounts (2010-)","434","Libya","5023","Processed","01610","Coffee, green","2013","2013","t","9870","E","Estimated value",""
"SCL","Supply Utilization Accounts (2010-)","434","Libya","5023","Processed","01610","Coffee, green","2014","2014","t","8545.73","E","Estimated value",""
"SCL","Supply Utilization Accounts (2010-)","434","Libya","5023","Processed","01610","Coffee, green","2015","2015","t","8428.82","E","Estimated value",""
"SCL","Supply Utilization Accounts (2010-)","434","Libya","5023","Processed","01610","Coffee, green","2016","2016","t","8179.29","E","Estimated value",""
"SCL","Supply Utilization Accounts (2010-)","434","Libya","5023","Processed","01610","Coffee, green","2017","2017","t","12327.27","E","Estimated value",""
"SCL","Supply Utilization Accounts (2010-)","434","Libya","5023","Processed","01610","Coffee, green","2018","2018","t","9608.61","E","Estimated value",""
"SCL","Supply Utilization Accounts (2010-)","434","Libya","5023","Processed","01610","Coffee, green","2019","2019","t","11469.7","E","Estimated value",""
"SCL","Supply Utilization Accounts (2010-)","434","Libya","5023","Processed","01610","Coffee, green","2020","2020","t","13715.96","E","Estimated value",""
"SCL","Supply Utilization Accounts (2010-)","434","Libya","5023","Processed","01610","Coffee, green","2021","2021","t","15607.74","E","Estimated value",""
"SCL","Supply Utilization Accounts (2010-)","434","Libya","5023","Processed","01610","Coffee, green","2022","2022","t","13988.31","E","Estimated value",""
"SCL","Supply Utilization Accounts (2010-)","434","Libya","5023","Processed","01610","Coffee, green","2023","2023","t","20622.91","E","Estimated value",""
"SCL","Supply Utilization Accounts (2010-)","442","Luxembourg","5023","Processed","01610","Coffee, green","2010","2010","t","471","I","Value imputed by a receiving agency",""
"SCL","Supply Utilization Accounts (2010-)","442","Luxembourg","5023","Processed","01610","Coffee, green","2011","2011","t","605","I","Value imputed by a receiving agency",""
"SCL","Supply Utilization Accounts (2010-)","442","Luxembourg","5023","Processed","01610","Coffee, green","2012","2012","t","744","I","Value imputed by a receiving agency",""
"SCL","Supply Utilization Accounts (2010-)","442","Luxembourg","5023","Processed","01610","Coffee, green","2013","2013","t","569","I","Value imputed by a receiving agency",""
"SCL","Supply Utilization Accounts (2010-)","442","Luxembourg","5023","Processed","01610","Coffee, green","2014","2014","t","548.5","E","Estimated value",""
"SCL","Supply Utilization Accounts (2010-)","442","Luxembourg","5023","Processed","01610","Coffee, green","2015","2015","t","782.55","E","Estimated value",""
"SCL","Supply Utilization Accounts (2010-)","442","Luxembourg","5023","Processed","01610","Coffee, green","2016","2016","t","685.21","E","Estimated value",""
"SCL","Supply Utilization Accounts (2010-)","442","Luxembourg","5023","Processed","01610","Coffee, green","2017","2017","t","887.79","E","Estimated value",""
"SCL","Supply Utilization Accounts (2010-)","442","Luxembourg","5023","Processed","01610","Coffee, green","2018","2018","t","819.79","E","Estimated value",""
"SCL","Supply Utilization Accounts (2010-)","442","Luxembourg","5023","Processed","01610","Coffee, green","2019","2019","t","747.23","E","Estimated value",""
"SCL","Supply Utilization Accounts (2010-)","442","Luxembourg","5023","Processed","01610","Coffee, green","2020","2020","t","824.72","E","Estimated value",""
"SCL","Supply Utilization Accounts (2010-)","442","Luxembourg","5023","Processed","01610","Coffee, green","2021","2021","t","542.76","E","Estimated value",""
"SCL","Supply Utilization Accounts (2010-)","442","Luxembourg","5023","Processed","01610","Coffee, green","2022","2022","t","558.46","E","Estimated value",""
"SCL","Supply Utilization Accounts (2010-)","442","Luxembourg","5023","Processed","01610","Coffee, green","2023","2023","t","582.87","E","Estimated value",""
"SCL","Supply Utilization Accounts (2010-)","450","Madagascar","5023","Processed","01610","Coffee, green","2010","2010","t","1669.34","E","Estimated value",""
"SCL","Supply Utilization Accounts (2010-)","450","Madagascar","5023","Processed","01610","Coffee, green","2011","2011","t","1729.73","E","Estimated value",""
"SCL","Supply Utilization Accounts (2010-)","450","Madagascar","5023","Processed","01610","Coffee, green","2012","2012","t","1705.3","E","Estimated value",""
"SCL","Supply Utilization Accounts (2010-)","450","Madagascar","5023","Processed","01610","Coffee, green","2013","2013","t","1361.45","E","Estimated value",""
"SCL","Supply Utilization Accounts (2010-)","450","Madagascar","5023","Processed","01610","Coffee, green","2014","2014","t","1355.52","E","Estimated value",""
"SCL","Supply Utilization Accounts (2010-)","450","Madagascar","5023","Processed","01610","Coffee, green","2015","2015","t","1488.1","E","Estimated value",""
"SCL","Supply Utilization Accounts (2010-)","450","Madagascar","5023","Processed","01610","Coffee, green","2016","2016","t","1626.94","E","Estimated value",""
"SCL","Supply Utilization Accounts (2010-)","450","Madagascar","5023","Processed","01610","Coffee, green","2017","2017","t","1943.77","E","Estimated value",""
"SCL","Supply Utilization Accounts (2010-)","450","Madagascar","5023","Processed","01610","Coffee, green","2018","2018","t","2094.63","E","Estimated value",""
"SCL","Supply Utilization Accounts (2010-)","450","Madagascar","5023","Processed","01610","Coffee, green","2019","2019","t","2219.5","E","Estimated value",""
"SCL","Supply Utilization Accounts (2010-)","450","Madagascar","5023","Processed","01610","Coffee, green","2020","2020","t","1311.12","E","Estimated value",""
"SCL","Supply Utilization Accounts (2010-)","450","Madagascar","5023","Processed","01610","Coffee, green","2021","2021","t","1513.8","E","Estimated value",""
"SCL","Supply Utilization Accounts (2010-)","450","Madagascar","5023","Processed","01610","Coffee, green","2022","2022","t","1732.04","E","Estimated value",""
"SCL","Supply Utilization Accounts (2010-)","450","Madagascar","5023","Processed","01610","Coffee, green","2023","2023","t","1678.23","E","Estimated value",""
"SCL","Supply Utilization Accounts (2010-)","454","Malawi","5023","Processed","01610","Coffee, green","2010","2010","t","0","E","Estimated value",""
"SCL","Supply Utilization Accounts (2010-)","454","Malawi","5023","Processed","01610","Coffee, green","2011","2011","t","0","E","Estimated value",""
"SCL","Supply Utilization Accounts (2010-)","454","Malawi","5023","Processed","01610","Coffee, green","2012","2012","t","0","E","Estimated value",""
"SCL","Supply Utilization Accounts (2010-)","454","Malawi","5023","Processed","01610","Coffee, green","2013","2013","t","0","E","Estimated value",""
"SCL","Supply Utilization Accounts (2010-)","454","Malawi","5023","Processed","01610","Coffee, green","2014","2014","t","0","E","Estimated value",""
"SCL","Supply Utilization Accounts (2010-)","454","Malawi","5023","Processed","01610","Coffee, green","2015","2015","t","0","E","Estimated value",""
"SCL","Supply Utilization Accounts (2010-)","454","Malawi","5023","Processed","01610","Coffee, green","2016","2016","t","0","E","Estimated value",""
"SCL","Supply Utilization Accounts (2010-)","454","Malawi","5023","Processed","01610","Coffee, green","2017","2017","t","0","E","Estimated value",""
"SCL","Supply Utilization Accounts (2010-)","454","Malawi","5023","Processed","01610","Coffee, green","2018","2018","t","0","E","Estimated value",""
"SCL","Supply Utilization Accounts (2010-)","454","Malawi","5023","Processed","01610","Coffee, green","2019","2019","t","0","E","Estimated value",""
"SCL","Supply Utilization Accounts (2010-)","454","Malawi","5023","Processed","01610","Coffee, green","2020","2020","t","0","E","Estimated value",""
"SCL","Supply Utilization Accounts (2010-)","454","Malawi","5023","Processed","01610","Coffee, green","2021","2021","t","0","E","Estimated value",""
"SCL","Supply Utilization Accounts (2010-)","454","Malawi","5023","Processed","01610","Coffee, green","2022","2022","t","0","E","Estimated value",""
"SCL","Supply Utilization Accounts (2010-)","454","Malawi","5023","Processed","01610","Coffee, green","2023","2023","t","0","E","Estimated value",""
"SCL","Supply Utilization Accounts (2010-)","458","Malaysia","5023","Processed","01610","Coffee, green","2010","2010","t","74176","E","Estimated value",""
"SCL","Supply Utilization Accounts (2010-)","458","Malaysia","5023","Processed","01610","Coffee, green","2011","2011","t","79831","E","Estimated value",""
"SCL","Supply Utilization Accounts (2010-)","458","Malaysia","5023","Processed","01610","Coffee, green","2012","2012","t","77931","E","Estimated value",""
"SCL","Supply Utilization Accounts (2010-)","458","Malaysia","5023","Processed","01610","Coffee, green","2013","2013","t","97920","E","Estimated value",""
"SCL","Supply Utilization Accounts (2010-)","458","Malaysia","5023","Processed","01610","Coffee, green","2014","2014","t","83881","E","Estimated value",""
"SCL","Supply Utilization Accounts (2010-)","458","Malaysia","5023","Processed","01610","Coffee, green","2015","2015","t","87823","E","Estimated value",""
"SCL","Supply Utilization Accounts (2010-)","458","Malaysia","5023","Processed","01610","Coffee, green","2016","2016","t","92812","E","Estimated value",""
"SCL","Supply Utilization Accounts (2010-)","458","Malaysia","5023","Processed","01610","Coffee, green","2017","2017","t","96872","E","Estimated value",""
"SCL","Supply Utilization Accounts (2010-)","458","Malaysia","5023","Processed","01610","Coffee, green","2018","2018","t","105406","E","Estimated value",""
"SCL","Supply Utilization Accounts (2010-)","458","Malaysia","5023","Processed","01610","Coffee, green","2019","2019","t","112209","E","Estimated value",""
"SCL","Supply Utilization Accounts (2010-)","458","Malaysia","5023","Processed","01610","Coffee, green","2020","2020","t","106519","E","Estimated value",""
"SCL","Supply Utilization Accounts (2010-)","458","Malaysia","5023","Processed","01610","Coffee, green","2021","2021","t","97000","E","Estimated value",""
"SCL","Supply Utilization Accounts (2010-)","458","Malaysia","5023","Processed","01610","Coffee, green","2022","2022","t","102310","E","Estimated value",""
"SCL","Supply Utilization Accounts (2010-)","458","Malaysia","5023","Processed","01610","Coffee, green","2023","2023","t","75250","E","Estimated value",""
"SCL","Supply Utilization Accounts (2010-)","470","Malta","5023","Processed","01610","Coffee, green","2010","2010","t","41","E","Estimated value",""
"SCL","Supply Utilization Accounts (2010-)","470","Malta","5023","Processed","01610","Coffee, green","2011","2011","t","30","E","Estimated value",""
"SCL","Supply Utilization Accounts (2010-)","470","Malta","5023","Processed","01610","Coffee, green","2012","2012","t","55","E","Estimated value",""
"SCL","Supply Utilization Accounts (2010-)","470","Malta","5023","Processed","01610","Coffee, green","2013","2013","t","10","E","Estimated value",""
"SCL","Supply Utilization Accounts (2010-)","470","Malta","5023","Processed","01610","Coffee, green","2014","2014","t","56.13","E","Estimated value",""
"SCL","Supply Utilization Accounts (2010-)","470","Malta","5023","Processed","01610","Coffee, green","2015","2015","t","24.33","E","Estimated value",""
"SCL","Supply Utilization Accounts (2010-)","470","Malta","5023","Processed","01610","Coffee, green","2016","2016","t","1.44","E","Estimated value",""
"SCL","Supply Utilization Accounts (2010-)","470","Malta","5023","Processed","01610","Coffee, green","2017","2017","t","11.26","E","Estimated value",""
"SCL","Supply Utilization Accounts (2010-)","470","Malta","5023","Processed","01610","Coffee, green","2018","2018","t","33.97","E","Estimated value",""
"SCL","Supply Utilization Accounts (2010-)","470","Malta","5023","Processed","01610","Coffee, green","2019","2019","t","69.73","E","Estimated value",""
"SCL","Supply Utilization Accounts (2010-)","470","Malta","5023","Processed","01610","Coffee, green","2020","2020","t","149.26","E","Estimated value",""
"SCL","Supply Utilization Accounts (2010-)","470","Malta","5023","Processed","01610","Coffee, green","2021","2021","t","0","E","Estimated value",""
"SCL","Supply Utilization Accounts (2010-)","470","Malta","5023","Processed","01610","Coffee, green","2022","2022","t","42.66","E","Estimated value",""
"SCL","Supply Utilization Accounts (2010-)","470","Malta","5023","Processed","01610","Coffee, green","2023","2023","t","76.18","E","Estimated value",""
"SCL","Supply Utilization Accounts (2010-)","584","Marshall Islands","5023","Processed","01610","Coffee, green","2019","2019","t","0","E","Estimated value",""
"SCL","Supply Utilization Accounts (2010-)","584","Marshall Islands","5023","Processed","01610","Coffee, green","2020","2020","t","0","E","Estimated value",""
"SCL","Supply Utilization Accounts (2010-)","584","Marshall Islands","5023","Processed","01610","Coffee, green","2021","2021","t","0","E","Estimated value",""
"SCL","Supply Utilization Accounts (2010-)","584","Marshall Islands","5023","Processed","01610","Coffee, green","2022","2022","t","0","E","Estimated value",""
"SCL","Supply Utilization Accounts (2010-)","584","Marshall Islands","5023","Processed","01610","Coffee, green","2023","2023","t","0","E","Estimated value",""
"SCL","Supply Utilization Accounts (2010-)","484","Mexico","5023","Processed","01610","Coffee, green","2010","2010","t","138200","E","Estimated value",""
"SCL","Supply Utilization Accounts (2010-)","484","Mexico","5023","Processed","01610","Coffee, green","2011","2011","t","126450","E","Estimated value",""
"SCL","Supply Utilization Accounts (2010-)","484","Mexico","5023","Processed","01610","Coffee, green","2012","2012","t","80550","E","Estimated value",""
"SCL","Supply Utilization Accounts (2010-)","484","Mexico","5023","Processed","01610","Coffee, green","2013","2013","t","87950","E","Estimated value",""
"SCL","Supply Utilization Accounts (2010-)","484","Mexico","5023","Processed","01610","Coffee, green","2014","2014","t","121499.99","E","Estimated value",""
"SCL","Supply Utilization Accounts (2010-)","484","Mexico","5023","Processed","01610","Coffee, green","2015","2015","t","129751.44","E","Estimated value",""
"SCL","Supply Utilization Accounts (2010-)","484","Mexico","5023","Processed","01610","Coffee, green","2016","2016","t","116873.53","E","Estimated value",""
"SCL","Supply Utilization Accounts (2010-)","484","Mexico","5023","Processed","01610","Coffee, green","2017","2017","t","66634.68","E","Estimated value",""
"SCL","Supply Utilization Accounts (2010-)","484","Mexico","5023","Processed","01610","Coffee, green","2018","2018","t","58067.21","E","Estimated value",""
"SCL","Supply Utilization Accounts (2010-)","484","Mexico","5023","Processed","01610","Coffee, green","2019","2019","t","103251.24","E","Estimated value",""
"SCL","Supply Utilization Accounts (2010-)","484","Mexico","5023","Processed","01610","Coffee, green","2020","2020","t","84343.35","E","Estimated value",""
"SCL","Supply Utilization Accounts (2010-)","484","Mexico","5023","Processed","01610","Coffee, green","2021","2021","t","100601.22","E","Estimated value",""
"SCL","Supply Utilization Accounts (2010-)","484","Mexico","5023","Processed","01610","Coffee, green","2022","2022","t","78237.63","E","Estimated value",""
"SCL","Supply Utilization Accounts (2010-)","484","Mexico","5023","Processed","01610","Coffee, green","2023","2023","t","136474.07","E","Estimated value",""
"SCL","Supply Utilization Accounts (2010-)","583","Micronesia (Federated States of)","5023","Processed","01610","Coffee, green","2019","2019","t","0","E","Estimated value",""
"SCL","Supply Utilization Accounts (2010-)","583","Micronesia (Federated States of)","5023","Processed","01610","Coffee, green","2020","2020","t","0","E","Estimated value",""
"SCL","Supply Utilization Accounts (2010-)","583","Micronesia (Federated States of)","5023","Processed","01610","Coffee, green","2021","2021","t","0","E","Estimated value",""
"SCL","Supply Utilization Accounts (2010-)","499","Montenegro","5023","Processed","01610","Coffee, green","2010","2010","t","12243","E","Estimated value",""
"SCL","Supply Utilization Accounts (2010-)","499","Montenegro","5023","Processed","01610","Coffee, green","2011","2011","t","8037","E","Estimated value",""
"SCL","Supply Utilization Accounts (2010-)","499","Montenegro","5023","Processed","01610","Coffee, green","2012","2012","t","3855","E","Estimated value",""
"SCL","Supply Utilization Accounts (2010-)","499","Montenegro","5023","Processed","01610","Coffee, green","2013","2013","t","4270","E","Estimated value",""
"SCL","Supply Utilization Accounts (2010-)","499","Montenegro","5023","Processed","01610","Coffee, green","2014","2014","t","3160.9","E","Estimated value",""
"SCL","Supply Utilization Accounts (2010-)","499","Montenegro","5023","Processed","01610","Coffee, green","2015","2015","t","3182.39","E","Estimated value",""
"SCL","Supply Utilization Accounts (2010-)","499","Montenegro","5023","Processed","01610","Coffee, green","2016","2016","t","2647.9","E","Estimated value",""
"SCL","Supply Utilization Accounts (2010-)","499","Montenegro","5023","Processed","01610","Coffee, green","2017","2017","t","2605.49","E","Estimated value",""
"SCL","Supply Utilization Accounts (2010-)","499","Montenegro","5023","Processed","01610","Coffee, green","2018","2018","t","2575.37","E","Estimated value",""
"SCL","Supply Utilization Accounts (2010-)","499","Montenegro","5023","Processed","01610","Coffee, green","2019","2019","t","7464.15","E","Estimated value",""
"SCL","Supply Utilization Accounts (2010-)","499","Montenegro","5023","Processed","01610","Coffee, green","2020","2020","t","2130.32","E","Estimated value",""
"SCL","Supply Utilization Accounts (2010-)","499","Montenegro","5023","Processed","01610","Coffee, green","2021","2021","t","2310.38","E","Estimated value",""
"SCL","Supply Utilization Accounts (2010-)","499","Montenegro","5023","Processed","01610","Coffee, green","2022","2022","t","2352.24","E","Estimated value",""
"SCL","Supply Utilization Accounts (2010-)","499","Montenegro","5023","Processed","01610","Coffee, green","2023","2023","t","2508.64","E","Estimated value",""
"SCL","Supply Utilization Accounts (2010-)","504","Morocco","5023","Processed","01610","Coffee, green","2010","2010","t","27070.03","E","Estimated value",""
"SCL","Supply Utilization Accounts (2010-)","504","Morocco","5023","Processed","01610","Coffee, green","2011","2011","t","13593.69","E","Estimated value",""
"SCL","Supply Utilization Accounts (2010-)","504","Morocco","5023","Processed","01610","Coffee, green","2012","2012","t","34240.84","E","Estimated value",""
"SCL","Supply Utilization Accounts (2010-)","504","Morocco","5023","Processed","01610","Coffee, green","2013","2013","t","33257.34","E","Estimated value",""
"SCL","Supply Utilization Accounts (2010-)","504","Morocco","5023","Processed","01610","Coffee, green","2014","2014","t","28833.65","E","Estimated value",""
"SCL","Supply Utilization Accounts (2010-)","504","Morocco","5023","Processed","01610","Coffee, green","2015","2015","t","30225.43","E","Estimated value",""
"SCL","Supply Utilization Accounts (2010-)","504","Morocco","5023","Processed","01610","Coffee, green","2016","2016","t","30435.06","E","Estimated value",""
"SCL","Supply Utilization Accounts (2010-)","504","Morocco","5023","Processed","01610","Coffee, green","2017","2017","t","31420.59","E","Estimated value",""
"SCL","Supply Utilization Accounts (2010-)","504","Morocco","5023","Processed","01610","Coffee, green","2018","2018","t","39345.73","E","Estimated value",""
"SCL","Supply Utilization Accounts (2010-)","504","Morocco","5023","Processed","01610","Coffee, green","2019","2019","t","38625.9","E","Estimated value",""
"SCL","Supply Utilization Accounts (2010-)","504","Morocco","5023","Processed","01610","Coffee, green","2020","2020","t","35383.95","E","Estimated value",""
"SCL","Supply Utilization Accounts (2010-)","504","Morocco","5023","Processed","01610","Coffee, green","2021","2021","t","39146.73","E","Estimated value",""
"SCL","Supply Utilization Accounts (2010-)","504","Morocco","5023","Processed","01610","Coffee, green","2022","2022","t","41586.13","E","Estimated value",""
"SCL","Supply Utilization Accounts (2010-)","504","Morocco","5023","Processed","01610","Coffee, green","2023","2023","t","35320.13","E","Estimated value",""
"SCL","Supply Utilization Accounts (2010-)","520","Naoero","5023","Processed","01610","Coffee, green","2019","2019","t","0","E","Estimated value",""
"SCL","Supply Utilization Accounts (2010-)","520","Naoero","5023","Processed","01610","Coffee, green","2020","2020","t","0","E","Estimated value",""
"SCL","Supply Utilization Accounts (2010-)","520","Naoero","5023","Processed","01610","Coffee, green","2021","2021","t","0","E","Estimated value",""
"SCL","Supply Utilization Accounts (2010-)","520","Naoero","5023","Processed","01610","Coffee, green","2022","2022","t","0","E","Estimated value",""
"SCL","Supply Utilization Accounts (2010-)","520","Naoero","5023","Processed","01610","Coffee, green","2023","2023","t","0","E","Estimated value",""
"SCL","Supply Utilization Accounts (2010-)","528","Netherlands (Kingdom of the)","5023","Processed","01610","Coffee, green","2010","2010","t","57674","I","Value imputed by a receiving agency",""
"SCL","Supply Utilization Accounts (2010-)","528","Netherlands (Kingdom of the)","5023","Processed","01610","Coffee, green","2011","2011","t","61946","I","Value imputed by a receiving agency",""
"SCL","Supply Utilization Accounts (2010-)","528","Netherlands (Kingdom of the)","5023","Processed","01610","Coffee, green","2012","2012","t","66701","I","Value imputed by a receiving agency",""
"SCL","Supply Utilization Accounts (2010-)","528","Netherlands (Kingdom of the)","5023","Processed","01610","Coffee, green","2013","2013","t","61563","I","Value imputed by a receiving agency",""
"SCL","Supply Utilization Accounts (2010-)","528","Netherlands (Kingdom of the)","5023","Processed","01610","Coffee, green","2014","2014","t","118702.72","E","Estimated value",""
"SCL","Supply Utilization Accounts (2010-)","528","Netherlands (Kingdom of the)","5023","Processed","01610","Coffee, green","2015","2015","t","142902.1","E","Estimated value",""
"SCL","Supply Utilization Accounts (2010-)","528","Netherlands (Kingdom of the)","5023","Processed","01610","Coffee, green","2016","2016","t","146831.31","E","Estimated value",""
"SCL","Supply Utilization Accounts (2010-)","528","Netherlands (Kingdom of the)","5023","Processed","01610","Coffee, green","2017","2017","t","168757.91","E","Estimated value",""
"SCL","Supply Utilization Accounts (2010-)","528","Netherlands (Kingdom of the)","5023","Processed","01610","Coffee, green","2018","2018","t","175991.33","E","Estimated value",""
"SCL","Supply Utilization Accounts (2010-)","528","Netherlands (Kingdom of the)","5023","Processed","01610","Coffee, green","2019","2019","t","178792.58","E","Estimated value",""
"SCL","Supply Utilization Accounts (2010-)","528","Netherlands (Kingdom of the)","5023","Processed","01610","Coffee, green","2020","2020","t","165233.78","E","Estimated value",""
"SCL","Supply Utilization Accounts (2010-)","528","Netherlands (Kingdom of the)","5023","Processed","01610","Coffee, green","2021","2021","t","168566.63","E","Estimated value",""
"SCL","Supply Utilization Accounts (2010-)","528","Netherlands (Kingdom of the)","5023","Processed","01610","Coffee, green","2022","2022","t","168815.45","E","Estimated value",""
"SCL","Supply Utilization Accounts (2010-)","528","Netherlands (Kingdom of the)","5023","Processed","01610","Coffee, green","2023","2023","t","138770.47","E","Estimated value",""
"SCL","Supply Utilization Accounts (2010-)","554","New Zealand","5023","Processed","01610","Coffee, green","2010","2010","t","9491","E","Estimated value",""
"SCL","Supply Utilization Accounts (2010-)","554","New Zealand","5023","Processed","01610","Coffee, green","2011","2011","t","6846","E","Estimated value",""
"SCL","Supply Utilization Accounts (2010-)","554","New Zealand","5023","Processed","01610","Coffee, green","2012","2012","t","10274","E","Estimated value",""
"SCL","Supply Utilization Accounts (2010-)","554","New Zealand","5023","Processed","01610","Coffee, green","2013","2013","t","10443","E","Estimated value",""
"SCL","Supply Utilization Accounts (2010-)","554","New Zealand","5023","Processed","01610","Coffee, green","2014","2014","t","10955.23","E","Estimated value",""
"SCL","Supply Utilization Accounts (2010-)","554","New Zealand","5023","Processed","01610","Coffee, green","2015","2015","t","12581.77","E","Estimated value",""
"SCL","Supply Utilization Accounts (2010-)","554","New Zealand","5023","Processed","01610","Coffee, green","2016","2016","t","11810.9","E","Estimated value",""
"SCL","Supply Utilization Accounts (2010-)","554","New Zealand","5023","Processed","01610","Coffee, green","2017","2017","t","12154.55","E","Estimated value",""
"SCL","Supply Utilization Accounts (2010-)","554","New Zealand","5023","Processed","01610","Coffee, green","2018","2018","t","13599.41","E","Estimated value",""
"SCL","Supply Utilization Accounts (2010-)","554","New Zealand","5023","Processed","01610","Coffee, green","2019","2019","t","13641.75","E","Estimated value",""
"SCL","Supply Utilization Accounts (2010-)","554","New Zealand","5023","Processed","01610","Coffee, green","2020","2020","t","12327.55","E","Estimated value",""
"SCL","Supply Utilization Accounts (2010-)","554","New Zealand","5023","Processed","01610","Coffee, green","2021","2021","t","12889.18","E","Estimated value",""
"SCL","Supply Utilization Accounts (2010-)","554","New Zealand","5023","Processed","01610","Coffee, green","2022","2022","t","14579.57","E","Estimated value",""
"SCL","Supply Utilization Accounts (2010-)","554","New Zealand","5023","Processed","01610","Coffee, green","2023","2023","t","13830.28","E","Estimated value",""
"SCL","Supply Utilization Accounts (2010-)","558","Nicaragua","5023","Processed","01610","Coffee, green","2010","2010","t","0","E","Estimated value",""
"SCL","Supply Utilization Accounts (2010-)","558","Nicaragua","5023","Processed","01610","Coffee, green","2011","2011","t","13078","E","Estimated value",""
"SCL","Supply Utilization Accounts (2010-)","558","Nicaragua","5023","Processed","01610","Coffee, green","2012","2012","t","0","E","Estimated value",""
"SCL","Supply Utilization Accounts (2010-)","558","Nicaragua","5023","Processed","01610","Coffee, green","2013","2013","t","0","E","Estimated value",""
"SCL","Supply Utilization Accounts (2010-)","558","Nicaragua","5023","Processed","01610","Coffee, green","2014","2014","t","0","E","Estimated value",""
"SCL","Supply Utilization Accounts (2010-)","558","Nicaragua","5023","Processed","01610","Coffee, green","2015","2015","t","0","E","Estimated value",""
"SCL","Supply Utilization Accounts (2010-)","558","Nicaragua","5023","Processed","01610","Coffee, green","2016","2016","t","824.68","E","Estimated value",""
"SCL","Supply Utilization Accounts (2010-)","558","Nicaragua","5023","Processed","01610","Coffee, green","2017","2017","t","173.6","E","Estimated value",""
"SCL","Supply Utilization Accounts (2010-)","558","Nicaragua","5023","Processed","01610","Coffee, green","2018","2018","t","536.83","E","Estimated value",""
"SCL","Supply Utilization Accounts (2010-)","558","Nicaragua","5023","Processed","01610","Coffee, green","2019","2019","t","0","E","Estimated value",""
"SCL","Supply Utilization Accounts (2010-)","558","Nicaragua","5023","Processed","01610","Coffee, green","2020","2020","t","1151.52","E","Estimated value",""
"SCL","Supply Utilization Accounts (2010-)","558","Nicaragua","5023","Processed","01610","Coffee, green","2021","2021","t","3030.3","E","Estimated value",""
"SCL","Supply Utilization Accounts (2010-)","558","Nicaragua","5023","Processed","01610","Coffee, green","2022","2022","t","1000","E","Estimated value",""
"SCL","Supply Utilization Accounts (2010-)","558","Nicaragua","5023","Processed","01610","Coffee, green","2023","2023","t","1000","E","Estimated value",""
"SCL","Supply Utilization Accounts (2010-)","566","Nigeria","5023","Processed","01610","Coffee, green","2010","2010","t","1984","E","Estimated value",""
"SCL","Supply Utilization Accounts (2010-)","566","Nigeria","5023","Processed","01610","Coffee, green","2011","2011","t","1884.5","E","Estimated value",""
"SCL","Supply Utilization Accounts (2010-)","566","Nigeria","5023","Processed","01610","Coffee, green","2012","2012","t","1789.49","E","Estimated value",""
"SCL","Supply Utilization Accounts (2010-)","566","Nigeria","5023","Processed","01610","Coffee, green","2013","2013","t","1509.88","E","Estimated value",""
"SCL","Supply Utilization Accounts (2010-)","566","Nigeria","5023","Processed","01610","Coffee, green","2014","2014","t","1673.95","E","Estimated value",""
"SCL","Supply Utilization Accounts (2010-)","566","Nigeria","5023","Processed","01610","Coffee, green","2015","2015","t","1419.2","E","Estimated value",""
"SCL","Supply Utilization Accounts (2010-)","566","Nigeria","5023","Processed","01610","Coffee, green","2016","2016","t","1242.55","E","Estimated value",""
"SCL","Supply Utilization Accounts (2010-)","566","Nigeria","5023","Processed","01610","Coffee, green","2017","2017","t","1068.23","E","Estimated value",""
"SCL","Supply Utilization Accounts (2010-)","566","Nigeria","5023","Processed","01610","Coffee, green","2018","2018","t","971.27","E","Estimated value",""
"SCL","Supply Utilization Accounts (2010-)","566","Nigeria","5023","Processed","01610","Coffee, green","2019","2019","t","1646.33","E","Estimated value",""
"SCL","Supply Utilization Accounts (2010-)","566","Nigeria","5023","Processed","01610","Coffee, green","2020","2020","t","1678.4","E","Estimated value",""
"SCL","Supply Utilization Accounts (2010-)","566","Nigeria","5023","Processed","01610","Coffee, green","2021","2021","t","1774.09","E","Estimated value",""
"SCL","Supply Utilization Accounts (2010-)","566","Nigeria","5023","Processed","01610","Coffee, green","2022","2022","t","1711.48","E","Estimated value",""
"SCL","Supply Utilization Accounts (2010-)","566","Nigeria","5023","Processed","01610","Coffee, green","2023","2023","t","1712.73","E","Estimated value",""
"SCL","Supply Utilization Accounts (2010-)","807","North Macedonia","5023","Processed","01610","Coffee, green","2010","2010","t","6337","I","Value imputed by a receiving agency",""
"SCL","Supply Utilization Accounts (2010-)","807","North Macedonia","5023","Processed","01610","Coffee, green","2011","2011","t","6433","I","Value imputed by a receiving agency",""
"SCL","Supply Utilization Accounts (2010-)","807","North Macedonia","5023","Processed","01610","Coffee, green","2012","2012","t","6807","I","Value imputed by a receiving agency",""
"SCL","Supply Utilization Accounts (2010-)","807","North Macedonia","5023","Processed","01610","Coffee, green","2013","2013","t","7352","I","Value imputed by a receiving agency",""
"SCL","Supply Utilization Accounts (2010-)","807","North Macedonia","5023","Processed","01610","Coffee, green","2014","2014","t","6158.63","E","Estimated value",""
"SCL","Supply Utilization Accounts (2010-)","807","North Macedonia","5023","Processed","01610","Coffee, green","2015","2015","t","6048.44","E","Estimated value",""
"SCL","Supply Utilization Accounts (2010-)","807","North Macedonia","5023","Processed","01610","Coffee, green","2016","2016","t","6484.52","E","Estimated value",""
"SCL","Supply Utilization Accounts (2010-)","807","North Macedonia","5023","Processed","01610","Coffee, green","2017","2017","t","6091.09","E","Estimated value",""
"SCL","Supply Utilization Accounts (2010-)","807","North Macedonia","5023","Processed","01610","Coffee, green","2018","2018","t","6388.3","E","Estimated value",""
"SCL","Supply Utilization Accounts (2010-)","807","North Macedonia","5023","Processed","01610","Coffee, green","2019","2019","t","6433.97","E","Estimated value",""
"SCL","Supply Utilization Accounts (2010-)","807","North Macedonia","5023","Processed","01610","Coffee, green","2020","2020","t","5740.87","E","Estimated value",""
"SCL","Supply Utilization Accounts (2010-)","807","North Macedonia","5023","Processed","01610","Coffee, green","2021","2021","t","5133.64","E","Estimated value",""
"SCL","Supply Utilization Accounts (2010-)","807","North Macedonia","5023","Processed","01610","Coffee, green","2022","2022","t","4778.38","E","Estimated value",""
"SCL","Supply Utilization Accounts (2010-)","807","North Macedonia","5023","Processed","01610","Coffee, green","2023","2023","t","5110.43","E","Estimated value",""
"SCL","Supply Utilization Accounts (2010-)","578","Norway","5023","Processed","01610","Coffee, green","2010","2010","t","35426","E","Estimated value",""
"SCL","Supply Utilization Accounts (2010-)","578","Norway","5023","Processed","01610","Coffee, green","2011","2011","t","36724","E","Estimated value",""
"SCL","Supply Utilization Accounts (2010-)","578","Norway","5023","Processed","01610","Coffee, green","2012","2012","t","32867","E","Estimated value",""
"SCL","Supply Utilization Accounts (2010-)","578","Norway","5023","Processed","01610","Coffee, green","2013","2013","t","34987","E","Estimated value",""
"SCL","Supply Utilization Accounts (2010-)","578","Norway","5023","Processed","01610","Coffee, green","2014","2014","t","32586.19","E","Estimated value",""
"SCL","Supply Utilization Accounts (2010-)","578","Norway","5023","Processed","01610","Coffee, green","2015","2015","t","35687.89","E","Estimated value",""
"SCL","Supply Utilization Accounts (2010-)","578","Norway","5023","Processed","01610","Coffee, green","2016","2016","t","34820.32","E","Estimated value",""
"SCL","Supply Utilization Accounts (2010-)","578","Norway","5023","Processed","01610","Coffee, green","2017","2017","t","34510.05","E","Estimated value",""
"SCL","Supply Utilization Accounts (2010-)","578","Norway","5023","Processed","01610","Coffee, green","2018","2018","t","31348.23","E","Estimated value",""
"SCL","Supply Utilization Accounts (2010-)","578","Norway","5023","Processed","01610","Coffee, green","2019","2019","t","33816.16","E","Estimated value",""
"SCL","Supply Utilization Accounts (2010-)","578","Norway","5023","Processed","01610","Coffee, green","2020","2020","t","36592.68","E","Estimated value",""
"SCL","Supply Utilization Accounts (2010-)","578","Norway","5023","Processed","01610","Coffee, green","2021","2021","t","32949.46","E","Estimated value",""
"SCL","Supply Utilization Accounts (2010-)","578","Norway","5023","Processed","01610","Coffee, green","2022","2022","t","31231.03","E","Estimated value",""
"SCL","Supply Utilization Accounts (2010-)","578","Norway","5023","Processed","01610","Coffee, green","2023","2023","t","29149.37","E","Estimated value",""
"SCL","Supply Utilization Accounts (2010-)","591","Panama","5023","Processed","01610","Coffee, green","2010","2010","t","100","E","Estimated value",""
"SCL","Supply Utilization Accounts (2010-)","591","Panama","5023","Processed","01610","Coffee, green","2011","2011","t","85","E","Estimated value",""
"SCL","Supply Utilization Accounts (2010-)","591","Panama","5023","Processed","01610","Coffee, green","2012","2012","t","920","E","Estimated value",""
"SCL","Supply Utilization Accounts (2010-)","591","Panama","5023","Processed","01610","Coffee, green","2013","2013","t","910","E","Estimated value",""
"SCL","Supply Utilization Accounts (2010-)","591","Panama","5023","Processed","01610","Coffee, green","2014","2014","t","225.19","E","Estimated value",""
"SCL","Supply Utilization Accounts (2010-)","591","Panama","5023","Processed","01610","Coffee, green","2015","2015","t","476.2","E","Estimated value",""
"SCL","Supply Utilization Accounts (2010-)","591","Panama","5023","Processed","01610","Coffee, green","2016","2016","t","313.21","E","Estimated value",""
"SCL","Supply Utilization Accounts (2010-)","591","Panama","5023","Processed","01610","Coffee, green","2017","2017","t","413.22","E","Estimated value",""
"SCL","Supply Utilization Accounts (2010-)","591","Panama","5023","Processed","01610","Coffee, green","2018","2018","t","365.27","E","Estimated value",""
"SCL","Supply Utilization Accounts (2010-)","591","Panama","5023","Processed","01610","Coffee, green","2019","2019","t","470.15","E","Estimated value",""
"SCL","Supply Utilization Accounts (2010-)","591","Panama","5023","Processed","01610","Coffee, green","2020","2020","t","6801","A","Official value",""
"SCL","Supply Utilization Accounts (2010-)","591","Panama","5023","Processed","01610","Coffee, green","2021","2021","t","7056","A","Official value",""
"SCL","Supply Utilization Accounts (2010-)","591","Panama","5023","Processed","01610","Coffee, green","2022","2022","t","17000","E","Estimated value",""
"SCL","Supply Utilization Accounts (2010-)","591","Panama","5023","Processed","01610","Coffee, green","2023","2023","t","16500","E","Estimated value",""
"SCL","Supply Utilization Accounts (2010-)","598","Papua New Guinea","5023","Processed","01610","Coffee, green","2010","2010","t","0","E","Estimated value",""
"SCL","Supply Utilization Accounts (2010-)","598","Papua New Guinea","5023","Processed","01610","Coffee, green","2011","2011","t","0","E","Estimated value",""
"SCL","Supply Utilization Accounts (2010-)","598","Papua New Guinea","5023","Processed","01610","Coffee, green","2012","2012","t","0","E","Estimated value",""
"SCL","Supply Utilization Accounts (2010-)","598","Papua New Guinea","5023","Processed","01610","Coffee, green","2013","2013","t","0","E","Estimated value",""
"SCL","Supply Utilization Accounts (2010-)","598","Papua New Guinea","5023","Processed","01610","Coffee, green","2014","2014","t","0","E","Estimated value",""
"SCL","Supply Utilization Accounts (2010-)","598","Papua New Guinea","5023","Processed","01610","Coffee, green","2015","2015","t","0","E","Estimated value",""
"SCL","Supply Utilization Accounts (2010-)","598","Papua New Guinea","5023","Processed","01610","Coffee, green","2016","2016","t","0","E","Estimated value",""
"SCL","Supply Utilization Accounts (2010-)","598","Papua New Guinea","5023","Processed","01610","Coffee, green","2017","2017","t","0","E","Estimated value",""
"SCL","Supply Utilization Accounts (2010-)","598","Papua New Guinea","5023","Processed","01610","Coffee, green","2018","2018","t","0","E","Estimated value",""
"SCL","Supply Utilization Accounts (2010-)","598","Papua New Guinea","5023","Processed","01610","Coffee, green","2019","2019","t","0","E","Estimated value",""
"SCL","Supply Utilization Accounts (2010-)","598","Papua New Guinea","5023","Processed","01610","Coffee, green","2020","2020","t","0","E","Estimated value",""
"SCL","Supply Utilization Accounts (2010-)","598","Papua New Guinea","5023","Processed","01610","Coffee, green","2021","2021","t","0","E","Estimated value",""
"SCL","Supply Utilization Accounts (2010-)","598","Papua New Guinea","5023","Processed","01610","Coffee, green","2022","2022","t","0","E","Estimated value",""
"SCL","Supply Utilization Accounts (2010-)","598","Papua New Guinea","5023","Processed","01610","Coffee, green","2023","2023","t","0","E","Estimated value",""
"SCL","Supply Utilization Accounts (2010-)","600","Paraguay","5023","Processed","01610","Coffee, green","2010","2010","t","981","E","Estimated value",""
"SCL","Supply Utilization Accounts (2010-)","600","Paraguay","5023","Processed","01610","Coffee, green","2011","2011","t","805","E","Estimated value",""
"SCL","Supply Utilization Accounts (2010-)","600","Paraguay","5023","Processed","01610","Coffee, green","2012","2012","t","780","E","Estimated value",""
"SCL","Supply Utilization Accounts (2010-)","600","Paraguay","5023","Processed","01610","Coffee, green","2013","2013","t","764","E","Estimated value",""
"SCL","Supply Utilization Accounts (2010-)","600","Paraguay","5023","Processed","01610","Coffee, green","2014","2014","t","981","E","Estimated value",""
"SCL","Supply Utilization Accounts (2010-)","600","Paraguay","5023","Processed","01610","Coffee, green","2015","2015","t","750","E","Estimated value",""
"SCL","Supply Utilization Accounts (2010-)","600","Paraguay","5023","Processed","01610","Coffee, green","2016","2016","t","1020","E","Estimated value",""
"SCL","Supply Utilization Accounts (2010-)","600","Paraguay","5023","Processed","01610","Coffee, green","2017","2017","t","1284","E","Estimated value",""
"SCL","Supply Utilization Accounts (2010-)","600","Paraguay","5023","Processed","01610","Coffee, green","2018","2018","t","1338","E","Estimated value",""
"SCL","Supply Utilization Accounts (2010-)","600","Paraguay","5023","Processed","01610","Coffee, green","2019","2019","t","1062","E","Estimated value",""
"SCL","Supply Utilization Accounts (2010-)","600","Paraguay","5023","Processed","01610","Coffee, green","2020","2020","t","1222.44","E","Estimated value",""
"SCL","Supply Utilization Accounts (2010-)","600","Paraguay","5023","Processed","01610","Coffee, green","2021","2021","t","1008.62","E","Estimated value",""
"SCL","Supply Utilization Accounts (2010-)","600","Paraguay","5023","Processed","01610","Coffee, green","2022","2022","t","948.22","E","Estimated value",""
"SCL","Supply Utilization Accounts (2010-)","600","Paraguay","5023","Processed","01610","Coffee, green","2023","2023","t","894.13","E","Estimated value",""
"SCL","Supply Utilization Accounts (2010-)","604","Peru","5023","Processed","01610","Coffee, green","2010","2010","t","1262.79","E","Estimated value",""
"SCL","Supply Utilization Accounts (2010-)","604","Peru","5023","Processed","01610","Coffee, green","2011","2011","t","1237.25","E","Estimated value",""
"SCL","Supply Utilization Accounts (2010-)","604","Peru","5023","Processed","01610","Coffee, green","2012","2012","t","2207.59","E","Estimated value",""
"SCL","Supply Utilization Accounts (2010-)","604","Peru","5023","Processed","01610","Coffee, green","2013","2013","t","607.28","E","Estimated value",""
"SCL","Supply Utilization Accounts (2010-)","604","Peru","5023","Processed","01610","Coffee, green","2014","2014","t","1457.14","E","Estimated value",""
"SCL","Supply Utilization Accounts (2010-)","604","Peru","5023","Processed","01610","Coffee, green","2015","2015","t","2767.16","E","Estimated value",""
"SCL","Supply Utilization Accounts (2010-)","604","Peru","5023","Processed","01610","Coffee, green","2016","2016","t","1286.15","E","Estimated value",""
"SCL","Supply Utilization Accounts (2010-)","604","Peru","5023","Processed","01610","Coffee, green","2017","2017","t","3190.43","E","Estimated value",""
"SCL","Supply Utilization Accounts (2010-)","604","Peru","5023","Processed","01610","Coffee, green","2018","2018","t","3832.46","E","Estimated value",""
"SCL","Supply Utilization Accounts (2010-)","604","Peru","5023","Processed","01610","Coffee, green","2019","2019","t","4827.44","E","Estimated value",""
"SCL","Supply Utilization Accounts (2010-)","604","Peru","5023","Processed","01610","Coffee, green","2020","2020","t","4736.4","E","Estimated value",""
"SCL","Supply Utilization Accounts (2010-)","604","Peru","5023","Processed","01610","Coffee, green","2021","2021","t","6224.82","E","Estimated value",""
"SCL","Supply Utilization Accounts (2010-)","604","Peru","5023","Processed","01610","Coffee, green","2022","2022","t","4290.43","E","Estimated value",""
"SCL","Supply Utilization Accounts (2010-)","604","Peru","5023","Processed","01610","Coffee, green","2023","2023","t","5867.19","E","Estimated value",""
"SCL","Supply Utilization Accounts (2010-)","608","Philippines","5023","Processed","01610","Coffee, green","2010","2010","t","2408.64","E","Estimated value",""
"SCL","Supply Utilization Accounts (2010-)","608","Philippines","5023","Processed","01610","Coffee, green","2011","2011","t","2241.79","E","Estimated value",""
"SCL","Supply Utilization Accounts (2010-)","608","Philippines","5023","Processed","01610","Coffee, green","2012","2012","t","2381.65","E","Estimated value",""
"SCL","Supply Utilization Accounts (2010-)","608","Philippines","5023","Processed","01610","Coffee, green","2013","2013","t","2075.08","E","Estimated value",""
"SCL","Supply Utilization Accounts (2010-)","608","Philippines","5023","Processed","01610","Coffee, green","2014","2014","t","1669.32","E","Estimated value",""
"SCL","Supply Utilization Accounts (2010-)","608","Philippines","5023","Processed","01610","Coffee, green","2015","2015","t","1753.26","E","Estimated value",""
"SCL","Supply Utilization Accounts (2010-)","608","Philippines","5023","Processed","01610","Coffee, green","2016","2016","t","2249.8","E","Estimated value",""
"SCL","Supply Utilization Accounts (2010-)","608","Philippines","5023","Processed","01610","Coffee, green","2017","2017","t","1703.05","E","Estimated value",""
"SCL","Supply Utilization Accounts (2010-)","608","Philippines","5023","Processed","01610","Coffee, green","2018","2018","t","2020.43","E","Estimated value",""
"SCL","Supply Utilization Accounts (2010-)","608","Philippines","5023","Processed","01610","Coffee, green","2019","2019","t","1905.86","E","Estimated value",""
"SCL","Supply Utilization Accounts (2010-)","608","Philippines","5023","Processed","01610","Coffee, green","2020","2020","t","2117.79","E","Estimated value",""
"SCL","Supply Utilization Accounts (2010-)","608","Philippines","5023","Processed","01610","Coffee, green","2021","2021","t","1972.32","E","Estimated value",""
"SCL","Supply Utilization Accounts (2010-)","608","Philippines","5023","Processed","01610","Coffee, green","2022","2022","t","1495.53","E","Estimated value",""
"SCL","Supply Utilization Accounts (2010-)","608","Philippines","5023","Processed","01610","Coffee, green","2023","2023","t","1628.31","E","Estimated value",""
"SCL","Supply Utilization Accounts (2010-)","616","Poland","5023","Processed","01610","Coffee, green","2010","2010","t","98750","E","Estimated value",""
"SCL","Supply Utilization Accounts (2010-)","616","Poland","5023","Processed","01610","Coffee, green","2011","2011","t","106097","E","Estimated value",""
"SCL","Supply Utilization Accounts (2010-)","616","Poland","5023","Processed","01610","Coffee, green","2012","2012","t","106094","E","Estimated value",""
"SCL","Supply Utilization Accounts (2010-)","616","Poland","5023","Processed","01610","Coffee, green","2013","2013","t","84423","E","Estimated value",""
"SCL","Supply Utilization Accounts (2010-)","616","Poland","5023","Processed","01610","Coffee, green","2014","2014","t","76385.83","E","Estimated value",""
"SCL","Supply Utilization Accounts (2010-)","616","Poland","5023","Processed","01610","Coffee, green","2015","2015","t","100533.68","E","Estimated value",""
"SCL","Supply Utilization Accounts (2010-)","616","Poland","5023","Processed","01610","Coffee, green","2016","2016","t","100395.9","E","Estimated value",""
"SCL","Supply Utilization Accounts (2010-)","616","Poland","5023","Processed","01610","Coffee, green","2017","2017","t","115016.7","E","Estimated value",""
"SCL","Supply Utilization Accounts (2010-)","616","Poland","5023","Processed","01610","Coffee, green","2018","2018","t","120730.76","E","Estimated value",""
"SCL","Supply Utilization Accounts (2010-)","616","Poland","5023","Processed","01610","Coffee, green","2019","2019","t","114583.33","E","Estimated value",""
"SCL","Supply Utilization Accounts (2010-)","616","Poland","5023","Processed","01610","Coffee, green","2020","2020","t","111553.03","E","Estimated value",""
"SCL","Supply Utilization Accounts (2010-)","616","Poland","5023","Processed","01610","Coffee, green","2021","2021","t","98484.85","E","Estimated value",""
"SCL","Supply Utilization Accounts (2010-)","616","Poland","5023","Processed","01610","Coffee, green","2022","2022","t","113636.36","E","Estimated value",""
"SCL","Supply Utilization Accounts (2010-)","616","Poland","5023","Processed","01610","Coffee, green","2023","2023","t","113636.36","E","Estimated value",""
"SCL","Supply Utilization Accounts (2010-)","620","Portugal","5023","Processed","01610","Coffee, green","2010","2010","t","45440","E","Estimated value",""
"SCL","Supply Utilization Accounts (2010-)","620","Portugal","5023","Processed","01610","Coffee, green","2011","2011","t","48522","E","Estimated value",""
"SCL","Supply Utilization Accounts (2010-)","620","Portugal","5023","Processed","01610","Coffee, green","2012","2012","t","50179","E","Estimated value",""
"SCL","Supply Utilization Accounts (2010-)","620","Portugal","5023","Processed","01610","Coffee, green","2013","2013","t","51596","E","Estimated value",""
"SCL","Supply Utilization Accounts (2010-)","620","Portugal","5023","Processed","01610","Coffee, green","2014","2014","t","47347.28","E","Estimated value",""
"SCL","Supply Utilization Accounts (2010-)","620","Portugal","5023","Processed","01610","Coffee, green","2015","2015","t","47964.14","E","Estimated value",""
"SCL","Supply Utilization Accounts (2010-)","620","Portugal","5023","Processed","01610","Coffee, green","2016","2016","t","52078.21","E","Estimated value",""
"SCL","Supply Utilization Accounts (2010-)","620","Portugal","5023","Processed","01610","Coffee, green","2017","2017","t","50342.42","E","Estimated value",""
"SCL","Supply Utilization Accounts (2010-)","620","Portugal","5023","Processed","01610","Coffee, green","2018","2018","t","53576.2","E","Estimated value",""
"SCL","Supply Utilization Accounts (2010-)","620","Portugal","5023","Processed","01610","Coffee, green","2019","2019","t","55557.22","E","Estimated value",""
"SCL","Supply Utilization Accounts (2010-)","620","Portugal","5023","Processed","01610","Coffee, green","2020","2020","t","43797.02","E","Estimated value",""
"SCL","Supply Utilization Accounts (2010-)","620","Portugal","5023","Processed","01610","Coffee, green","2021","2021","t","43798.47","E","Estimated value",""
"SCL","Supply Utilization Accounts (2010-)","620","Portugal","5023","Processed","01610","Coffee, green","2022","2022","t","48328","E","Estimated value",""
"SCL","Supply Utilization Accounts (2010-)","620","Portugal","5023","Processed","01610","Coffee, green","2023","2023","t","49102.42","E","Estimated value",""
"SCL","Supply Utilization Accounts (2010-)","634","Qatar","5023","Processed","01610","Coffee, green","2019","2019","t","0","E","Estimated value",""
"SCL","Supply Utilization Accounts (2010-)","634","Qatar","5023","Processed","01610","Coffee, green","2020","2020","t","0","E","Estimated value",""
"SCL","Supply Utilization Accounts (2010-)","634","Qatar","5023","Processed","01610","Coffee, green","2021","2021","t","0","E","Estimated value",""
"SCL","Supply Utilization Accounts (2010-)","634","Qatar","5023","Processed","01610","Coffee, green","2022","2022","t","0","E","Estimated value",""
"SCL","Supply Utilization Accounts (2010-)","634","Qatar","5023","Processed","01610","Coffee, green","2023","2023","t","0","E","Estimated value",""
"SCL","Supply Utilization Accounts (2010-)","410","Republic of Korea","5023","Processed","01610","Coffee, green","2010","2010","t","61249.7","E","Estimated value",""
"SCL","Supply Utilization Accounts (2010-)","410","Republic of Korea","5023","Processed","01610","Coffee, green","2011","2011","t","64508.65","E","Estimated value",""
"SCL","Supply Utilization Accounts (2010-)","410","Republic of Korea","5023","Processed","01610","Coffee, green","2012","2012","t","59937.26","E","Estimated value",""
"SCL","Supply Utilization Accounts (2010-)","410","Republic of Korea","5023","Processed","01610","Coffee, green","2013","2013","t","66428.76","E","Estimated value",""
"SCL","Supply Utilization Accounts (2010-)","410","Republic of Korea","5023","Processed","01610","Coffee, green","2014","2014","t","76615.71","E","Estimated value",""
"SCL","Supply Utilization Accounts (2010-)","410","Republic of Korea","5023","Processed","01610","Coffee, green","2015","2015","t","79574.44","E","Estimated value",""
"SCL","Supply Utilization Accounts (2010-)","410","Republic of Korea","5023","Processed","01610","Coffee, green","2016","2016","t","87950.84","E","Estimated value",""
"SCL","Supply Utilization Accounts (2010-)","410","Republic of Korea","5023","Processed","01610","Coffee, green","2017","2017","t","90328.05","E","Estimated value",""
"SCL","Supply Utilization Accounts (2010-)","410","Republic of Korea","5023","Processed","01610","Coffee, green","2018","2018","t","89135.04","E","Estimated value",""
"SCL","Supply Utilization Accounts (2010-)","410","Republic of Korea","5023","Processed","01610","Coffee, green","2019","2019","t","93371.97","E","Estimated value",""
"SCL","Supply Utilization Accounts (2010-)","410","Republic of Korea","5023","Processed","01610","Coffee, green","2020","2020","t","98037.95","E","Estimated value",""
"SCL","Supply Utilization Accounts (2010-)","410","Republic of Korea","5023","Processed","01610","Coffee, green","2021","2021","t","101280.67","E","Estimated value",""
"SCL","Supply Utilization Accounts (2010-)","410","Republic of Korea","5023","Processed","01610","Coffee, green","2022","2022","t","111510.62","E","Estimated value",""
"SCL","Supply Utilization Accounts (2010-)","410","Republic of Korea","5023","Processed","01610","Coffee, green","2023","2023","t","80284.96","E","Estimated value",""
"SCL","Supply Utilization Accounts (2010-)","642","Romania","5023","Processed","01610","Coffee, green","2010","2010","t","21500","E","Estimated value",""
"SCL","Supply Utilization Accounts (2010-)","642","Romania","5023","Processed","01610","Coffee, green","2011","2011","t","20209","E","Estimated value",""
"SCL","Supply Utilization Accounts (2010-)","642","Romania","5023","Processed","01610","Coffee, green","2012","2012","t","21319","E","Estimated value",""
"SCL","Supply Utilization Accounts (2010-)","642","Romania","5023","Processed","01610","Coffee, green","2013","2013","t","21087","E","Estimated value",""
"SCL","Supply Utilization Accounts (2010-)","642","Romania","5023","Processed","01610","Coffee, green","2014","2014","t","18509.61","E","Estimated value",""
"SCL","Supply Utilization Accounts (2010-)","642","Romania","5023","Processed","01610","Coffee, green","2015","2015","t","18049.88","E","Estimated value",""
"SCL","Supply Utilization Accounts (2010-)","642","Romania","5023","Processed","01610","Coffee, green","2016","2016","t","20261.95","E","Estimated value",""
"SCL","Supply Utilization Accounts (2010-)","642","Romania","5023","Processed","01610","Coffee, green","2017","2017","t","19291.83","E","Estimated value",""
"SCL","Supply Utilization Accounts (2010-)","642","Romania","5023","Processed","01610","Coffee, green","2018","2018","t","17158.59","E","Estimated value",""
"SCL","Supply Utilization Accounts (2010-)","642","Romania","5023","Processed","01610","Coffee, green","2019","2019","t","16387.18","E","Estimated value",""
"SCL","Supply Utilization Accounts (2010-)","642","Romania","5023","Processed","01610","Coffee, green","2020","2020","t","16919.87","E","Estimated value",""
"SCL","Supply Utilization Accounts (2010-)","642","Romania","5023","Processed","01610","Coffee, green","2021","2021","t","16427.17","E","Estimated value",""
"SCL","Supply Utilization Accounts (2010-)","642","Romania","5023","Processed","01610","Coffee, green","2022","2022","t","17918.23","E","Estimated value",""
"SCL","Supply Utilization Accounts (2010-)","642","Romania","5023","Processed","01610","Coffee, green","2023","2023","t","17035.07","E","Estimated value",""
"SCL","Supply Utilization Accounts (2010-)","646","Rwanda","5023","Processed","01610","Coffee, green","2010","2010","t","636.22","E","Estimated value",""
"SCL","Supply Utilization Accounts (2010-)","646","Rwanda","5023","Processed","01610","Coffee, green","2011","2011","t","2813.21","E","Estimated value",""
"SCL","Supply Utilization Accounts (2010-)","646","Rwanda","5023","Processed","01610","Coffee, green","2012","2012","t","476.98","E","Estimated value",""
"SCL","Supply Utilization Accounts (2010-)","646","Rwanda","5023","Processed","01610","Coffee, green","2013","2013","t","497.47","E","Estimated value",""
"SCL","Supply Utilization Accounts (2010-)","646","Rwanda","5023","Processed","01610","Coffee, green","2014","2014","t","613.85","E","Estimated value",""
"SCL","Supply Utilization Accounts (2010-)","646","Rwanda","5023","Processed","01610","Coffee, green","2015","2015","t","1689.41","E","Estimated value",""
"SCL","Supply Utilization Accounts (2010-)","646","Rwanda","5023","Processed","01610","Coffee, green","2016","2016","t","2667.49","E","Estimated value",""
"SCL","Supply Utilization Accounts (2010-)","646","Rwanda","5023","Processed","01610","Coffee, green","2017","2017","t","4801.81","E","Estimated value",""
"SCL","Supply Utilization Accounts (2010-)","646","Rwanda","5023","Processed","01610","Coffee, green","2018","2018","t","6207.47","E","Estimated value",""
"SCL","Supply Utilization Accounts (2010-)","646","Rwanda","5023","Processed","01610","Coffee, green","2019","2019","t","2545.87","E","Estimated value",""
"SCL","Supply Utilization Accounts (2010-)","646","Rwanda","5023","Processed","01610","Coffee, green","2020","2020","t","243.81","E","Estimated value",""
"SCL","Supply Utilization Accounts (2010-)","646","Rwanda","5023","Processed","01610","Coffee, green","2021","2021","t","763.89","E","Estimated value",""
"SCL","Supply Utilization Accounts (2010-)","646","Rwanda","5023","Processed","01610","Coffee, green","2022","2022","t","1143.23","E","Estimated value",""
"SCL","Supply Utilization Accounts (2010-)","646","Rwanda","5023","Processed","01610","Coffee, green","2023","2023","t","3946.66","E","Estimated value",""
"SCL","Supply Utilization Accounts (2010-)","670","Saint Vincent and the Grenadines","5023","Processed","01610","Coffee, green","2010","2010","t","192.44","E","Estimated value",""
"SCL","Supply Utilization Accounts (2010-)","670","Saint Vincent and the Grenadines","5023","Processed","01610","Coffee, green","2011","2011","t","179.47","E","Estimated value",""
"SCL","Supply Utilization Accounts (2010-)","670","Saint Vincent and the Grenadines","5023","Processed","01610","Coffee, green","2012","2012","t","161.5","E","Estimated value",""
"SCL","Supply Utilization Accounts (2010-)","670","Saint Vincent and the Grenadines","5023","Processed","01610","Coffee, green","2013","2013","t","166.25","E","Estimated value",""
"SCL","Supply Utilization Accounts (2010-)","670","Saint Vincent and the Grenadines","5023","Processed","01610","Coffee, green","2014","2014","t","170.39","E","Estimated value",""
"SCL","Supply Utilization Accounts (2010-)","670","Saint Vincent and the Grenadines","5023","Processed","01610","Coffee, green","2015","2015","t","174.89","E","Estimated value",""
"SCL","Supply Utilization Accounts (2010-)","670","Saint Vincent and the Grenadines","5023","Processed","01610","Coffee, green","2016","2016","t","175.23","E","Estimated value",""
"SCL","Supply Utilization Accounts (2010-)","670","Saint Vincent and the Grenadines","5023","Processed","01610","Coffee, green","2017","2017","t","173.67","E","Estimated value",""
"SCL","Supply Utilization Accounts (2010-)","670","Saint Vincent and the Grenadines","5023","Processed","01610","Coffee, green","2018","2018","t","176.04","E","Estimated value",""
"SCL","Supply Utilization Accounts (2010-)","670","Saint Vincent and the Grenadines","5023","Processed","01610","Coffee, green","2019","2019","t","178.15","E","Estimated value",""
"SCL","Supply Utilization Accounts (2010-)","670","Saint Vincent and the Grenadines","5023","Processed","01610","Coffee, green","2020","2020","t","174.13","E","Estimated value",""
"SCL","Supply Utilization Accounts (2010-)","670","Saint Vincent and the Grenadines","5023","Processed","01610","Coffee, green","2021","2021","t","175.14","E","Estimated value",""
"SCL","Supply Utilization Accounts (2010-)","670","Saint Vincent and the Grenadines","5023","Processed","01610","Coffee, green","2022","2022","t","176.32","E","Estimated value",""
"SCL","Supply Utilization Accounts (2010-)","670","Saint Vincent and the Grenadines","5023","Processed","01610","Coffee, green","2023","2023","t","166.7","E","Estimated value",""
"SCL","Supply Utilization Accounts (2010-)","682","Saudi Arabia","5023","Processed","01610","Coffee, green","2010","2010","t","36371","I","Value imputed by a receiving agency",""
"SCL","Supply Utilization Accounts (2010-)","682","Saudi Arabia","5023","Processed","01610","Coffee, green","2011","2011","t","34371","I","Value imputed by a receiving agency",""
"SCL","Supply Utilization Accounts (2010-)","682","Saudi Arabia","5023","Processed","01610","Coffee, green","2012","2012","t","41079","I","Value imputed by a receiving agency",""
"SCL","Supply Utilization Accounts (2010-)","682","Saudi Arabia","5023","Processed","01610","Coffee, green","2013","2013","t","36727","I","Value imputed by a receiving agency",""
"SCL","Supply Utilization Accounts (2010-)","682","Saudi Arabia","5023","Processed","01610","Coffee, green","2014","2014","t","40614","E","Estimated value",""
"SCL","Supply Utilization Accounts (2010-)","682","Saudi Arabia","5023","Processed","01610","Coffee, green","2015","2015","t","48850","E","Estimated value",""
"SCL","Supply Utilization Accounts (2010-)","682","Saudi Arabia","5023","Processed","01610","Coffee, green","2016","2016","t","43395.3","E","Estimated value",""
"SCL","Supply Utilization Accounts (2010-)","682","Saudi Arabia","5023","Processed","01610","Coffee, green","2017","2017","t","51503.25","E","Estimated value",""
"SCL","Supply Utilization Accounts (2010-)","682","Saudi Arabia","5023","Processed","01610","Coffee, green","2018","2018","t","53770.11","E","Estimated value",""
"SCL","Supply Utilization Accounts (2010-)","682","Saudi Arabia","5023","Processed","01610","Coffee, green","2019","2019","t","48661.77","E","Estimated value",""
"SCL","Supply Utilization Accounts (2010-)","682","Saudi Arabia","5023","Processed","01610","Coffee, green","2020","2020","t","52777.77","E","Estimated value",""
"SCL","Supply Utilization Accounts (2010-)","682","Saudi Arabia","5023","Processed","01610","Coffee, green","2021","2021","t","63622.18","E","Estimated value",""
"SCL","Supply Utilization Accounts (2010-)","682","Saudi Arabia","5023","Processed","01610","Coffee, green","2022","2022","t","60432.06","E","Estimated value",""
"SCL","Supply Utilization Accounts (2010-)","682","Saudi Arabia","5023","Processed","01610","Coffee, green","2023","2023","t","60692.3","E","Estimated value",""
"SCL","Supply Utilization Accounts (2010-)","703","Slovakia","5023","Processed","01610","Coffee, green","2010","2010","t","3583","E","Estimated value",""
"SCL","Supply Utilization Accounts (2010-)","703","Slovakia","5023","Processed","01610","Coffee, green","2011","2011","t","3710","E","Estimated value",""
"SCL","Supply Utilization Accounts (2010-)","703","Slovakia","5023","Processed","01610","Coffee, green","2012","2012","t","4183","E","Estimated value",""
"SCL","Supply Utilization Accounts (2010-)","703","Slovakia","5023","Processed","01610","Coffee, green","2013","2013","t","4465","E","Estimated value",""
"SCL","Supply Utilization Accounts (2010-)","703","Slovakia","5023","Processed","01610","Coffee, green","2014","2014","t","2488.13","E","Estimated value",""
"SCL","Supply Utilization Accounts (2010-)","703","Slovakia","5023","Processed","01610","Coffee, green","2015","2015","t","4083.34","E","Estimated value",""
"SCL","Supply Utilization Accounts (2010-)","703","Slovakia","5023","Processed","01610","Coffee, green","2016","2016","t","3344.8","E","Estimated value",""
"SCL","Supply Utilization Accounts (2010-)","703","Slovakia","5023","Processed","01610","Coffee, green","2017","2017","t","4240.63","E","Estimated value",""
"SCL","Supply Utilization Accounts (2010-)","703","Slovakia","5023","Processed","01610","Coffee, green","2018","2018","t","4772.95","E","Estimated value",""
"SCL","Supply Utilization Accounts (2010-)","703","Slovakia","5023","Processed","01610","Coffee, green","2019","2019","t","3663.92","E","Estimated value",""
"SCL","Supply Utilization Accounts (2010-)","703","Slovakia","5023","Processed","01610","Coffee, green","2020","2020","t","1294.29","E","Estimated value",""
"SCL","Supply Utilization Accounts (2010-)","703","Slovakia","5023","Processed","01610","Coffee, green","2021","2021","t","4087.18","E","Estimated value",""
"SCL","Supply Utilization Accounts (2010-)","703","Slovakia","5023","Processed","01610","Coffee, green","2022","2022","t","2660.36","E","Estimated value",""
"SCL","Supply Utilization Accounts (2010-)","703","Slovakia","5023","Processed","01610","Coffee, green","2023","2023","t","3470.5","E","Estimated value",""
"SCL","Supply Utilization Accounts (2010-)","705","Slovenia","5023","Processed","01610","Coffee, green","2010","2010","t","7936","I","Value imputed by a receiving agency",""
"SCL","Supply Utilization Accounts (2010-)","705","Slovenia","5023","Processed","01610","Coffee, green","2011","2011","t","8209","I","Value imputed by a receiving agency",""
"SCL","Supply Utilization Accounts (2010-)","705","Slovenia","5023","Processed","01610","Coffee, green","2012","2012","t","8648","I","Value imputed by a receiving agency",""
"SCL","Supply Utilization Accounts (2010-)","705","Slovenia","5023","Processed","01610","Coffee, green","2013","2013","t","8844","I","Value imputed by a receiving agency",""
"SCL","Supply Utilization Accounts (2010-)","705","Slovenia","5023","Processed","01610","Coffee, green","2014","2014","t","9035.67","E","Estimated value",""
"SCL","Supply Utilization Accounts (2010-)","705","Slovenia","5023","Processed","01610","Coffee, green","2015","2015","t","9252.98","E","Estimated value",""
"SCL","Supply Utilization Accounts (2010-)","705","Slovenia","5023","Processed","01610","Coffee, green","2016","2016","t","8862.45","E","Estimated value",""
"SCL","Supply Utilization Accounts (2010-)","705","Slovenia","5023","Processed","01610","Coffee, green","2017","2017","t","8429.32","E","Estimated value",""
"SCL","Supply Utilization Accounts (2010-)","705","Slovenia","5023","Processed","01610","Coffee, green","2018","2018","t","9253.46","E","Estimated value",""
"SCL","Supply Utilization Accounts (2010-)","705","Slovenia","5023","Processed","01610","Coffee, green","2019","2019","t","8890.92","E","Estimated value",""
"SCL","Supply Utilization Accounts (2010-)","705","Slovenia","5023","Processed","01610","Coffee, green","2020","2020","t","8997.05","E","Estimated value",""
"SCL","Supply Utilization Accounts (2010-)","705","Slovenia","5023","Processed","01610","Coffee, green","2021","2021","t","9110.49","E","Estimated value",""
"SCL","Supply Utilization Accounts (2010-)","705","Slovenia","5023","Processed","01610","Coffee, green","2022","2022","t","10100.13","E","Estimated value",""
"SCL","Supply Utilization Accounts (2010-)","705","Slovenia","5023","Processed","01610","Coffee, green","2023","2023","t","10056.43","E","Estimated value",""
"SCL","Supply Utilization Accounts (2010-)","710","South Africa","5023","Processed","01610","Coffee, green","2010","2010","t","10357.28","E","Estimated value",""
"SCL","Supply Utilization Accounts (2010-)","710","South Africa","5023","Processed","01610","Coffee, green","2011","2011","t","9567.56","E","Estimated value",""
"SCL","Supply Utilization Accounts (2010-)","710","South Africa","5023","Processed","01610","Coffee, green","2012","2012","t","8509.37","E","Estimated value",""
"SCL","Supply Utilization Accounts (2010-)","710","South Africa","5023","Processed","01610","Coffee, green","2013","2013","t","7491.02","E","Estimated value",""
"SCL","Supply Utilization Accounts (2010-)","710","South Africa","5023","Processed","01610","Coffee, green","2014","2014","t","8458.36","E","Estimated value",""
"SCL","Supply Utilization Accounts (2010-)","710","South Africa","5023","Processed","01610","Coffee, green","2015","2015","t","8376.06","E","Estimated value",""
"SCL","Supply Utilization Accounts (2010-)","710","South Africa","5023","Processed","01610","Coffee, green","2016","2016","t","8830.06","E","Estimated value",""
"SCL","Supply Utilization Accounts (2010-)","710","South Africa","5023","Processed","01610","Coffee, green","2017","2017","t","9076.5","E","Estimated value",""
"SCL","Supply Utilization Accounts (2010-)","710","South Africa","5023","Processed","01610","Coffee, green","2018","2018","t","8567.97","E","Estimated value",""
"SCL","Supply Utilization Accounts (2010-)","710","South Africa","5023","Processed","01610","Coffee, green","2019","2019","t","9385.05","E","Estimated value",""
"SCL","Supply Utilization Accounts (2010-)","710","South Africa","5023","Processed","01610","Coffee, green","2020","2020","t","10471.2","E","Estimated value",""
"SCL","Supply Utilization Accounts (2010-)","710","South Africa","5023","Processed","01610","Coffee, green","2021","2021","t","9357.7","E","Estimated value",""
"SCL","Supply Utilization Accounts (2010-)","710","South Africa","5023","Processed","01610","Coffee, green","2022","2022","t","7750.75","E","Estimated value",""
"SCL","Supply Utilization Accounts (2010-)","710","South Africa","5023","Processed","01610","Coffee, green","2023","2023","t","8565.25","E","Estimated value",""
"SCL","Supply Utilization Accounts (2010-)","724","Spain","5023","Processed","01610","Coffee, green","2010","2010","t","212189.4","I","Value imputed by a receiving agency",""
"SCL","Supply Utilization Accounts (2010-)","724","Spain","5023","Processed","01610","Coffee, green","2011","2011","t","208961.1","I","Value imputed by a receiving agency",""
"SCL","Supply Utilization Accounts (2010-)","724","Spain","5023","Processed","01610","Coffee, green","2012","2012","t","220261.1","I","Value imputed by a receiving agency",""
"SCL","Supply Utilization Accounts (2010-)","724","Spain","5023","Processed","01610","Coffee, green","2013","2013","t","214509.3","I","Value imputed by a receiving agency",""
"SCL","Supply Utilization Accounts (2010-)","724","Spain","5023","Processed","01610","Coffee, green","2014","2014","t","216415","E","Estimated value",""
"SCL","Supply Utilization Accounts (2010-)","724","Spain","5023","Processed","01610","Coffee, green","2015","2015","t","225251","E","Estimated value",""
"SCL","Supply Utilization Accounts (2010-)","724","Spain","5023","Processed","01610","Coffee, green","2016","2016","t","227717","E","Estimated value",""
"SCL","Supply Utilization Accounts (2010-)","724","Spain","5023","Processed","01610","Coffee, green","2017","2017","t","215251","E","Estimated value",""
"SCL","Supply Utilization Accounts (2010-)","724","Spain","5023","Processed","01610","Coffee, green","2018","2018","t","235702","E","Estimated value",""
"SCL","Supply Utilization Accounts (2010-)","724","Spain","5023","Processed","01610","Coffee, green","2019","2019","t","246089","E","Estimated value",""
"SCL","Supply Utilization Accounts (2010-)","724","Spain","5023","Processed","01610","Coffee, green","2020","2020","t","241793","E","Estimated value",""
"SCL","Supply Utilization Accounts (2010-)","724","Spain","5023","Processed","01610","Coffee, green","2021","2021","t","229019.69","E","Estimated value",""
"SCL","Supply Utilization Accounts (2010-)","724","Spain","5023","Processed","01610","Coffee, green","2022","2022","t","253291.15","E","Estimated value",""
"SCL","Supply Utilization Accounts (2010-)","724","Spain","5023","Processed","01610","Coffee, green","2023","2023","t","233282.72","E","Estimated value",""
"SCL","Supply Utilization Accounts (2010-)","144","Sri Lanka","5023","Processed","01610","Coffee, green","2010","2010","t","258.99","E","Estimated value",""
"SCL","Supply Utilization Accounts (2010-)","144","Sri Lanka","5023","Processed","01610","Coffee, green","2011","2011","t","270.48","E","Estimated value",""
"SCL","Supply Utilization Accounts (2010-)","144","Sri Lanka","5023","Processed","01610","Coffee, green","2012","2012","t","283.54","E","Estimated value",""
"SCL","Supply Utilization Accounts (2010-)","144","Sri Lanka","5023","Processed","01610","Coffee, green","2013","2013","t","283.34","E","Estimated value",""
"SCL","Supply Utilization Accounts (2010-)","144","Sri Lanka","5023","Processed","01610","Coffee, green","2014","2014","t","307.77","E","Estimated value",""
"SCL","Supply Utilization Accounts (2010-)","144","Sri Lanka","5023","Processed","01610","Coffee, green","2015","2015","t","298.16","E","Estimated value",""
"SCL","Supply Utilization Accounts (2010-)","144","Sri Lanka","5023","Processed","01610","Coffee, green","2016","2016","t","285.78","E","Estimated value",""
"SCL","Supply Utilization Accounts (2010-)","144","Sri Lanka","5023","Processed","01610","Coffee, green","2017","2017","t","276.38","E","Estimated value",""
"SCL","Supply Utilization Accounts (2010-)","144","Sri Lanka","5023","Processed","01610","Coffee, green","2018","2018","t","321.24","E","Estimated value",""
"SCL","Supply Utilization Accounts (2010-)","144","Sri Lanka","5023","Processed","01610","Coffee, green","2019","2019","t","238.47","E","Estimated value",""
"SCL","Supply Utilization Accounts (2010-)","144","Sri Lanka","5023","Processed","01610","Coffee, green","2020","2020","t","344.87","E","Estimated value",""
"SCL","Supply Utilization Accounts (2010-)","144","Sri Lanka","5023","Processed","01610","Coffee, green","2021","2021","t","269.4","E","Estimated value",""
"SCL","Supply Utilization Accounts (2010-)","144","Sri Lanka","5023","Processed","01610","Coffee, green","2022","2022","t","245.11","E","Estimated value",""
"SCL","Supply Utilization Accounts (2010-)","144","Sri Lanka","5023","Processed","01610","Coffee, green","2023","2023","t","241.35","E","Estimated value",""
"SCL","Supply Utilization Accounts (2010-)","752","Sweden","5023","Processed","01610","Coffee, green","2010","2010","t","116561","I","Value imputed by a receiving agency",""
"SCL","Supply Utilization Accounts (2010-)","752","Sweden","5023","Processed","01610","Coffee, green","2011","2011","t","101991","I","Value imputed by a receiving agency",""
"SCL","Supply Utilization Accounts (2010-)","752","Sweden","5023","Processed","01610","Coffee, green","2012","2012","t","101617","I","Value imputed by a receiving agency",""
"SCL","Supply Utilization Accounts (2010-)","752","Sweden","5023","Processed","01610","Coffee, green","2013","2013","t","102677","I","Value imputed by a receiving agency",""
"SCL","Supply Utilization Accounts (2010-)","752","Sweden","5023","Processed","01610","Coffee, green","2014","2014","t","100530.54","E","Estimated value",""
"SCL","Supply Utilization Accounts (2010-)","752","Sweden","5023","Processed","01610","Coffee, green","2015","2015","t","97999.71","E","Estimated value",""
"SCL","Supply Utilization Accounts (2010-)","752","Sweden","5023","Processed","01610","Coffee, green","2016","2016","t","109333.82","E","Estimated value",""
"SCL","Supply Utilization Accounts (2010-)","752","Sweden","5023","Processed","01610","Coffee, green","2017","2017","t","106965.07","E","Estimated value",""
"SCL","Supply Utilization Accounts (2010-)","752","Sweden","5023","Processed","01610","Coffee, green","2018","2018","t","104828.27","E","Estimated value",""
"SCL","Supply Utilization Accounts (2010-)","752","Sweden","5023","Processed","01610","Coffee, green","2019","2019","t","108767.69","E","Estimated value",""
"SCL","Supply Utilization Accounts (2010-)","752","Sweden","5023","Processed","01610","Coffee, green","2020","2020","t","108443.73","E","Estimated value",""
"SCL","Supply Utilization Accounts (2010-)","752","Sweden","5023","Processed","01610","Coffee, green","2021","2021","t","95797.58","E","Estimated value",""
"SCL","Supply Utilization Accounts (2010-)","752","Sweden","5023","Processed","01610","Coffee, green","2022","2022","t","103362.21","E","Estimated value",""
"SCL","Supply Utilization Accounts (2010-)","752","Sweden","5023","Processed","01610","Coffee, green","2023","2023","t","88345","E","Estimated value",""
"SCL","Supply Utilization Accounts (2010-)","756","Switzerland","5023","Processed","01610","Coffee, green","2010","2010","t","119802","I","Value imputed by a receiving agency",""
"SCL","Supply Utilization Accounts (2010-)","756","Switzerland","5023","Processed","01610","Coffee, green","2011","2011","t","129690","I","Value imputed by a receiving agency",""
"SCL","Supply Utilization Accounts (2010-)","756","Switzerland","5023","Processed","01610","Coffee, green","2012","2012","t","128957","I","Value imputed by a receiving agency",""
"SCL","Supply Utilization Accounts (2010-)","756","Switzerland","5023","Processed","01610","Coffee, green","2013","2013","t","141418","I","Value imputed by a receiving agency",""
"SCL","Supply Utilization Accounts (2010-)","756","Switzerland","5023","Processed","01610","Coffee, green","2014","2014","t","140468.28","E","Estimated value",""
"SCL","Supply Utilization Accounts (2010-)","756","Switzerland","5023","Processed","01610","Coffee, green","2015","2015","t","146577.27","E","Estimated value",""
"SCL","Supply Utilization Accounts (2010-)","756","Switzerland","5023","Processed","01610","Coffee, green","2016","2016","t","149914.21","E","Estimated value",""
"SCL","Supply Utilization Accounts (2010-)","756","Switzerland","5023","Processed","01610","Coffee, green","2017","2017","t","154337.47","E","Estimated value",""
"SCL","Supply Utilization Accounts (2010-)","756","Switzerland","5023","Processed","01610","Coffee, green","2018","2018","t","165870.15","E","Estimated value",""
"SCL","Supply Utilization Accounts (2010-)","756","Switzerland","5023","Processed","01610","Coffee, green","2019","2019","t","173831.19","E","Estimated value",""
"SCL","Supply Utilization Accounts (2010-)","756","Switzerland","5023","Processed","01610","Coffee, green","2020","2020","t","189787.9","E","Estimated value",""
"SCL","Supply Utilization Accounts (2010-)","756","Switzerland","5023","Processed","01610","Coffee, green","2021","2021","t","202643.88","E","Estimated value",""
"SCL","Supply Utilization Accounts (2010-)","756","Switzerland","5023","Processed","01610","Coffee, green","2022","2022","t","208717.09","E","Estimated value",""
"SCL","Supply Utilization Accounts (2010-)","756","Switzerland","5023","Processed","01610","Coffee, green","2023","2023","t","189084.19","E","Estimated value",""
"SCL","Supply Utilization Accounts (2010-)","760","Syrian Arab Republic","5023","Processed","01610","Coffee, green","2010","2010","t","22197","E","Estimated value",""
"SCL","Supply Utilization Accounts (2010-)","760","Syrian Arab Republic","5023","Processed","01610","Coffee, green","2011","2011","t","27313","E","Estimated value",""
"SCL","Supply Utilization Accounts (2010-)","760","Syrian Arab Republic","5023","Processed","01610","Coffee, green","2012","2012","t","19833","E","Estimated value",""
"SCL","Supply Utilization Accounts (2010-)","760","Syrian Arab Republic","5023","Processed","01610","Coffee, green","2013","2013","t","21763","E","Estimated value",""
"SCL","Supply Utilization Accounts (2010-)","760","Syrian Arab Republic","5023","Processed","01610","Coffee, green","2014","2014","t","24737.03","E","Estimated value",""
"SCL","Supply Utilization Accounts (2010-)","760","Syrian Arab Republic","5023","Processed","01610","Coffee, green","2015","2015","t","22333.74","E","Estimated value",""
"SCL","Supply Utilization Accounts (2010-)","760","Syrian Arab Republic","5023","Processed","01610","Coffee, green","2016","2016","t","21273.66","E","Estimated value",""
"SCL","Supply Utilization Accounts (2010-)","760","Syrian Arab Republic","5023","Processed","01610","Coffee, green","2017","2017","t","24033.37","E","Estimated value",""
"SCL","Supply Utilization Accounts (2010-)","760","Syrian Arab Republic","5023","Processed","01610","Coffee, green","2018","2018","t","21807.96","E","Estimated value",""
"SCL","Supply Utilization Accounts (2010-)","760","Syrian Arab Republic","5023","Processed","01610","Coffee, green","2019","2019","t","29332.71","E","Estimated value",""
"SCL","Supply Utilization Accounts (2010-)","760","Syrian Arab Republic","5023","Processed","01610","Coffee, green","2020","2020","t","30624.97","E","Estimated value",""
"SCL","Supply Utilization Accounts (2010-)","760","Syrian Arab Republic","5023","Processed","01610","Coffee, green","2021","2021","t","21671.3","E","Estimated value",""
"SCL","Supply Utilization Accounts (2010-)","760","Syrian Arab Republic","5023","Processed","01610","Coffee, green","2022","2022","t","16034.03","E","Estimated value",""
"SCL","Supply Utilization Accounts (2010-)","760","Syrian Arab Republic","5023","Processed","01610","Coffee, green","2023","2023","t","14071.61","E","Estimated value",""
"SCL","Supply Utilization Accounts (2010-)","764","Thailand","5023","Processed","01610","Coffee, green","2010","2010","t","48795.51","E","Estimated value",""
"SCL","Supply Utilization Accounts (2010-)","764","Thailand","5023","Processed","01610","Coffee, green","2011","2011","t","58992.48","E","Estimated value",""
"SCL","Supply Utilization Accounts (2010-)","764","Thailand","5023","Processed","01610","Coffee, green","2012","2012","t","52884.39","E","Estimated value",""
"SCL","Supply Utilization Accounts (2010-)","764","Thailand","5023","Processed","01610","Coffee, green","2013","2013","t","55465.93","E","Estimated value",""
"SCL","Supply Utilization Accounts (2010-)","764","Thailand","5023","Processed","01610","Coffee, green","2014","2014","t","65049.3","E","Estimated value",""
"SCL","Supply Utilization Accounts (2010-)","764","Thailand","5023","Processed","01610","Coffee, green","2015","2015","t","64194.86","E","Estimated value",""
"SCL","Supply Utilization Accounts (2010-)","764","Thailand","5023","Processed","01610","Coffee, green","2016","2016","t","59210.71","E","Estimated value",""
"SCL","Supply Utilization Accounts (2010-)","764","Thailand","5023","Processed","01610","Coffee, green","2017","2017","t","62849.56","E","Estimated value",""
"SCL","Supply Utilization Accounts (2010-)","764","Thailand","5023","Processed","01610","Coffee, green","2018","2018","t","66563.46","E","Estimated value",""
"SCL","Supply Utilization Accounts (2010-)","764","Thailand","5023","Processed","01610","Coffee, green","2019","2019","t","48979.37","E","Estimated value",""
"SCL","Supply Utilization Accounts (2010-)","764","Thailand","5023","Processed","01610","Coffee, green","2020","2020","t","63504.51","E","Estimated value",""
"SCL","Supply Utilization Accounts (2010-)","764","Thailand","5023","Processed","01610","Coffee, green","2021","2021","t","62061.69","E","Estimated value",""
"SCL","Supply Utilization Accounts (2010-)","764","Thailand","5023","Processed","01610","Coffee, green","2022","2022","t","62287.85","E","Estimated value",""
"SCL","Supply Utilization Accounts (2010-)","764","Thailand","5023","Processed","01610","Coffee, green","2023","2023","t","60887.2","E","Estimated value",""
"SCL","Supply Utilization Accounts (2010-)","626","Timor-Leste","5023","Processed","01610","Coffee, green","2021","2021","t","4852.28","E","Estimated value",""
"SCL","Supply Utilization Accounts (2010-)","626","Timor-Leste","5023","Processed","01610","Coffee, green","2022","2022","t","2772.73","E","Estimated value",""
"SCL","Supply Utilization Accounts (2010-)","626","Timor-Leste","5023","Processed","01610","Coffee, green","2023","2023","t","1868.58","E","Estimated value",""
"SCL","Supply Utilization Accounts (2010-)","776","Tonga","5023","Processed","01610","Coffee, green","2019","2019","t","0","E","Estimated value",""
"SCL","Supply Utilization Accounts (2010-)","776","Tonga","5023","Processed","01610","Coffee, green","2020","2020","t","0","E","Estimated value",""
"SCL","Supply Utilization Accounts (2010-)","776","Tonga","5023","Processed","01610","Coffee, green","2021","2021","t","0","E","Estimated value",""
"SCL","Supply Utilization Accounts (2010-)","776","Tonga","5023","Processed","01610","Coffee, green","2022","2022","t","0","E","Estimated value",""
"SCL","Supply Utilization Accounts (2010-)","776","Tonga","5023","Processed","01610","Coffee, green","2023","2023","t","0","E","Estimated value",""
"SCL","Supply Utilization Accounts (2010-)","780","Trinidad and Tobago","5023","Processed","01610","Coffee, green","2010","2010","t","92.84","E","Estimated value",""
"SCL","Supply Utilization Accounts (2010-)","780","Trinidad and Tobago","5023","Processed","01610","Coffee, green","2011","2011","t","99.47","E","Estimated value",""
"SCL","Supply Utilization Accounts (2010-)","780","Trinidad and Tobago","5023","Processed","01610","Coffee, green","2012","2012","t","95.18","E","Estimated value",""
"SCL","Supply Utilization Accounts (2010-)","780","Trinidad and Tobago","5023","Processed","01610","Coffee, green","2013","2013","t","137.42","E","Estimated value",""
"SCL","Supply Utilization Accounts (2010-)","780","Trinidad and Tobago","5023","Processed","01610","Coffee, green","2014","2014","t","105.76","E","Estimated value",""
"SCL","Supply Utilization Accounts (2010-)","780","Trinidad and Tobago","5023","Processed","01610","Coffee, green","2015","2015","t","107.05","E","Estimated value",""
"SCL","Supply Utilization Accounts (2010-)","780","Trinidad and Tobago","5023","Processed","01610","Coffee, green","2016","2016","t","95.5","E","Estimated value",""
"SCL","Supply Utilization Accounts (2010-)","780","Trinidad and Tobago","5023","Processed","01610","Coffee, green","2017","2017","t","100.02","E","Estimated value",""
"SCL","Supply Utilization Accounts (2010-)","780","Trinidad and Tobago","5023","Processed","01610","Coffee, green","2018","2018","t","121.94","E","Estimated value",""
"SCL","Supply Utilization Accounts (2010-)","780","Trinidad and Tobago","5023","Processed","01610","Coffee, green","2019","2019","t","369.8","E","Estimated value",""
"SCL","Supply Utilization Accounts (2010-)","780","Trinidad and Tobago","5023","Processed","01610","Coffee, green","2020","2020","t","321.69","E","Estimated value",""
"SCL","Supply Utilization Accounts (2010-)","780","Trinidad and Tobago","5023","Processed","01610","Coffee, green","2021","2021","t","315.98","E","Estimated value",""
"SCL","Supply Utilization Accounts (2010-)","780","Trinidad and Tobago","5023","Processed","01610","Coffee, green","2022","2022","t","359.69","E","Estimated value",""
"SCL","Supply Utilization Accounts (2010-)","780","Trinidad and Tobago","5023","Processed","01610","Coffee, green","2023","2023","t","358.57","E","Estimated value",""
"SCL","Supply Utilization Accounts (2010-)","798","Tuvalu","5023","Processed","01610","Coffee, green","2019","2019","t","0","E","Estimated value",""
"SCL","Supply Utilization Accounts (2010-)","798","Tuvalu","5023","Processed","01610","Coffee, green","2020","2020","t","0","E","Estimated value",""
"SCL","Supply Utilization Accounts (2010-)","798","Tuvalu","5023","Processed","01610","Coffee, green","2021","2021","t","0","E","Estimated value",""
"SCL","Supply Utilization Accounts (2010-)","798","Tuvalu","5023","Processed","01610","Coffee, green","2022","2022","t","0","E","Estimated value",""
"SCL","Supply Utilization Accounts (2010-)","798","Tuvalu","5023","Processed","01610","Coffee, green","2023","2023","t","0","E","Estimated value",""
"SCL","Supply Utilization Accounts (2010-)","800","Uganda","5023","Processed","01610","Coffee, green","2010","2010","t","0","E","Estimated value",""
"SCL","Supply Utilization Accounts (2010-)","800","Uganda","5023","Processed","01610","Coffee, green","2011","2011","t","0","E","Estimated value",""
"SCL","Supply Utilization Accounts (2010-)","800","Uganda","5023","Processed","01610","Coffee, green","2012","2012","t","0","E","Estimated value",""
"SCL","Supply Utilization Accounts (2010-)","800","Uganda","5023","Processed","01610","Coffee, green","2013","2013","t","0","E","Estimated value",""
"SCL","Supply Utilization Accounts (2010-)","800","Uganda","5023","Processed","01610","Coffee, green","2014","2014","t","0","E","Estimated value",""
"SCL","Supply Utilization Accounts (2010-)","800","Uganda","5023","Processed","01610","Coffee, green","2015","2015","t","0","E","Estimated value",""
"SCL","Supply Utilization Accounts (2010-)","800","Uganda","5023","Processed","01610","Coffee, green","2016","2016","t","0","E","Estimated value",""
"SCL","Supply Utilization Accounts (2010-)","800","Uganda","5023","Processed","01610","Coffee, green","2017","2017","t","0","E","Estimated value",""
"SCL","Supply Utilization Accounts (2010-)","800","Uganda","5023","Processed","01610","Coffee, green","2018","2018","t","0","E","Estimated value",""
"SCL","Supply Utilization Accounts (2010-)","800","Uganda","5023","Processed","01610","Coffee, green","2019","2019","t","0","E","Estimated value",""
"SCL","Supply Utilization Accounts (2010-)","800","Uganda","5023","Processed","01610","Coffee, green","2020","2020","t","0","E","Estimated value",""
"SCL","Supply Utilization Accounts (2010-)","800","Uganda","5023","Processed","01610","Coffee, green","2021","2021","t","0","E","Estimated value",""
"SCL","Supply Utilization Accounts (2010-)","800","Uganda","5023","Processed","01610","Coffee, green","2022","2022","t","0","E","Estimated value",""
"SCL","Supply Utilization Accounts (2010-)","800","Uganda","5023","Processed","01610","Coffee, green","2023","2023","t","0","E","Estimated value",""
"SCL","Supply Utilization Accounts (2010-)","804","Ukraine","5023","Processed","01610","Coffee, green","2010","2010","t","61.24","E","Estimated value",""
"SCL","Supply Utilization Accounts (2010-)","804","Ukraine","5023","Processed","01610","Coffee, green","2011","2011","t","84.78","E","Estimated value",""
"SCL","Supply Utilization Accounts (2010-)","804","Ukraine","5023","Processed","01610","Coffee, green","2012","2012","t","102.22","E","Estimated value",""
"SCL","Supply Utilization Accounts (2010-)","804","Ukraine","5023","Processed","01610","Coffee, green","2013","2013","t","107.85","E","Estimated value",""
"SCL","Supply Utilization Accounts (2010-)","804","Ukraine","5023","Processed","01610","Coffee, green","2014","2014","t","116.05","E","Estimated value",""
"SCL","Supply Utilization Accounts (2010-)","804","Ukraine","5023","Processed","01610","Coffee, green","2015","2015","t","145.2","E","Estimated value",""
"SCL","Supply Utilization Accounts (2010-)","804","Ukraine","5023","Processed","01610","Coffee, green","2016","2016","t","219.89","E","Estimated value",""
"SCL","Supply Utilization Accounts (2010-)","804","Ukraine","5023","Processed","01610","Coffee, green","2017","2017","t","233.54","E","Estimated value",""
"SCL","Supply Utilization Accounts (2010-)","804","Ukraine","5023","Processed","01610","Coffee, green","2018","2018","t","327.91","E","Estimated value",""
"SCL","Supply Utilization Accounts (2010-)","804","Ukraine","5023","Processed","01610","Coffee, green","2019","2019","t","280.43","E","Estimated value",""
"SCL","Supply Utilization Accounts (2010-)","804","Ukraine","5023","Processed","01610","Coffee, green","2020","2020","t","332.17","E","Estimated value",""
"SCL","Supply Utilization Accounts (2010-)","804","Ukraine","5023","Processed","01610","Coffee, green","2021","2021","t","366.24","E","Estimated value",""
"SCL","Supply Utilization Accounts (2010-)","804","Ukraine","5023","Processed","01610","Coffee, green","2022","2022","t","296.51","E","Estimated value",""
"SCL","Supply Utilization Accounts (2010-)","804","Ukraine","5023","Processed","01610","Coffee, green","2023","2023","t","327.71","E","Estimated value",""
"SCL","Supply Utilization Accounts (2010-)","784","United Arab Emirates","5023","Processed","01610","Coffee, green","2010","2010","t","3763.19","E","Estimated value",""
"SCL","Supply Utilization Accounts (2010-)","784","United Arab Emirates","5023","Processed","01610","Coffee, green","2011","2011","t","5502.37","E","Estimated value",""
"SCL","Supply Utilization Accounts (2010-)","784","United Arab Emirates","5023","Processed","01610","Coffee, green","2012","2012","t","5308.57","E","Estimated value",""
"SCL","Supply Utilization Accounts (2010-)","784","United Arab Emirates","5023","Processed","01610","Coffee, green","2013","2013","t","9105.46","E","Estimated value",""
"SCL","Supply Utilization Accounts (2010-)","784","United Arab Emirates","5023","Processed","01610","Coffee, green","2014","2014","t","4754","E","Estimated value",""
"SCL","Supply Utilization Accounts (2010-)","784","United Arab Emirates","5023","Processed","01610","Coffee, green","2015","2015","t","5342.45","E","Estimated value",""
"SCL","Supply Utilization Accounts (2010-)","784","United Arab Emirates","5023","Processed","01610","Coffee, green","2016","2016","t","5428.72","E","Estimated value",""
"SCL","Supply Utilization Accounts (2010-)","784","United Arab Emirates","5023","Processed","01610","Coffee, green","2017","2017","t","11296.12","E","Estimated value",""
"SCL","Supply Utilization Accounts (2010-)","784","United Arab Emirates","5023","Processed","01610","Coffee, green","2018","2018","t","7582.33","E","Estimated value",""
"SCL","Supply Utilization Accounts (2010-)","784","United Arab Emirates","5023","Processed","01610","Coffee, green","2019","2019","t","9210.76","E","Estimated value",""
"SCL","Supply Utilization Accounts (2010-)","784","United Arab Emirates","5023","Processed","01610","Coffee, green","2020","2020","t","7996.19","E","Estimated value",""
"SCL","Supply Utilization Accounts (2010-)","784","United Arab Emirates","5023","Processed","01610","Coffee, green","2021","2021","t","10080.93","E","Estimated value",""
"SCL","Supply Utilization Accounts (2010-)","784","United Arab Emirates","5023","Processed","01610","Coffee, green","2022","2022","t","11523.31","E","Estimated value",""
"SCL","Supply Utilization Accounts (2010-)","784","United Arab Emirates","5023","Processed","01610","Coffee, green","2023","2023","t","9155.34","E","Estimated value",""
"SCL","Supply Utilization Accounts (2010-)","826","United Kingdom of Great Britain and Northern Ireland","5023","Processed","01610","Coffee, green","2010","2010","t","132640","I","Value imputed by a receiving agency",""
"SCL","Supply Utilization Accounts (2010-)","826","United Kingdom of Great Britain and Northern Ireland","5023","Processed","01610","Coffee, green","2011","2011","t","140620","I","Value imputed by a receiving agency",""
"SCL","Supply Utilization Accounts (2010-)","826","United Kingdom of Great Britain and Northern Ireland","5023","Processed","01610","Coffee, green","2012","2012","t","131738","I","Value imputed by a receiving agency",""
"SCL","Supply Utilization Accounts (2010-)","826","United Kingdom of Great Britain and Northern Ireland","5023","Processed","01610","Coffee, green","2013","2013","t","139023","I","Value imputed by a receiving agency",""
"SCL","Supply Utilization Accounts (2010-)","826","United Kingdom of Great Britain and Northern Ireland","5023","Processed","01610","Coffee, green","2014","2014","t","145979.84","E","Estimated value",""
"SCL","Supply Utilization Accounts (2010-)","826","United Kingdom of Great Britain and Northern Ireland","5023","Processed","01610","Coffee, green","2015","2015","t","162836.65","E","Estimated value",""
"SCL","Supply Utilization Accounts (2010-)","826","United Kingdom of Great Britain and Northern Ireland","5023","Processed","01610","Coffee, green","2016","2016","t","163669.23","E","Estimated value",""
"SCL","Supply Utilization Accounts (2010-)","826","United Kingdom of Great Britain and Northern Ireland","5023","Processed","01610","Coffee, green","2017","2017","t","157712.28","E","Estimated value",""
"SCL","Supply Utilization Accounts (2010-)","826","United Kingdom of Great Britain and Northern Ireland","5023","Processed","01610","Coffee, green","2018","2018","t","186894.65","E","Estimated value",""
"SCL","Supply Utilization Accounts (2010-)","826","United Kingdom of Great Britain and Northern Ireland","5023","Processed","01610","Coffee, green","2019","2019","t","178757.65","E","Estimated value",""
"SCL","Supply Utilization Accounts (2010-)","826","United Kingdom of Great Britain and Northern Ireland","5023","Processed","01610","Coffee, green","2020","2020","t","155111.11","E","Estimated value",""
"SCL","Supply Utilization Accounts (2010-)","826","United Kingdom of Great Britain and Northern Ireland","5023","Processed","01610","Coffee, green","2021","2021","t","135929","E","Estimated value",""
"SCL","Supply Utilization Accounts (2010-)","826","United Kingdom of Great Britain and Northern Ireland","5023","Processed","01610","Coffee, green","2022","2022","t","162517.16","E","Estimated value",""
"SCL","Supply Utilization Accounts (2010-)","826","United Kingdom of Great Britain and Northern Ireland","5023","Processed","01610","Coffee, green","2023","2023","t","149439.84","E","Estimated value",""
"SCL","Supply Utilization Accounts (2010-)","834","United Republic of Tanzania","5023","Processed","01610","Coffee, green","2010","2010","t","233.09","E","Estimated value",""
"SCL","Supply Utilization Accounts (2010-)","834","United Republic of Tanzania","5023","Processed","01610","Coffee, green","2011","2011","t","1249.77","E","Estimated value",""
"SCL","Supply Utilization Accounts (2010-)","834","United Republic of Tanzania","5023","Processed","01610","Coffee, green","2012","2012","t","553.73","E","Estimated value",""
"SCL","Supply Utilization Accounts (2010-)","834","United Republic of Tanzania","5023","Processed","01610","Coffee, green","2013","2013","t","458.97","E","Estimated value",""
"SCL","Supply Utilization Accounts (2010-)","834","United Republic of Tanzania","5023","Processed","01610","Coffee, green","2014","2014","t","627.51","E","Estimated value",""
"SCL","Supply Utilization Accounts (2010-)","834","United Republic of Tanzania","5023","Processed","01610","Coffee, green","2015","2015","t","0","E","Estimated value",""
"SCL","Supply Utilization Accounts (2010-)","834","United Republic of Tanzania","5023","Processed","01610","Coffee, green","2016","2016","t","541.86","E","Estimated value",""
"SCL","Supply Utilization Accounts (2010-)","834","United Republic of Tanzania","5023","Processed","01610","Coffee, green","2017","2017","t","1959.03","E","Estimated value",""
"SCL","Supply Utilization Accounts (2010-)","834","United Republic of Tanzania","5023","Processed","01610","Coffee, green","2018","2018","t","0","E","Estimated value",""
"SCL","Supply Utilization Accounts (2010-)","834","United Republic of Tanzania","5023","Processed","01610","Coffee, green","2019","2019","t","0","E","Estimated value",""
"SCL","Supply Utilization Accounts (2010-)","834","United Republic of Tanzania","5023","Processed","01610","Coffee, green","2020","2020","t","0","E","Estimated value",""
"SCL","Supply Utilization Accounts (2010-)","834","United Republic of Tanzania","5023","Processed","01610","Coffee, green","2021","2021","t","0","E","Estimated value",""
"SCL","Supply Utilization Accounts (2010-)","834","United Republic of Tanzania","5023","Processed","01610","Coffee, green","2022","2022","t","0","E","Estimated value",""
"SCL","Supply Utilization Accounts (2010-)","834","United Republic of Tanzania","5023","Processed","01610","Coffee, green","2023","2023","t","0","E","Estimated value",""
"SCL","Supply Utilization Accounts (2010-)","840","United States of America","5023","Processed","01610","Coffee, green","2010","2010","t","1244963","I","Value imputed by a receiving agency",""
"SCL","Supply Utilization Accounts (2010-)","840","United States of America","5023","Processed","01610","Coffee, green","2011","2011","t","1316154","I","Value imputed by a receiving agency",""
"SCL","Supply Utilization Accounts (2010-)","840","United States of America","5023","Processed","01610","Coffee, green","2012","2012","t","1324504","I","Value imputed by a receiving agency",""
"SCL","Supply Utilization Accounts (2010-)","840","United States of America","5023","Processed","01610","Coffee, green","2013","2013","t","1389181","I","Value imputed by a receiving agency",""
"SCL","Supply Utilization Accounts (2010-)","840","United States of America","5023","Processed","01610","Coffee, green","2014","2014","t","1378269.22","E","Estimated value",""
"SCL","Supply Utilization Accounts (2010-)","840","United States of America","5023","Processed","01610","Coffee, green","2015","2015","t","1422540.07","E","Estimated value",""
"SCL","Supply Utilization Accounts (2010-)","840","United States of America","5023","Processed","01610","Coffee, green","2016","2016","t","1474479.29","E","Estimated value",""
"SCL","Supply Utilization Accounts (2010-)","840","United States of America","5023","Processed","01610","Coffee, green","2017","2017","t","1439418.67","E","Estimated value",""
"SCL","Supply Utilization Accounts (2010-)","840","United States of America","5023","Processed","01610","Coffee, green","2018","2018","t","1508337.47","E","Estimated value",""
"SCL","Supply Utilization Accounts (2010-)","840","United States of America","5023","Processed","01610","Coffee, green","2019","2019","t","1512466.12","E","Estimated value",""
"SCL","Supply Utilization Accounts (2010-)","840","United States of America","5023","Processed","01610","Coffee, green","2020","2020","t","1457531.74","E","Estimated value",""
"SCL","Supply Utilization Accounts (2010-)","840","United States of America","5023","Processed","01610","Coffee, green","2021","2021","t","1463397.65","E","Estimated value",""
"SCL","Supply Utilization Accounts (2010-)","840","United States of America","5023","Processed","01610","Coffee, green","2022","2022","t","1434464.58","E","Estimated value",""
"SCL","Supply Utilization Accounts (2010-)","840","United States of America","5023","Processed","01610","Coffee, green","2023","2023","t","1261056.51","E","Estimated value",""
"SCL","Supply Utilization Accounts (2010-)","858","Uruguay","5023","Processed","01610","Coffee, green","2021","2021","t","1100","E","Estimated value",""
"SCL","Supply Utilization Accounts (2010-)","858","Uruguay","5023","Processed","01610","Coffee, green","2022","2022","t","1200","E","Estimated value",""
"SCL","Supply Utilization Accounts (2010-)","858","Uruguay","5023","Processed","01610","Coffee, green","2023","2023","t","1022.45","E","Estimated value",""
"SCL","Supply Utilization Accounts (2010-)","862","Venezuela (Bolivarian Republic of)","5023","Processed","01610","Coffee, green","2010","2010","t","91619.41","E","Estimated value",""
"SCL","Supply Utilization Accounts (2010-)","862","Venezuela (Bolivarian Republic of)","5023","Processed","01610","Coffee, green","2011","2011","t","87062.84","E","Estimated value",""
"SCL","Supply Utilization Accounts (2010-)","862","Venezuela (Bolivarian Republic of)","5023","Processed","01610","Coffee, green","2012","2012","t","104860.99","E","Estimated value",""
"SCL","Supply Utilization Accounts (2010-)","862","Venezuela (Bolivarian Republic of)","5023","Processed","01610","Coffee, green","2013","2013","t","84535.24","E","Estimated value",""
"SCL","Supply Utilization Accounts (2010-)","862","Venezuela (Bolivarian Republic of)","5023","Processed","01610","Coffee, green","2014","2014","t","64445","E","Estimated value",""
"SCL","Supply Utilization Accounts (2010-)","862","Venezuela (Bolivarian Republic of)","5023","Processed","01610","Coffee, green","2015","2015","t","82462","E","Estimated value",""
"SCL","Supply Utilization Accounts (2010-)","862","Venezuela (Bolivarian Republic of)","5023","Processed","01610","Coffee, green","2016","2016","t","55179","E","Estimated value",""
"SCL","Supply Utilization Accounts (2010-)","862","Venezuela (Bolivarian Republic of)","5023","Processed","01610","Coffee, green","2017","2017","t","54696","E","Estimated value",""
"SCL","Supply Utilization Accounts (2010-)","862","Venezuela (Bolivarian Republic of)","5023","Processed","01610","Coffee, green","2018","2018","t","57485","E","Estimated value",""
"SCL","Supply Utilization Accounts (2010-)","862","Venezuela (Bolivarian Republic of)","5023","Processed","01610","Coffee, green","2019","2019","t","54462","E","Estimated value",""
"SCL","Supply Utilization Accounts (2010-)","862","Venezuela (Bolivarian Republic of)","5023","Processed","01610","Coffee, green","2020","2020","t","51820","E","Estimated value",""
"SCL","Supply Utilization Accounts (2010-)","862","Venezuela (Bolivarian Republic of)","5023","Processed","01610","Coffee, green","2021","2021","t","51350","E","Estimated value",""
"SCL","Supply Utilization Accounts (2010-)","862","Venezuela (Bolivarian Republic of)","5023","Processed","01610","Coffee, green","2022","2022","t","55640","E","Estimated value",""
"SCL","Supply Utilization Accounts (2010-)","862","Venezuela (Bolivarian Republic of)","5023","Processed","01610","Coffee, green","2023","2023","t","57640","E","Estimated value",""
"SCL","Supply Utilization Accounts (2010-)","704","Viet Nam","5023","Processed","01610","Coffee, green","2010","2010","t","0","E","Estimated value",""
"SCL","Supply Utilization Accounts (2010-)","704","Viet Nam","5023","Processed","01610","Coffee, green","2011","2011","t","0","E","Estimated value",""
"SCL","Supply Utilization Accounts (2010-)","704","Viet Nam","5023","Processed","01610","Coffee, green","2012","2012","t","0","E","Estimated value",""
"SCL","Supply Utilization Accounts (2010-)","704","Viet Nam","5023","Processed","01610","Coffee, green","2013","2013","t","0","E","Estimated value",""
"SCL","Supply Utilization Accounts (2010-)","704","Viet Nam","5023","Processed","01610","Coffee, green","2014","2014","t","0","E","Estimated value",""
"SCL","Supply Utilization Accounts (2010-)","704","Viet Nam","5023","Processed","01610","Coffee, green","2015","2015","t","0","E","Estimated value",""
"SCL","Supply Utilization Accounts (2010-)","704","Viet Nam","5023","Processed","01610","Coffee, green","2016","2016","t","0","E","Estimated value",""
"SCL","Supply Utilization Accounts (2010-)","704","Viet Nam","5023","Processed","01610","Coffee, green","2017","2017","t","0","E","Estimated value",""
"SCL","Supply Utilization Accounts (2010-)","704","Viet Nam","5023","Processed","01610","Coffee, green","2018","2018","t","0","E","Estimated value",""
"SCL","Supply Utilization Accounts (2010-)","704","Viet Nam","5023","Processed","01610","Coffee, green","2019","2019","t","210000","E","Estimated value",""
"SCL","Supply Utilization Accounts (2010-)","704","Viet Nam","5023","Processed","01610","Coffee, green","2020","2020","t","0","E","Estimated value",""
"SCL","Supply Utilization Accounts (2010-)","704","Viet Nam","5023","Processed","01610","Coffee, green","2021","2021","t","350000","E","Estimated value",""
"SCL","Supply Utilization Accounts (2010-)","704","Viet Nam","5023","Processed","01610","Coffee, green","2022","2022","t","300000","E","Estimated value",""
"SCL","Supply Utilization Accounts (2010-)","704","Viet Nam","5023","Processed","01610","Coffee, green","2023","2023","t","350000","E","Estimated value",""
"SCL","Supply Utilization Accounts (2010-)","887","Yemen","5023","Processed","01610","Coffee, green","2010","2010","t","15464.65","E","Estimated value",""
"SCL","Supply Utilization Accounts (2010-)","887","Yemen","5023","Processed","01610","Coffee, green","2011","2011","t","15782.55","E","Estimated value",""
"SCL","Supply Utilization Accounts (2010-)","887","Yemen","5023","Processed","01610","Coffee, green","2012","2012","t","15845.38","E","Estimated value",""
"SCL","Supply Utilization Accounts (2010-)","887","Yemen","5023","Processed","01610","Coffee, green","2013","2013","t","16303.95","E","Estimated value",""
"SCL","Supply Utilization Accounts (2010-)","887","Yemen","5023","Processed","01610","Coffee, green","2014","2014","t","15029.98","E","Estimated value",""
"SCL","Supply Utilization Accounts (2010-)","887","Yemen","5023","Processed","01610","Coffee, green","2015","2015","t","15924.37","E","Estimated value",""
"SCL","Supply Utilization Accounts (2010-)","887","Yemen","5023","Processed","01610","Coffee, green","2016","2016","t","16176.85","E","Estimated value",""
"SCL","Supply Utilization Accounts (2010-)","887","Yemen","5023","Processed","01610","Coffee, green","2017","2017","t","15435.34","E","Estimated value",""
"SCL","Supply Utilization Accounts (2010-)","887","Yemen","5023","Processed","01610","Coffee, green","2018","2018","t","15307.06","E","Estimated value",""
"SCL","Supply Utilization Accounts (2010-)","887","Yemen","5023","Processed","01610","Coffee, green","2019","2019","t","17629.41","E","Estimated value",""
"SCL","Supply Utilization Accounts (2010-)","887","Yemen","5023","Processed","01610","Coffee, green","2020","2020","t","21374.03","E","Estimated value",""
"SCL","Supply Utilization Accounts (2010-)","887","Yemen","5023","Processed","01610","Coffee, green","2021","2021","t","40141.06","E","Estimated value",""
"SCL","Supply Utilization Accounts (2010-)","887","Yemen","5023","Processed","01610","Coffee, green","2022","2022","t","34960.43","E","Estimated value",""
"SCL","Supply Utilization Accounts (2010-)","887","Yemen","5023","Processed","01610","Coffee, green","2023","2023","t","28383.44","E","Estimated value",""
"SCL","Supply Utilization Accounts (2010-)","894","Zambia","5023","Processed","01610","Coffee, green","2010","2010","t","126.37","E","Estimated value",""
"SCL","Supply Utilization Accounts (2010-)","894","Zambia","5023","Processed","01610","Coffee, green","2011","2011","t","128.59","E","Estimated value",""
"SCL","Supply Utilization Accounts (2010-)","894","Zambia","5023","Processed","01610","Coffee, green","2012","2012","t","131.82","E","Estimated value",""
"SCL","Supply Utilization Accounts (2010-)","894","Zambia","5023","Processed","01610","Coffee, green","2013","2013","t","132.63","E","Estimated value",""
"SCL","Supply Utilization Accounts (2010-)","894","Zambia","5023","Processed","01610","Coffee, green","2014","2014","t","148.71","E","Estimated value",""
"SCL","Supply Utilization Accounts (2010-)","894","Zambia","5023","Processed","01610","Coffee, green","2015","2015","t","146.58","E","Estimated value",""
"SCL","Supply Utilization Accounts (2010-)","894","Zambia","5023","Processed","01610","Coffee, green","2016","2016","t","142.38","E","Estimated value",""
"SCL","Supply Utilization Accounts (2010-)","894","Zambia","5023","Processed","01610","Coffee, green","2017","2017","t","1514.84","E","Estimated value",""
"SCL","Supply Utilization Accounts (2010-)","894","Zambia","5023","Processed","01610","Coffee, green","2018","2018","t","5150.47","E","Estimated value",""
"SCL","Supply Utilization Accounts (2010-)","894","Zambia","5023","Processed","01610","Coffee, green","2019","2019","t","2018.39","E","Estimated value",""
"SCL","Supply Utilization Accounts (2010-)","894","Zambia","5023","Processed","01610","Coffee, green","2020","2020","t","2272.55","E","Estimated value",""
"SCL","Supply Utilization Accounts (2010-)","894","Zambia","5023","Processed","01610","Coffee, green","2021","2021","t","2644.87","E","Estimated value",""
"SCL","Supply Utilization Accounts (2010-)","894","Zambia","5023","Processed","01610","Coffee, green","2022","2022","t","1851.61","E","Estimated value",""
"SCL","Supply Utilization Accounts (2010-)","894","Zambia","5023","Processed","01610","Coffee, green","2023","2023","t","1593.98","E","Estimated value",""
"SCL","Supply Utilization Accounts (2010-)","716","Zimbabwe","5023","Processed","01610","Coffee, green","2010","2010","t","514.63","E","Estimated value",""
"SCL","Supply Utilization Accounts (2010-)","716","Zimbabwe","5023","Processed","01610","Coffee, green","2011","2011","t","145.15","E","Estimated value",""
"SCL","Supply Utilization Accounts (2010-)","716","Zimbabwe","5023","Processed","01610","Coffee, green","2012","2012","t","336.49","E","Estimated value",""
"SCL","Supply Utilization Accounts (2010-)","716","Zimbabwe","5023","Processed","01610","Coffee, green","2013","2013","t","579.7","E","Estimated value",""
"SCL","Supply Utilization Accounts (2010-)","716","Zimbabwe","5023","Processed","01610","Coffee, green","2014","2014","t","49.59","E","Estimated value",""
"SCL","Supply Utilization Accounts (2010-)","716","Zimbabwe","5023","Processed","01610","Coffee, green","2015","2015","t","57.64","E","Estimated value",""
"SCL","Supply Utilization Accounts (2010-)","716","Zimbabwe","5023","Processed","01610","Coffee, green","2016","2016","t","31.75","E","Estimated value",""
"SCL","Supply Utilization Accounts (2010-)","716","Zimbabwe","5023","Processed","01610","Coffee, green","2017","2017","t","430.11","E","Estimated value",""
"SCL","Supply Utilization Accounts (2010-)","716","Zimbabwe","5023","Processed","01610","Coffee, green","2018","2018","t","259.55","E","Estimated value",""
"SCL","Supply Utilization Accounts (2010-)","716","Zimbabwe","5023","Processed","01610","Coffee, green","2019","2019","t","177.17","E","Estimated value",""
"SCL","Supply Utilization Accounts (2010-)","716","Zimbabwe","5023","Processed","01610","Coffee, green","2020","2020","t","303.61","E","Estimated value",""
"SCL","Supply Utilization Accounts (2010-)","716","Zimbabwe","5023","Processed","01610","Coffee, green","2021","2021","t","383.92","E","Estimated value",""
"SCL","Supply Utilization Accounts (2010-)","716","Zimbabwe","5023","Processed","01610","Coffee, green","2022","2022","t","505.9","E","Estimated value",""
"SCL","Supply Utilization Accounts (2010-)","716","Zimbabwe","5023","Processed","01610","Coffee, green","2023","2023","t","561.91","E","Estimated value",""
